--------------------------------------------------------
--  파일이 생성됨 - 수요일-4월-16-2025   
--------------------------------------------------------
--------------------------------------------------------
--  DDL for Table ANIMAL_HOSPITAL_INFO
--------------------------------------------------------

  CREATE TABLE "SYSTEM"."ANIMAL_HOSPITAL_INFO" 
   (	"HOSPITAL_NO" NUMBER(11,8), 
	"HOS_NAME" VARCHAR2(100 BYTE), 
	"HOS_ADDRESS" VARCHAR2(500 BYTE), 
	"NX" VARCHAR2(50 BYTE), 
	"PHONE" VARCHAR2(30 BYTE), 
	"NY" VARCHAR2(50 BYTE)
   ) SEGMENT CREATION IMMEDIATE 
  PCTFREE 10 PCTUSED 40 INITRANS 1 MAXTRANS 255 
 NOCOMPRESS LOGGING
  STORAGE(INITIAL 65536 NEXT 1048576 MINEXTENTS 1 MAXEXTENTS 2147483645
  PCTINCREASE 0 FREELISTS 1 FREELIST GROUPS 1
  BUFFER_POOL DEFAULT FLASH_CACHE DEFAULT CELL_FLASH_CACHE DEFAULT)
  TABLESPACE "USERS" ;
--------------------------------------------------------
--  DDL for Table AREA
--------------------------------------------------------

  CREATE TABLE "SYSTEM"."AREA" 
   (	"SI" VARCHAR2(100 BYTE), 
	"GU" VARCHAR2(100 BYTE), 
	"DONG" VARCHAR2(100 BYTE), 
	"NY" VARCHAR2(20 BYTE), 
	"NX" VARCHAR2(20 BYTE)
   ) SEGMENT CREATION IMMEDIATE 
  PCTFREE 10 PCTUSED 40 INITRANS 1 MAXTRANS 255 
 NOCOMPRESS LOGGING
  STORAGE(INITIAL 65536 NEXT 1048576 MINEXTENTS 1 MAXEXTENTS 2147483645
  PCTINCREASE 0 FREELISTS 1 FREELIST GROUPS 1
  BUFFER_POOL DEFAULT FLASH_CACHE DEFAULT CELL_FLASH_CACHE DEFAULT)
  TABLESPACE "USERS" ;
--------------------------------------------------------
--  DDL for Table CART
--------------------------------------------------------

  CREATE TABLE "SYSTEM"."CART" 
   (	"CART_ID" NUMBER, 
	"CREATED_AT" TIMESTAMP (6), 
	"SESSION_ID" VARCHAR2(255 BYTE), 
	"USER_ID" VARCHAR2(20 BYTE)
   ) SEGMENT CREATION IMMEDIATE 
  PCTFREE 10 PCTUSED 40 INITRANS 1 MAXTRANS 255 
 NOCOMPRESS LOGGING
  STORAGE(INITIAL 65536 NEXT 1048576 MINEXTENTS 1 MAXEXTENTS 2147483645
  PCTINCREASE 0 FREELISTS 1 FREELIST GROUPS 1
  BUFFER_POOL DEFAULT FLASH_CACHE DEFAULT CELL_FLASH_CACHE DEFAULT)
  TABLESPACE "USERS" ;
--------------------------------------------------------
--  DDL for Table CART_ITEM
--------------------------------------------------------

  CREATE TABLE "SYSTEM"."CART_ITEM" 
   (	"CART_ITEM_ID" NUMBER, 
	"QUANTITY" NUMBER, 
	"CART_ID" NUMBER, 
	"PRODUCT_ID" NUMBER, 
	"CHECK_YN" VARCHAR2(1 BYTE) DEFAULT 'N'
   ) SEGMENT CREATION IMMEDIATE 
  PCTFREE 10 PCTUSED 40 INITRANS 1 MAXTRANS 255 
 NOCOMPRESS LOGGING
  STORAGE(INITIAL 65536 NEXT 1048576 MINEXTENTS 1 MAXEXTENTS 2147483645
  PCTINCREASE 0 FREELISTS 1 FREELIST GROUPS 1
  BUFFER_POOL DEFAULT FLASH_CACHE DEFAULT CELL_FLASH_CACHE DEFAULT)
  TABLESPACE "USERS" ;
--------------------------------------------------------
--  DDL for Table CATEGORY_MENU
--------------------------------------------------------

  CREATE TABLE "SYSTEM"."CATEGORY_MENU" 
   (	"CATEGORY_ID" NUMBER, 
	"PARENT_ID" NUMBER, 
	"CATEGORY_NAME" VARCHAR2(200 BYTE), 
	"MENU_URL" VARCHAR2(500 BYTE) DEFAULT 'javascript:;', 
	"DEL" VARCHAR2(1 BYTE) DEFAULT 'N', 
	"DEPTH" NUMBER
   ) SEGMENT CREATION IMMEDIATE 
  PCTFREE 10 PCTUSED 40 INITRANS 1 MAXTRANS 255 
 NOCOMPRESS LOGGING
  STORAGE(INITIAL 65536 NEXT 1048576 MINEXTENTS 1 MAXEXTENTS 2147483645
  PCTINCREASE 0 FREELISTS 1 FREELIST GROUPS 1
  BUFFER_POOL DEFAULT FLASH_CACHE DEFAULT CELL_FLASH_CACHE DEFAULT)
  TABLESPACE "USERS" ;
--------------------------------------------------------
--  DDL for Table COUPON
--------------------------------------------------------

  CREATE TABLE "SYSTEM"."COUPON" 
   (	"COUPON_ID" NUMBER, 
	"SERIAL_NUMBER" VARCHAR2(50 BYTE), 
	"COUPON_NAME" VARCHAR2(100 BYTE), 
	"CREATED_AT" DATE, 
	"USED_DATE" DATE, 
	"EXPIRATION_DATE" DATE, 
	"DISCOUNT_RATE" NUMBER, 
	"MINIMUM_SPEND" NUMBER, 
	"MAX_DISCOUNT_AMOUNT" NUMBER, 
	"USER_ID" VARCHAR2(30 BYTE), 
	"IMG_URL" VARCHAR2(1000 BYTE)
   ) SEGMENT CREATION IMMEDIATE 
  PCTFREE 10 PCTUSED 40 INITRANS 1 MAXTRANS 255 
 NOCOMPRESS LOGGING
  STORAGE(INITIAL 65536 NEXT 1048576 MINEXTENTS 1 MAXEXTENTS 2147483645
  PCTINCREASE 0 FREELISTS 1 FREELIST GROUPS 1
  BUFFER_POOL DEFAULT FLASH_CACHE DEFAULT CELL_FLASH_CACHE DEFAULT)
  TABLESPACE "USERS" ;
--------------------------------------------------------
--  DDL for Table DONATION_CENTER
--------------------------------------------------------

  CREATE TABLE "SYSTEM"."DONATION_CENTER" 
   (	"CENTER_ID" NUMBER, 
	"CENTER_NAME" VARCHAR2(255 BYTE), 
	"ADDRESS" VARCHAR2(500 BYTE), 
	"TEL" VARCHAR2(20 BYTE), 
	"WEBSITE_URL" VARCHAR2(500 BYTE), 
	"DESCRIPTION" CLOB, 
	"IMAGE_URL" VARCHAR2(500 BYTE)
   ) SEGMENT CREATION IMMEDIATE 
  PCTFREE 10 PCTUSED 40 INITRANS 1 MAXTRANS 255 
 NOCOMPRESS LOGGING
  STORAGE(INITIAL 65536 NEXT 1048576 MINEXTENTS 1 MAXEXTENTS 2147483645
  PCTINCREASE 0 FREELISTS 1 FREELIST GROUPS 1
  BUFFER_POOL DEFAULT FLASH_CACHE DEFAULT CELL_FLASH_CACHE DEFAULT)
  TABLESPACE "USERS" 
 LOB ("DESCRIPTION") STORE AS SECUREFILE (
  TABLESPACE "USERS" ENABLE STORAGE IN ROW CHUNK 8192
  NOCACHE LOGGING  NOCOMPRESS  KEEP_DUPLICATES 
  STORAGE(INITIAL 106496 NEXT 1048576 MINEXTENTS 1 MAXEXTENTS 2147483645
  PCTINCREASE 0
  BUFFER_POOL DEFAULT FLASH_CACHE DEFAULT CELL_FLASH_CACHE DEFAULT)) ;
--------------------------------------------------------
--  DDL for Table DONATION_HISTORY
--------------------------------------------------------

  CREATE TABLE "SYSTEM"."DONATION_HISTORY" 
   (	"DONATION_ID" NUMBER, 
	"CENTER_ID" NUMBER, 
	"AMOUNT" NUMBER, 
	"DONATION_DATE" TIMESTAMP (6), 
	"MESSAGE" VARCHAR2(500 BYTE), 
	"USER_ID" VARCHAR2(32 BYTE), 
	"ANONYMOUS_YN" VARCHAR2(20 BYTE) DEFAULT 'N'
   ) SEGMENT CREATION IMMEDIATE 
  PCTFREE 10 PCTUSED 40 INITRANS 1 MAXTRANS 255 
 NOCOMPRESS LOGGING
  STORAGE(INITIAL 65536 NEXT 1048576 MINEXTENTS 1 MAXEXTENTS 2147483645
  PCTINCREASE 0 FREELISTS 1 FREELIST GROUPS 1
  BUFFER_POOL DEFAULT FLASH_CACHE DEFAULT CELL_FLASH_CACHE DEFAULT)
  TABLESPACE "USERS" ;

   COMMENT ON COLUMN "SYSTEM"."DONATION_HISTORY"."ANONYMOUS_YN" IS '익명후원여부';
--------------------------------------------------------
--  DDL for Table FAVORITES
--------------------------------------------------------

  CREATE TABLE "SYSTEM"."FAVORITES" 
   (	"FAVORITE_ID" NUMBER, 
	"HOSPITAL_NO" NUMBER, 
	"CREATED_AT" DATE DEFAULT SYSDATE, 
	"USER_ID" VARCHAR2(32 BYTE), 
	"PARTNER_DETAIL_ID" NUMBER
   ) SEGMENT CREATION IMMEDIATE 
  PCTFREE 10 PCTUSED 40 INITRANS 1 MAXTRANS 255 
 NOCOMPRESS LOGGING
  STORAGE(INITIAL 65536 NEXT 1048576 MINEXTENTS 1 MAXEXTENTS 2147483645
  PCTINCREASE 0 FREELISTS 1 FREELIST GROUPS 1
  BUFFER_POOL DEFAULT FLASH_CACHE DEFAULT CELL_FLASH_CACHE DEFAULT)
  TABLESPACE "USERS" ;

   COMMENT ON COLUMN "SYSTEM"."FAVORITES"."HOSPITAL_NO" IS '동물병원 번호';
--------------------------------------------------------
--  DDL for Table FREE_BOARD
--------------------------------------------------------

  CREATE TABLE "SYSTEM"."FREE_BOARD" 
   (	"BOARD_ID" NUMBER, 
	"TITLE" VARCHAR2(255 BYTE), 
	"CONTENT" CLOB, 
	"CREATED_AT" TIMESTAMP (6), 
	"UPDATED_AT" TIMESTAMP (6), 
	"DISLIKES" NUMBER, 
	"LIKES" NUMBER, 
	"IS_SECRET" CHAR(1 BYTE) DEFAULT 'N', 
	"IS_DELETED" CHAR(1 BYTE) DEFAULT 'N', 
	"CATEGORY" VARCHAR2(100 BYTE), 
	"USER_ID" VARCHAR2(50 BYTE), 
	"CNT" NUMBER(*,0), 
	"MENU" VARCHAR2(30 BYTE)
   ) SEGMENT CREATION IMMEDIATE 
  PCTFREE 10 PCTUSED 40 INITRANS 1 MAXTRANS 255 
 NOCOMPRESS LOGGING
  STORAGE(INITIAL 65536 NEXT 1048576 MINEXTENTS 1 MAXEXTENTS 2147483645
  PCTINCREASE 0 FREELISTS 1 FREELIST GROUPS 1
  BUFFER_POOL DEFAULT FLASH_CACHE DEFAULT CELL_FLASH_CACHE DEFAULT)
  TABLESPACE "USERS" 
 LOB ("CONTENT") STORE AS SECUREFILE (
  TABLESPACE "USERS" ENABLE STORAGE IN ROW CHUNK 8192
  NOCACHE LOGGING  NOCOMPRESS  KEEP_DUPLICATES 
  STORAGE(INITIAL 106496 NEXT 1048576 MINEXTENTS 1 MAXEXTENTS 2147483645
  PCTINCREASE 0
  BUFFER_POOL DEFAULT FLASH_CACHE DEFAULT CELL_FLASH_CACHE DEFAULT)) ;
--------------------------------------------------------
--  DDL for Table FREE_BOARD_COMMENT
--------------------------------------------------------

  CREATE TABLE "SYSTEM"."FREE_BOARD_COMMENT" 
   (	"COMMENT_ID" NUMBER, 
	"BOARD_ID" NUMBER, 
	"USER_ID" VARCHAR2(30 BYTE), 
	"PARENT_COMMENT_ID" NUMBER, 
	"CONTENT" CLOB, 
	"CREATED_AT" TIMESTAMP (6), 
	"UPDATED_AT" TIMESTAMP (6), 
	"IS_DELETED" CHAR(1 BYTE) DEFAULT 'N'
   ) SEGMENT CREATION IMMEDIATE 
  PCTFREE 10 PCTUSED 40 INITRANS 1 MAXTRANS 255 
 NOCOMPRESS LOGGING
  STORAGE(INITIAL 65536 NEXT 1048576 MINEXTENTS 1 MAXEXTENTS 2147483645
  PCTINCREASE 0 FREELISTS 1 FREELIST GROUPS 1
  BUFFER_POOL DEFAULT FLASH_CACHE DEFAULT CELL_FLASH_CACHE DEFAULT)
  TABLESPACE "USERS" 
 LOB ("CONTENT") STORE AS SECUREFILE (
  TABLESPACE "USERS" ENABLE STORAGE IN ROW CHUNK 8192
  NOCACHE LOGGING  NOCOMPRESS  KEEP_DUPLICATES 
  STORAGE(INITIAL 106496 NEXT 1048576 MINEXTENTS 1 MAXEXTENTS 2147483645
  PCTINCREASE 0
  BUFFER_POOL DEFAULT FLASH_CACHE DEFAULT CELL_FLASH_CACHE DEFAULT)) ;
--------------------------------------------------------
--  DDL for Table FREE_BOARD_FILE
--------------------------------------------------------

  CREATE TABLE "SYSTEM"."FREE_BOARD_FILE" 
   (	"FILE_ID" NUMBER, 
	"BOARD_ID" NUMBER, 
	"FILE_NAME" VARCHAR2(255 BYTE), 
	"FILE_PATH" VARCHAR2(500 BYTE), 
	"ORIGINAL_NAME" VARCHAR2(255 BYTE), 
	"FILE_EXT" VARCHAR2(10 BYTE), 
	"CREATED_AT" DATE, 
	"FILE_SIZE" NUMBER
   ) SEGMENT CREATION IMMEDIATE 
  PCTFREE 10 PCTUSED 40 INITRANS 1 MAXTRANS 255 
 NOCOMPRESS LOGGING
  STORAGE(INITIAL 65536 NEXT 1048576 MINEXTENTS 1 MAXEXTENTS 2147483645
  PCTINCREASE 0 FREELISTS 1 FREELIST GROUPS 1
  BUFFER_POOL DEFAULT FLASH_CACHE DEFAULT CELL_FLASH_CACHE DEFAULT)
  TABLESPACE "USERS" ;
--------------------------------------------------------
--  DDL for Table FREE_BOARD_LIKE_LOG
--------------------------------------------------------

  CREATE TABLE "SYSTEM"."FREE_BOARD_LIKE_LOG" 
   (	"BOARD_ID" NUMBER, 
	"USER_ID" VARCHAR2(50 BYTE), 
	"STATUS" VARCHAR2(10 BYTE)
   ) SEGMENT CREATION IMMEDIATE 
  PCTFREE 10 PCTUSED 40 INITRANS 1 MAXTRANS 255 
 NOCOMPRESS LOGGING
  STORAGE(INITIAL 65536 NEXT 1048576 MINEXTENTS 1 MAXEXTENTS 2147483645
  PCTINCREASE 0 FREELISTS 1 FREELIST GROUPS 1
  BUFFER_POOL DEFAULT FLASH_CACHE DEFAULT CELL_FLASH_CACHE DEFAULT)
  TABLESPACE "USERS" ;
--------------------------------------------------------
--  DDL for Table MEMBERSHIP
--------------------------------------------------------

  CREATE TABLE "SYSTEM"."MEMBERSHIP" 
   (	"MEMBERSHIP_ID" NUMBER, 
	"MEMBERSHIP_TYPE" VARCHAR2(500 BYTE), 
	"EXPIRATION_DATE" DATE, 
	"RENEWAL_DATE" DATE, 
	"IS_CANCELED" CHAR(1 BYTE) DEFAULT 'N', 
	"USER_ID" VARCHAR2(32 BYTE), 
	"DONATION_YN" VARCHAR2(20 BYTE) DEFAULT 'N'
   ) SEGMENT CREATION IMMEDIATE 
  PCTFREE 10 PCTUSED 40 INITRANS 1 MAXTRANS 255 
 NOCOMPRESS LOGGING
  STORAGE(INITIAL 65536 NEXT 1048576 MINEXTENTS 1 MAXEXTENTS 2147483645
  PCTINCREASE 0 FREELISTS 1 FREELIST GROUPS 1
  BUFFER_POOL DEFAULT FLASH_CACHE DEFAULT CELL_FLASH_CACHE DEFAULT)
  TABLESPACE "USERS" ;

   COMMENT ON COLUMN "SYSTEM"."MEMBERSHIP"."EXPIRATION_DATE" IS '멤버십 유효기간';
   COMMENT ON COLUMN "SYSTEM"."MEMBERSHIP"."RENEWAL_DATE" IS '멤버십 갱신날짜-시작날짜';
   COMMENT ON COLUMN "SYSTEM"."MEMBERSHIP"."IS_CANCELED" IS '멤버십 취소';
   COMMENT ON COLUMN "SYSTEM"."MEMBERSHIP"."DONATION_YN" IS '멤버십 후원 사용여부';
--------------------------------------------------------
--  DDL for Table NOTICES_BOARD
--------------------------------------------------------

  CREATE TABLE "SYSTEM"."NOTICES_BOARD" 
   (	"BOARD_ID" NUMBER, 
	"TITLE" VARCHAR2(255 BYTE), 
	"CONTENT" CLOB, 
	"CREATED_AT" DATE, 
	"UPDATED_AT" DATE, 
	"VIEW_COUNT" NUMBER, 
	"DISLIKES" NUMBER, 
	"LIKES" NUMBER, 
	"IS_SECRET" CHAR(1 BYTE) DEFAULT 'N', 
	"IS_DELETED" CHAR(1 BYTE) DEFAULT 'N', 
	"CATEGORY" VARCHAR2(100 BYTE), 
	"CNT" LONG DEFAULT 0, 
	"USER_ID" VARCHAR2(30 BYTE)
   ) SEGMENT CREATION IMMEDIATE 
  PCTFREE 10 PCTUSED 40 INITRANS 1 MAXTRANS 255 
 NOCOMPRESS LOGGING
  STORAGE(INITIAL 65536 NEXT 1048576 MINEXTENTS 1 MAXEXTENTS 2147483645
  PCTINCREASE 0 FREELISTS 1 FREELIST GROUPS 1
  BUFFER_POOL DEFAULT FLASH_CACHE DEFAULT CELL_FLASH_CACHE DEFAULT)
  TABLESPACE "USERS" 
 LOB ("CONTENT") STORE AS SECUREFILE (
  TABLESPACE "USERS" ENABLE STORAGE IN ROW CHUNK 8192
  NOCACHE LOGGING  NOCOMPRESS  KEEP_DUPLICATES 
  STORAGE(INITIAL 106496 NEXT 1048576 MINEXTENTS 1 MAXEXTENTS 2147483645
  PCTINCREASE 0
  BUFFER_POOL DEFAULT FLASH_CACHE DEFAULT CELL_FLASH_CACHE DEFAULT)) ;
--------------------------------------------------------
--  DDL for Table NOTICES_BOARD_FILE
--------------------------------------------------------

  CREATE TABLE "SYSTEM"."NOTICES_BOARD_FILE" 
   (	"FILE_ID" NUMBER, 
	"FILE_NAME" VARCHAR2(255 BYTE), 
	"FILE_PATH" VARCHAR2(500 BYTE), 
	"ORIGINAL_NAME" VARCHAR2(255 BYTE), 
	"FILE_EXT" VARCHAR2(10 BYTE), 
	"CREATED_AT" DATE, 
	"FILE_SIZE" NUMBER, 
	"BOARD_ID" NUMBER
   ) SEGMENT CREATION IMMEDIATE 
  PCTFREE 10 PCTUSED 40 INITRANS 1 MAXTRANS 255 
 NOCOMPRESS LOGGING
  STORAGE(INITIAL 65536 NEXT 1048576 MINEXTENTS 1 MAXEXTENTS 2147483645
  PCTINCREASE 0 FREELISTS 1 FREELIST GROUPS 1
  BUFFER_POOL DEFAULT FLASH_CACHE DEFAULT CELL_FLASH_CACHE DEFAULT)
  TABLESPACE "USERS" ;
--------------------------------------------------------
--  DDL for Table NOTIFICATIONS
--------------------------------------------------------

  CREATE TABLE "SYSTEM"."NOTIFICATIONS" 
   (	"ID" NUMBER, 
	"MESSAGE" VARCHAR2(400 BYTE), 
	"BOARD_ID" NUMBER, 
	"VET_BOARD_ID" NUMBER, 
	"ORDER_ID" NUMBER, 
	"QNA_ID" NUMBER, 
	"READ_YN" CHAR(1 BYTE) DEFAULT 'N', 
	"CREATED_AT" DATE DEFAULT SYSDATE, 
	"PARENT_COMMENT_ID" NUMBER, 
	"REVIEW_ID" NUMBER, 
	"PRODUCT_ID" NUMBER, 
	"COMMENT_ID" NUMBER
   ) SEGMENT CREATION IMMEDIATE 
  PCTFREE 10 PCTUSED 40 INITRANS 1 MAXTRANS 255 
 NOCOMPRESS LOGGING
  STORAGE(INITIAL 65536 NEXT 1048576 MINEXTENTS 1 MAXEXTENTS 2147483645
  PCTINCREASE 0 FREELISTS 1 FREELIST GROUPS 1
  BUFFER_POOL DEFAULT FLASH_CACHE DEFAULT CELL_FLASH_CACHE DEFAULT)
  TABLESPACE "USERS" ;
--------------------------------------------------------
--  DDL for Table ORDER_DETAILS
--------------------------------------------------------

  CREATE TABLE "SYSTEM"."ORDER_DETAILS" 
   (	"ORDER_DETAIL_ID" NUMBER, 
	"PRODUCT_ID" NUMBER, 
	"QUANTITY" NUMBER, 
	"PRICE" NUMBER, 
	"ORDER_ID" NUMBER, 
	"TRACKING_NUMBER" VARCHAR2(50 BYTE), 
	"REFUND_REQUEST_DATE" DATE, 
	"RETURN_DATE" DATE, 
	"REFUND_REASON" VARCHAR2(200 BYTE), 
	"REFUND_REASON_DETAIL" VARCHAR2(500 BYTE), 
	"REFUND_STATUS" VARCHAR2(30 BYTE) DEFAULT 'none'
   ) SEGMENT CREATION IMMEDIATE 
  PCTFREE 10 PCTUSED 40 INITRANS 1 MAXTRANS 255 
 NOCOMPRESS LOGGING
  STORAGE(INITIAL 65536 NEXT 1048576 MINEXTENTS 1 MAXEXTENTS 2147483645
  PCTINCREASE 0 FREELISTS 1 FREELIST GROUPS 1
  BUFFER_POOL DEFAULT FLASH_CACHE DEFAULT CELL_FLASH_CACHE DEFAULT)
  TABLESPACE "USERS" ;

   COMMENT ON COLUMN "SYSTEM"."ORDER_DETAILS"."PRICE" IS '수량*가격';
   COMMENT ON COLUMN "SYSTEM"."ORDER_DETAILS"."TRACKING_NUMBER" IS '운송장번호';
   COMMENT ON COLUMN "SYSTEM"."ORDER_DETAILS"."REFUND_REQUEST_DATE" IS '요청일';
   COMMENT ON COLUMN "SYSTEM"."ORDER_DETAILS"."RETURN_DATE" IS '완료일';
   COMMENT ON COLUMN "SYSTEM"."ORDER_DETAILS"."REFUND_REASON" IS '요청사유';
   COMMENT ON COLUMN "SYSTEM"."ORDER_DETAILS"."REFUND_REASON_DETAIL" IS '상세사유';
   COMMENT ON COLUMN "SYSTEM"."ORDER_DETAILS"."REFUND_STATUS" IS '반품,교환,완료';
--------------------------------------------------------
--  DDL for Table ORDERS
--------------------------------------------------------

  CREATE TABLE "SYSTEM"."ORDERS" 
   (	"ORDER_ID" NUMBER, 
	"TOTAL_PRICE" NUMBER, 
	"ORDER_STATUS" VARCHAR2(50 BYTE) DEFAULT 'paid', 
	"ORDERED_AT" DATE, 
	"USER_ID" VARCHAR2(20 BYTE), 
	"RECEIVER_NAME" VARCHAR2(20 BYTE), 
	"RECEIVER_PHONE" VARCHAR2(20 BYTE), 
	"RECEIVER_ADDR" VARCHAR2(500 BYTE), 
	"PAYMENT_METHOD" VARCHAR2(100 BYTE), 
	"REFUND_STATUS" VARCHAR2(20 BYTE) DEFAULT 'N', 
	"DELIVERY_MESSAGE" VARCHAR2(200 BYTE), 
	"UPDATED_AT" DATE, 
	"REFUND_REQUEST_DATE" DATE
   ) SEGMENT CREATION IMMEDIATE 
  PCTFREE 10 PCTUSED 40 INITRANS 1 MAXTRANS 255 
 NOCOMPRESS LOGGING
  STORAGE(INITIAL 65536 NEXT 1048576 MINEXTENTS 1 MAXEXTENTS 2147483645
  PCTINCREASE 0 FREELISTS 1 FREELIST GROUPS 1
  BUFFER_POOL DEFAULT FLASH_CACHE DEFAULT CELL_FLASH_CACHE DEFAULT)
  TABLESPACE "USERS" ;

   COMMENT ON COLUMN "SYSTEM"."ORDERS"."TOTAL_PRICE" IS '총 금액';
   COMMENT ON COLUMN "SYSTEM"."ORDERS"."ORDER_STATUS" IS '주문상태';
   COMMENT ON COLUMN "SYSTEM"."ORDERS"."ORDERED_AT" IS '주문일시';
   COMMENT ON COLUMN "SYSTEM"."ORDERS"."USER_ID" IS '주문자 ID';
   COMMENT ON COLUMN "SYSTEM"."ORDERS"."RECEIVER_NAME" IS '받는사람 이름';
   COMMENT ON COLUMN "SYSTEM"."ORDERS"."RECEIVER_PHONE" IS '받는사람 휴대폰번호';
   COMMENT ON COLUMN "SYSTEM"."ORDERS"."RECEIVER_ADDR" IS '받는사람 주소';
   COMMENT ON COLUMN "SYSTEM"."ORDERS"."PAYMENT_METHOD" IS '결제수단';
   COMMENT ON COLUMN "SYSTEM"."ORDERS"."REFUND_STATUS" IS '환불상태';
   COMMENT ON COLUMN "SYSTEM"."ORDERS"."DELIVERY_MESSAGE" IS '배송요청사항';
   COMMENT ON COLUMN "SYSTEM"."ORDERS"."UPDATED_AT" IS '주문정보 수정 날짜';
   COMMENT ON COLUMN "SYSTEM"."ORDERS"."REFUND_REQUEST_DATE" IS '환불요청일';
--------------------------------------------------------
--  DDL for Table PARTNER
--------------------------------------------------------

  CREATE TABLE "SYSTEM"."PARTNER" 
   (	"PARTNER_ID" NUMBER, 
	"PARTNER_DETAIL_ID" NUMBER, 
	"SELLER_ID" NUMBER
   ) SEGMENT CREATION IMMEDIATE 
  PCTFREE 10 PCTUSED 40 INITRANS 1 MAXTRANS 255 
 NOCOMPRESS LOGGING
  STORAGE(INITIAL 65536 NEXT 1048576 MINEXTENTS 1 MAXEXTENTS 2147483645
  PCTINCREASE 0 FREELISTS 1 FREELIST GROUPS 1
  BUFFER_POOL DEFAULT FLASH_CACHE DEFAULT CELL_FLASH_CACHE DEFAULT)
  TABLESPACE "USERS" ;
--------------------------------------------------------
--  DDL for Table PARTNER_DETAIL
--------------------------------------------------------

  CREATE TABLE "SYSTEM"."PARTNER_DETAIL" 
   (	"PARTNER_DETAIL_ID" NUMBER, 
	"NAME" VARCHAR2(255 BYTE), 
	"ADDRESS" VARCHAR2(500 BYTE), 
	"PHONE_NUMBER" VARCHAR2(20 BYTE), 
	"WEBSITE_URL" VARCHAR2(500 BYTE), 
	"OPENING_HOURS" VARCHAR2(255 BYTE), 
	"REGULAR_HOLIDAY" VARCHAR2(100 BYTE), 
	"CATEGORY_CODE" NUMBER, 
	"NX" VARCHAR2(50 BYTE), 
	"NY" VARCHAR2(50 BYTE) DEFAULT 0
   ) SEGMENT CREATION IMMEDIATE 
  PCTFREE 10 PCTUSED 40 INITRANS 1 MAXTRANS 255 
 NOCOMPRESS LOGGING
  STORAGE(INITIAL 65536 NEXT 1048576 MINEXTENTS 1 MAXEXTENTS 2147483645
  PCTINCREASE 0 FREELISTS 1 FREELIST GROUPS 1
  BUFFER_POOL DEFAULT FLASH_CACHE DEFAULT CELL_FLASH_CACHE DEFAULT)
  TABLESPACE "USERS" ;

   COMMENT ON COLUMN "SYSTEM"."PARTNER_DETAIL"."PARTNER_DETAIL_ID" IS '구분아이디';
--------------------------------------------------------
--  DDL for Table PAYMENT
--------------------------------------------------------

  CREATE TABLE "SYSTEM"."PAYMENT" 
   (	"PAYMENT_ID" NUMBER, 
	"PAYMENT_CODE" VARCHAR2(100 BYTE), 
	"DESCRIPTION" VARCHAR2(255 BYTE), 
	"AMOUNT" NUMBER, 
	"PAYMENT_METHOD" VARCHAR2(100 BYTE), 
	"INSTALLMENT" NUMBER, 
	"SUBSCRIPTION_PERIOD" NUMBER, 
	"PAYMENT_DATE" TIMESTAMP (6), 
	"PAYMENT_STATUS" VARCHAR2(20 BYTE) DEFAULT 'PENDING', 
	"IS_CANCELED" CHAR(1 BYTE) DEFAULT 'N', 
	"CANCEL_DATE" DATE, 
	"ORDER_ID" NUMBER, 
	"DONATION_ID" NUMBER, 
	"USER_ID" VARCHAR2(20 BYTE), 
	"USED_POINT" NUMBER, 
	"MEMBERSHIP_ID" NUMBER
   ) SEGMENT CREATION IMMEDIATE 
  PCTFREE 10 PCTUSED 40 INITRANS 1 MAXTRANS 255 
 NOCOMPRESS LOGGING
  STORAGE(INITIAL 65536 NEXT 1048576 MINEXTENTS 1 MAXEXTENTS 2147483645
  PCTINCREASE 0 FREELISTS 1 FREELIST GROUPS 1
  BUFFER_POOL DEFAULT FLASH_CACHE DEFAULT CELL_FLASH_CACHE DEFAULT)
  TABLESPACE "USERS" ;

   COMMENT ON COLUMN "SYSTEM"."PAYMENT"."INSTALLMENT" IS '할부결제개월수';
   COMMENT ON COLUMN "SYSTEM"."PAYMENT"."SUBSCRIPTION_PERIOD" IS '구독결제시 개월수';
--------------------------------------------------------
--  DDL for Table POINT
--------------------------------------------------------

  CREATE TABLE "SYSTEM"."POINT" 
   (	"POINT_ID" NUMBER, 
	"USAGE_DATE" TIMESTAMP (6), 
	"USE_POINT" NUMBER, 
	"CURRENT_POINT" NUMBER, 
	"REMARKS" VARCHAR2(255 BYTE), 
	"USER_ID" VARCHAR2(32 BYTE)
   ) SEGMENT CREATION IMMEDIATE 
  PCTFREE 10 PCTUSED 40 INITRANS 1 MAXTRANS 255 
 NOCOMPRESS LOGGING
  STORAGE(INITIAL 65536 NEXT 1048576 MINEXTENTS 1 MAXEXTENTS 2147483645
  PCTINCREASE 0 FREELISTS 1 FREELIST GROUPS 1
  BUFFER_POOL DEFAULT FLASH_CACHE DEFAULT CELL_FLASH_CACHE DEFAULT)
  TABLESPACE "USERS" ;
--------------------------------------------------------
--  DDL for Table PRODUCT
--------------------------------------------------------

  CREATE TABLE "SYSTEM"."PRODUCT" 
   (	"PRODUCT_ID" NUMBER, 
	"PRODUCT_NAME" VARCHAR2(255 BYTE), 
	"PRICE" NUMBER, 
	"QUANTITY" NUMBER DEFAULT 0, 
	"REGISTRATION_DATE" TIMESTAMP (6), 
	"MANUFACTURER" VARCHAR2(200 BYTE), 
	"PRODUCT_TYPE" VARCHAR2(100 BYTE), 
	"DESCRIPTION" CLOB, 
	"PRODUCT_CODE" VARCHAR2(20 BYTE), 
	"CATEGORY_ID" VARCHAR2(50 BYTE), 
	"DISCOUNT" NUMBER DEFAULT 10, 
	"SHIPPING_FEE" NUMBER, 
	"SHIPPING_FREE_MINIMUM" NUMBER, 
	"DELETE_YN" VARCHAR2(1 BYTE)
   ) SEGMENT CREATION IMMEDIATE 
  PCTFREE 10 PCTUSED 40 INITRANS 1 MAXTRANS 255 
 NOCOMPRESS LOGGING
  STORAGE(INITIAL 65536 NEXT 1048576 MINEXTENTS 1 MAXEXTENTS 2147483645
  PCTINCREASE 0 FREELISTS 1 FREELIST GROUPS 1
  BUFFER_POOL DEFAULT FLASH_CACHE DEFAULT CELL_FLASH_CACHE DEFAULT)
  TABLESPACE "USERS" 
 LOB ("DESCRIPTION") STORE AS SECUREFILE (
  TABLESPACE "USERS" ENABLE STORAGE IN ROW CHUNK 8192
  NOCACHE LOGGING  NOCOMPRESS  KEEP_DUPLICATES 
  STORAGE(INITIAL 106496 NEXT 1048576 MINEXTENTS 1 MAXEXTENTS 2147483645
  PCTINCREASE 0
  BUFFER_POOL DEFAULT FLASH_CACHE DEFAULT CELL_FLASH_CACHE DEFAULT)) ;
--------------------------------------------------------
--  DDL for Table PRODUCT_FILE
--------------------------------------------------------

  CREATE TABLE "SYSTEM"."PRODUCT_FILE" 
   (	"FILE_ID" NUMBER, 
	"PRODUCT_ID" NUMBER, 
	"FILEPATH" VARCHAR2(200 BYTE), 
	"FILENAME" VARCHAR2(50 BYTE), 
	"THUMBNAIL" VARCHAR2(1 BYTE), 
	"FILE_SIZE" NUMBER, 
	"FILE_TYPE" VARCHAR2(50 BYTE)
   ) SEGMENT CREATION IMMEDIATE 
  PCTFREE 10 PCTUSED 40 INITRANS 1 MAXTRANS 255 
 NOCOMPRESS LOGGING
  STORAGE(INITIAL 65536 NEXT 1048576 MINEXTENTS 1 MAXEXTENTS 2147483645
  PCTINCREASE 0 FREELISTS 1 FREELIST GROUPS 1
  BUFFER_POOL DEFAULT FLASH_CACHE DEFAULT CELL_FLASH_CACHE DEFAULT)
  TABLESPACE "USERS" ;
--------------------------------------------------------
--  DDL for Table PRODUCT_QNA
--------------------------------------------------------

  CREATE TABLE "SYSTEM"."PRODUCT_QNA" 
   (	"QNA_ID" NUMBER, 
	"PRODUCT_ID" NUMBER, 
	"USER_ID" VARCHAR2(50 BYTE), 
	"TITLE" VARCHAR2(200 BYTE), 
	"QUESTION_TEXT" CLOB, 
	"ANSWER_TEXT" CLOB, 
	"CREATED_AT" DATE DEFAULT SYSDATE, 
	"ANSWERED_AT" DATE DEFAULT NULL
   ) SEGMENT CREATION IMMEDIATE 
  PCTFREE 10 PCTUSED 40 INITRANS 1 MAXTRANS 255 
 NOCOMPRESS LOGGING
  STORAGE(INITIAL 65536 NEXT 1048576 MINEXTENTS 1 MAXEXTENTS 2147483645
  PCTINCREASE 0 FREELISTS 1 FREELIST GROUPS 1
  BUFFER_POOL DEFAULT FLASH_CACHE DEFAULT CELL_FLASH_CACHE DEFAULT)
  TABLESPACE "USERS" 
 LOB ("QUESTION_TEXT") STORE AS SECUREFILE (
  TABLESPACE "USERS" ENABLE STORAGE IN ROW CHUNK 8192
  NOCACHE LOGGING  NOCOMPRESS  KEEP_DUPLICATES 
  STORAGE(INITIAL 106496 NEXT 1048576 MINEXTENTS 1 MAXEXTENTS 2147483645
  PCTINCREASE 0
  BUFFER_POOL DEFAULT FLASH_CACHE DEFAULT CELL_FLASH_CACHE DEFAULT)) 
 LOB ("ANSWER_TEXT") STORE AS SECUREFILE (
  TABLESPACE "USERS" ENABLE STORAGE IN ROW CHUNK 8192
  NOCACHE LOGGING  NOCOMPRESS  KEEP_DUPLICATES 
  STORAGE(INITIAL 106496 NEXT 1048576 MINEXTENTS 1 MAXEXTENTS 2147483645
  PCTINCREASE 0
  BUFFER_POOL DEFAULT FLASH_CACHE DEFAULT CELL_FLASH_CACHE DEFAULT)) ;
--------------------------------------------------------
--  DDL for Table PRODUCT_REVIEWS
--------------------------------------------------------

  CREATE TABLE "SYSTEM"."PRODUCT_REVIEWS" 
   (	"REVIEW_ID" NUMBER, 
	"RATING" NUMBER(*,1), 
	"REVIEW_TEXT" CLOB, 
	"CREATED_AT" TIMESTAMP (6), 
	"PRODUCT_ID" NUMBER, 
	"USER_ID" VARCHAR2(30 BYTE), 
	"TITLE" VARCHAR2(300 BYTE), 
	"HELPCNT" NUMBER, 
	"DELETE_YN" VARCHAR2(1 BYTE) DEFAULT 'N'
   ) SEGMENT CREATION IMMEDIATE 
  PCTFREE 10 PCTUSED 40 INITRANS 1 MAXTRANS 255 
 NOCOMPRESS LOGGING
  STORAGE(INITIAL 65536 NEXT 1048576 MINEXTENTS 1 MAXEXTENTS 2147483645
  PCTINCREASE 0 FREELISTS 1 FREELIST GROUPS 1
  BUFFER_POOL DEFAULT FLASH_CACHE DEFAULT CELL_FLASH_CACHE DEFAULT)
  TABLESPACE "USERS" 
 LOB ("REVIEW_TEXT") STORE AS SECUREFILE (
  TABLESPACE "USERS" ENABLE STORAGE IN ROW CHUNK 8192
  NOCACHE LOGGING  NOCOMPRESS  KEEP_DUPLICATES 
  STORAGE(INITIAL 106496 NEXT 1048576 MINEXTENTS 1 MAXEXTENTS 2147483645
  PCTINCREASE 0
  BUFFER_POOL DEFAULT FLASH_CACHE DEFAULT CELL_FLASH_CACHE DEFAULT)) ;
--------------------------------------------------------
--  DDL for Table REVIEW_FILE
--------------------------------------------------------

  CREATE TABLE "SYSTEM"."REVIEW_FILE" 
   (	"FILENO" NUMBER, 
	"REVIEW_ID" NUMBER, 
	"FILEPATH" VARCHAR2(200 BYTE), 
	"FILENAME" VARCHAR2(200 BYTE), 
	"FILEORGNAME" VARCHAR2(200 BYTE), 
	"FILESIZE" VARCHAR2(20 BYTE), 
	"FILEETC" VARCHAR2(20 BYTE), 
	"THUMB_YN" VARCHAR2(20 BYTE)
   ) SEGMENT CREATION IMMEDIATE 
  PCTFREE 10 PCTUSED 40 INITRANS 1 MAXTRANS 255 
 NOCOMPRESS LOGGING
  STORAGE(INITIAL 65536 NEXT 1048576 MINEXTENTS 1 MAXEXTENTS 2147483645
  PCTINCREASE 0 FREELISTS 1 FREELIST GROUPS 1
  BUFFER_POOL DEFAULT FLASH_CACHE DEFAULT CELL_FLASH_CACHE DEFAULT)
  TABLESPACE "USERS" ;
--------------------------------------------------------
--  DDL for Table REVIEW_HELP_LOG
--------------------------------------------------------

  CREATE TABLE "SYSTEM"."REVIEW_HELP_LOG" 
   (	"REVIEW_ID" NUMBER, 
	"USER_ID" VARCHAR2(100 BYTE)
   ) SEGMENT CREATION IMMEDIATE 
  PCTFREE 10 PCTUSED 40 INITRANS 1 MAXTRANS 255 
 NOCOMPRESS LOGGING
  STORAGE(INITIAL 65536 NEXT 1048576 MINEXTENTS 1 MAXEXTENTS 2147483645
  PCTINCREASE 0 FREELISTS 1 FREELIST GROUPS 1
  BUFFER_POOL DEFAULT FLASH_CACHE DEFAULT CELL_FLASH_CACHE DEFAULT)
  TABLESPACE "USERS" ;
--------------------------------------------------------
--  DDL for Table SEARCH_HISTORY
--------------------------------------------------------

  CREATE TABLE "SYSTEM"."SEARCH_HISTORY" 
   (	"ID" NUMBER, 
	"USER_ID" VARCHAR2(100 BYTE), 
	"SEARCH_TERM" VARCHAR2(500 BYTE), 
	"SEARCHED_AT" TIMESTAMP (6) DEFAULT SYSTIMESTAMP -- 검색 시각

   ) SEGMENT CREATION IMMEDIATE 
  PCTFREE 10 PCTUSED 40 INITRANS 1 MAXTRANS 255 
 NOCOMPRESS LOGGING
  STORAGE(INITIAL 65536 NEXT 1048576 MINEXTENTS 1 MAXEXTENTS 2147483645
  PCTINCREASE 0 FREELISTS 1 FREELIST GROUPS 1
  BUFFER_POOL DEFAULT FLASH_CACHE DEFAULT CELL_FLASH_CACHE DEFAULT)
  TABLESPACE "USERS" ;
--------------------------------------------------------
--  DDL for Table TOTAL_TERMS
--------------------------------------------------------

  CREATE TABLE "SYSTEM"."TOTAL_TERMS" 
   (	"TERM_ID" VARCHAR2(20 BYTE), 
	"TITLE" VARCHAR2(100 BYTE), 
	"CONTENT" CLOB, 
	"REQUIRED_YN" CHAR(1 BYTE), 
	"DISPLAY_ORDER" NUMBER, 
	"CATEGORY" VARCHAR2(20 BYTE)
   ) SEGMENT CREATION IMMEDIATE 
  PCTFREE 10 PCTUSED 40 INITRANS 1 MAXTRANS 255 
 NOCOMPRESS LOGGING
  STORAGE(INITIAL 65536 NEXT 1048576 MINEXTENTS 1 MAXEXTENTS 2147483645
  PCTINCREASE 0 FREELISTS 1 FREELIST GROUPS 1
  BUFFER_POOL DEFAULT FLASH_CACHE DEFAULT CELL_FLASH_CACHE DEFAULT)
  TABLESPACE "USERS" 
 LOB ("CONTENT") STORE AS SECUREFILE (
  TABLESPACE "USERS" ENABLE STORAGE IN ROW CHUNK 8192
  NOCACHE LOGGING  NOCOMPRESS  KEEP_DUPLICATES 
  STORAGE(INITIAL 106496 NEXT 1048576 MINEXTENTS 1 MAXEXTENTS 2147483645
  PCTINCREASE 0
  BUFFER_POOL DEFAULT FLASH_CACHE DEFAULT CELL_FLASH_CACHE DEFAULT)) ;
--------------------------------------------------------
--  DDL for Table USERS
--------------------------------------------------------

  CREATE TABLE "SYSTEM"."USERS" 
   (	"USER_ID" VARCHAR2(32 BYTE), 
	"USERNAME" VARCHAR2(50 BYTE), 
	"PASSWORD" VARCHAR2(255 BYTE), 
	"NICKNAME" VARCHAR2(50 BYTE), 
	"EMAIL" VARCHAR2(255 BYTE), 
	"PROFILE_IMAGE" VARCHAR2(500 BYTE), 
	"PHONE_NUMBER" VARCHAR2(20 BYTE), 
	"BIRTH_DATE" DATE, 
	"ADDRESS" VARCHAR2(500 BYTE), 
	"CREATED_AT" TIMESTAMP (6), 
	"LAST_LOGIN" TIMESTAMP (6), 
	"DELETE_AT" TIMESTAMP (6), 
	"ROLE" VARCHAR2(20 BYTE), 
	"GENDER" VARCHAR2(1 BYTE), 
	"AGREE_YN" VARCHAR2(1 BYTE) DEFAULT 'Y', 
	"EMAIL_YN" VARCHAR2(1 BYTE) DEFAULT 'N', 
	"PHONE_YN" VARCHAR2(1 BYTE) DEFAULT 'N', 
	"UPDATED_AT" TIMESTAMP (6), 
	"DELETE_YN" VARCHAR2(1 BYTE)
   ) SEGMENT CREATION IMMEDIATE 
  PCTFREE 10 PCTUSED 40 INITRANS 1 MAXTRANS 255 
 NOCOMPRESS LOGGING
  STORAGE(INITIAL 65536 NEXT 1048576 MINEXTENTS 1 MAXEXTENTS 2147483645
  PCTINCREASE 0 FREELISTS 1 FREELIST GROUPS 1
  BUFFER_POOL DEFAULT FLASH_CACHE DEFAULT CELL_FLASH_CACHE DEFAULT)
  TABLESPACE "USERS" ;
--------------------------------------------------------
--  DDL for Table VET_ANSWER
--------------------------------------------------------

  CREATE TABLE "SYSTEM"."VET_ANSWER" 
   (	"REVIEW_ID" NUMBER, 
	"VET_BOARD_ID" NUMBER, 
	"RATING" NUMBER(3,2), 
	"REVIEW_TEXT" CLOB, 
	"CREATED_AT" TIMESTAMP (6), 
	"VET_ID" VARCHAR2(30 BYTE), 
	"COMMENTS" VARCHAR2(500 BYTE), 
	"VET_NAME1" VARCHAR2(20 BYTE), 
	"VET_NICKNAME1" VARCHAR2(20 BYTE), 
	"IS_DELETED" VARCHAR2(1 BYTE), 
	"ACCEPTED" VARCHAR2(20 BYTE) DEFAULT 'N'
   ) SEGMENT CREATION IMMEDIATE 
  PCTFREE 10 PCTUSED 40 INITRANS 1 MAXTRANS 255 
 NOCOMPRESS LOGGING
  STORAGE(INITIAL 65536 NEXT 1048576 MINEXTENTS 1 MAXEXTENTS 2147483645
  PCTINCREASE 0 FREELISTS 1 FREELIST GROUPS 1
  BUFFER_POOL DEFAULT FLASH_CACHE DEFAULT CELL_FLASH_CACHE DEFAULT)
  TABLESPACE "USERS" 
 LOB ("REVIEW_TEXT") STORE AS SECUREFILE (
  TABLESPACE "USERS" ENABLE STORAGE IN ROW CHUNK 8192
  NOCACHE LOGGING  NOCOMPRESS  KEEP_DUPLICATES 
  STORAGE(INITIAL 106496 NEXT 1048576 MINEXTENTS 1 MAXEXTENTS 2147483645
  PCTINCREASE 0
  BUFFER_POOL DEFAULT FLASH_CACHE DEFAULT CELL_FLASH_CACHE DEFAULT)) ;
--------------------------------------------------------
--  DDL for Table VET_BOARD
--------------------------------------------------------

  CREATE TABLE "SYSTEM"."VET_BOARD" 
   (	"VET_BOARD_ID" NUMBER, 
	"VET_ID" VARCHAR2(20 BYTE), 
	"TITLE" VARCHAR2(255 BYTE), 
	"CONTENT" CLOB, 
	"POINTS" NUMBER, 
	"IS_ACCEPTED" CHAR(1 BYTE) DEFAULT 'N', 
	"IP_ADDRESS" VARCHAR2(45 BYTE), 
	"USER_ID" VARCHAR2(30 BYTE), 
	"CREATED_AT" TIMESTAMP (6), 
	"UPDATED_AT" TIMESTAMP (6), 
	"IS_DELETED" VARCHAR2(1 BYTE) DEFAULT 'N', 
	"CNT" NUMBER, 
	"IS_SECRET" VARCHAR2(1 BYTE) DEFAULT 'N'
   ) SEGMENT CREATION IMMEDIATE 
  PCTFREE 10 PCTUSED 40 INITRANS 1 MAXTRANS 255 
 NOCOMPRESS LOGGING
  STORAGE(INITIAL 65536 NEXT 1048576 MINEXTENTS 1 MAXEXTENTS 2147483645
  PCTINCREASE 0 FREELISTS 1 FREELIST GROUPS 1
  BUFFER_POOL DEFAULT FLASH_CACHE DEFAULT CELL_FLASH_CACHE DEFAULT)
  TABLESPACE "USERS" 
 LOB ("CONTENT") STORE AS SECUREFILE (
  TABLESPACE "USERS" ENABLE STORAGE IN ROW CHUNK 8192
  NOCACHE LOGGING  NOCOMPRESS  KEEP_DUPLICATES 
  STORAGE(INITIAL 106496 NEXT 1048576 MINEXTENTS 1 MAXEXTENTS 2147483645
  PCTINCREASE 0
  BUFFER_POOL DEFAULT FLASH_CACHE DEFAULT CELL_FLASH_CACHE DEFAULT)) ;
--------------------------------------------------------
--  DDL for Table VETERINARIAN
--------------------------------------------------------

  CREATE TABLE "SYSTEM"."VETERINARIAN" 
   (	"VET_NUMBER" NUMBER, 
	"VET_ID" VARCHAR2(20 BYTE) DEFAULT '', 
	"VET_NAME" VARCHAR2(100 BYTE), 
	"EMAIL" VARCHAR2(100 BYTE), 
	"PHONE_NUMBER" VARCHAR2(20 BYTE) DEFAULT '', 
	"AFFILIATED_HOSPITAL" VARCHAR2(200 BYTE) DEFAULT '', 
	"LAST_ACTIVE_TIME" TIMESTAMP (6) DEFAULT '', 
	"CREATED_AT" TIMESTAMP (6) DEFAULT SYSDATE, 
	"UPDATED_AT" TIMESTAMP (6) DEFAULT CURRENT_TIMESTAMP, 
	"USER_ID" VARCHAR2(30 BYTE) DEFAULT '', 
	"VET_NICKNAME" VARCHAR2(32 BYTE) DEFAULT ''
   ) SEGMENT CREATION IMMEDIATE 
  PCTFREE 10 PCTUSED 40 INITRANS 1 MAXTRANS 255 
 NOCOMPRESS LOGGING
  STORAGE(INITIAL 65536 NEXT 1048576 MINEXTENTS 1 MAXEXTENTS 2147483645
  PCTINCREASE 0 FREELISTS 1 FREELIST GROUPS 1
  BUFFER_POOL DEFAULT FLASH_CACHE DEFAULT CELL_FLASH_CACHE DEFAULT)
  TABLESPACE "USERS" ;
--------------------------------------------------------
--  DDL for Table VISIT_LOG
--------------------------------------------------------

  CREATE TABLE "SYSTEM"."VISIT_LOG" 
   (	"VISIT_ID" NUMBER, 
	"IP_ADDRESS" VARCHAR2(50 BYTE), 
	"USER_AGENT_BROWSER" VARCHAR2(500 BYTE), 
	"REFERER" VARCHAR2(500 BYTE), 
	"ACCESS_TIME" TIMESTAMP (6) DEFAULT NULL, 
	"USER_AGENT_WINDOWS" VARCHAR2(500 BYTE)
   ) SEGMENT CREATION IMMEDIATE 
  PCTFREE 10 PCTUSED 40 INITRANS 1 MAXTRANS 255 
 NOCOMPRESS LOGGING
  STORAGE(INITIAL 65536 NEXT 1048576 MINEXTENTS 1 MAXEXTENTS 2147483645
  PCTINCREASE 0 FREELISTS 1 FREELIST GROUPS 1
  BUFFER_POOL DEFAULT FLASH_CACHE DEFAULT CELL_FLASH_CACHE DEFAULT)
  TABLESPACE "USERS" ;
REM INSERTING into SYSTEM.ANIMAL_HOSPITAL_INFO
SET DEFINE OFF;
Insert into SYSTEM.ANIMAL_HOSPITAL_INFO (HOSPITAL_NO,HOS_NAME,HOS_ADDRESS,NX,PHONE,NY) values (397,'지오동물병원','인천광역시 미추홀구 학익동 437-31','126.662534','032-872-7582','37.44382875');
Insert into SYSTEM.ANIMAL_HOSPITAL_INFO (HOSPITAL_NO,HOS_NAME,HOS_ADDRESS,NX,PHONE,NY) values (398,'온누리동물병원','인천광역시 미추홀구 용현동 146-275','126.6555873','032-866-5725','37.45575527');
Insert into SYSTEM.ANIMAL_HOSPITAL_INFO (HOSPITAL_NO,HOS_NAME,HOS_ADDRESS,NX,PHONE,NY) values (399,'아라종합동물병원','인천광역시 미추홀구 주안동 241-9','126.6778549','032-886-0079','37.46434892');
Insert into SYSTEM.ANIMAL_HOSPITAL_INFO (HOSPITAL_NO,HOS_NAME,HOS_ADDRESS,NX,PHONE,NY) values (400,'주안동물병원','인천광역시 미추홀구 주안동 24-2','126.6798337','032-203-0075','37.46670398');
Insert into SYSTEM.ANIMAL_HOSPITAL_INFO (HOSPITAL_NO,HOS_NAME,HOS_ADDRESS,NX,PHONE,NY) values (401,'삼성동물종합병원','인천광역시 미추홀구 주안동 678-7','126.6673406','032-868-2526','37.45253781');
Insert into SYSTEM.ANIMAL_HOSPITAL_INFO (HOSPITAL_NO,HOS_NAME,HOS_ADDRESS,NX,PHONE,NY) values (402,'페트로 동물병원','인천광역시 미추홀구 용현동 621-68','126.637198','032-203-0072','37.45275341');
Insert into SYSTEM.ANIMAL_HOSPITAL_INFO (HOSPITAL_NO,HOS_NAME,HOS_ADDRESS,NX,PHONE,NY) values (403,'사랑애동물메디컬센터','인천광역시 미추홀구 주안동 302-1 삼성생명빌딩','126.6876227','032-223-0119','37.45773504');
Insert into SYSTEM.ANIMAL_HOSPITAL_INFO (HOSPITAL_NO,HOS_NAME,HOS_ADDRESS,NX,PHONE,NY) values (404,'브라운동물병원','인천광역시 미추홀구 숭의동 293-19 1층','126.6494036','032-889-7582','37.45823393');
Insert into SYSTEM.ANIMAL_HOSPITAL_INFO (HOSPITAL_NO,HOS_NAME,HOS_ADDRESS,NX,PHONE,NY) values (405,'아이러브펫동물병원','인천광역시 미추홀구 용현동 648 홈플러스 인하점 지하1층 8동','126.650776','032-875-7566','37.44768626');
Insert into SYSTEM.ANIMAL_HOSPITAL_INFO (HOSPITAL_NO,HOS_NAME,HOS_ADDRESS,NX,PHONE,NY) values (406,'학익동물병원','인천광역시 미추홀구 학익동 214-4','126.663007','032-868-2626','37.44194918');
Insert into SYSTEM.ANIMAL_HOSPITAL_INFO (HOSPITAL_NO,HOS_NAME,HOS_ADDRESS,NX,PHONE,NY) values (407,'바른동물병원','인천광역시 미추홀구 학익동 260-22','126.6636464','032-876-8575','37.44289798');
Insert into SYSTEM.ANIMAL_HOSPITAL_INFO (HOSPITAL_NO,HOS_NAME,HOS_ADDRESS,NX,PHONE,NY) values (408,'하인츠동물병원','인천광역시 미추홀구 용현동 604-5 이한프라자','126.6498561','032-204-7707','37.44746919');
Insert into SYSTEM.ANIMAL_HOSPITAL_INFO (HOSPITAL_NO,HOS_NAME,HOS_ADDRESS,NX,PHONE,NY) values (409,'펫홈종합동물병원','인천광역시 미추홀구 주안동 1471-11','126.680195','032-427-7588','37.45267817');
Insert into SYSTEM.ANIMAL_HOSPITAL_INFO (HOSPITAL_NO,HOS_NAME,HOS_ADDRESS,NX,PHONE,NY) values (410,'현대동물병원','인천광역시 중구 신흥동3가 6-11','126.6356122','032-885-7578','37.46571041');
Insert into SYSTEM.ANIMAL_HOSPITAL_INFO (HOSPITAL_NO,HOS_NAME,HOS_ADDRESS,NX,PHONE,NY) values (411,'참 동물병원','인천광역시 중구 내동 209-42','126.6284038','772-7533','37.47184557');
Insert into SYSTEM.ANIMAL_HOSPITAL_INFO (HOSPITAL_NO,HOS_NAME,HOS_ADDRESS,NX,PHONE,NY) values (412,'그루동물병원','인천광역시 연수구 연수동 536 동남아파트 115호','126.6749131','032-818-1020','37.4238705');
Insert into SYSTEM.ANIMAL_HOSPITAL_INFO (HOSPITAL_NO,HOS_NAME,HOS_ADDRESS,NX,PHONE,NY) values (413,'베리떼 동물병원','인천광역시 연수구 송도동 21-41 207호','126.6483943','032-710-4575','37.39668768');
Insert into SYSTEM.ANIMAL_HOSPITAL_INFO (HOSPITAL_NO,HOS_NAME,HOS_ADDRESS,NX,PHONE,NY) values (414,'연희동물병원','인천광역시 서구 심곡동 303-6','126.6774447','5614667','37.54239066');
Insert into SYSTEM.ANIMAL_HOSPITAL_INFO (HOSPITAL_NO,HOS_NAME,HOS_ADDRESS,NX,PHONE,NY) values (415,'닥터정 동물병원','인천광역시 연수구 송도동 98-2번지 송도아라플라자','126.6348434','032-721-7582','37.38817718');
Insert into SYSTEM.ANIMAL_HOSPITAL_INFO (HOSPITAL_NO,HOS_NAME,HOS_ADDRESS,NX,PHONE,NY) values (416,'닥터파파동물병원','인천광역시 미추홀구 주안동 1309','126.6785731','032-863-7582','37.44500775');
Insert into SYSTEM.ANIMAL_HOSPITAL_INFO (HOSPITAL_NO,HOS_NAME,HOS_ADDRESS,NX,PHONE,NY) values (417,'중앙동물병원약품','인천광역시 미추홀구 주안동 72-11','126.6865921','032-424-3331','37.45832042');
Insert into SYSTEM.ANIMAL_HOSPITAL_INFO (HOSPITAL_NO,HOS_NAME,HOS_ADDRESS,NX,PHONE,NY) values (418,'한국동물병원','인천광역시 미추홀구 용현동 627-399','126.6366908','032-887-2952','37.45076101');
Insert into SYSTEM.ANIMAL_HOSPITAL_INFO (HOSPITAL_NO,HOS_NAME,HOS_ADDRESS,NX,PHONE,NY) values (419,'안상수동물병원','인천광역시 미추홀구 용현동 622-149','126.6382207','032-887-1537','37.45293886');
Insert into SYSTEM.ANIMAL_HOSPITAL_INFO (HOSPITAL_NO,HOS_NAME,HOS_ADDRESS,NX,PHONE,NY) values (420,'아나파동물병원','인천광역시 미추홀구 주안동 505-1번지','126.6791823','032-876-7585','37.45819971');
Insert into SYSTEM.ANIMAL_HOSPITAL_INFO (HOSPITAL_NO,HOS_NAME,HOS_ADDRESS,NX,PHONE,NY) values (421,'경동동물병원','인천광역시 중구 경동 240-60','126.6299456','765-9988','37.47195743');
Insert into SYSTEM.ANIMAL_HOSPITAL_INFO (HOSPITAL_NO,HOS_NAME,HOS_ADDRESS,NX,PHONE,NY) values (422,'한양한방동물병원','인천광역시 중구 용동 133','126.6310761','761-6560','37.47344379');
Insert into SYSTEM.ANIMAL_HOSPITAL_INFO (HOSPITAL_NO,HOS_NAME,HOS_ADDRESS,NX,PHONE,NY) values (423,'신공항동물병원','인천광역시 중구 운남동 1570-2','126.5333293','751-4598','37.48867773');
Insert into SYSTEM.ANIMAL_HOSPITAL_INFO (HOSPITAL_NO,HOS_NAME,HOS_ADDRESS,NX,PHONE,NY) values (424,'하늘동물병원','인천광역시 중구 운서동 2789-2번지 시에로빌 103호','126.4890007',null,'37.49491165');
Insert into SYSTEM.ANIMAL_HOSPITAL_INFO (HOSPITAL_NO,HOS_NAME,HOS_ADDRESS,NX,PHONE,NY) values (425,'독스동물병원','인천광역시 남동구 간석동 210-2 1층, 지하1층','126.7084804','433-0075','37.46377519');
Insert into SYSTEM.ANIMAL_HOSPITAL_INFO (HOSPITAL_NO,HOS_NAME,HOS_ADDRESS,NX,PHONE,NY) values (426,'위드펫동물병원','인천광역시 중구 중산동 1876-8','126.5600362',null,'37.48628248');
Insert into SYSTEM.ANIMAL_HOSPITAL_INFO (HOSPITAL_NO,HOS_NAME,HOS_ADDRESS,NX,PHONE,NY) values (427,'숲속동물병원','인천광역시 중구 중산동 1886-20','126.5601506','032-752-4575','37.48897729');
Insert into SYSTEM.ANIMAL_HOSPITAL_INFO (HOSPITAL_NO,HOS_NAME,HOS_ADDRESS,NX,PHONE,NY) values (428,'24시 건국 본 동물병원','인천광역시 미추홀구 주안동 1464-22','126.6800067','032-864-0075','37.44823905');
Insert into SYSTEM.ANIMAL_HOSPITAL_INFO (HOSPITAL_NO,HOS_NAME,HOS_ADDRESS,NX,PHONE,NY) values (429,'송림동물병원','인천광역시 동구 송림동 49-13 송영빌딩','126.6472139','032-772-8275','37.4768928');
Insert into SYSTEM.ANIMAL_HOSPITAL_INFO (HOSPITAL_NO,HOS_NAME,HOS_ADDRESS,NX,PHONE,NY) values (430,'웰니스 클리닉 동물병원','인천광역시 동구 송림동 296-2번지 이마트','126.660564','032-765-7582','37.4830907');
Insert into SYSTEM.ANIMAL_HOSPITAL_INFO (HOSPITAL_NO,HOS_NAME,HOS_ADDRESS,NX,PHONE,NY) values (431,'동산동물병원','인천광역시 동구 송림동 60-30번지','126.6461541','766-6833','37.47444985');
Insert into SYSTEM.ANIMAL_HOSPITAL_INFO (HOSPITAL_NO,HOS_NAME,HOS_ADDRESS,NX,PHONE,NY) values (432,'미라클 동물병원','인천광역시 연수구 송도동 21-65번지 현대힐스테이트 602동 143호','126.6473871','032-832-1175','37.39423562');
Insert into SYSTEM.ANIMAL_HOSPITAL_INFO (HOSPITAL_NO,HOS_NAME,HOS_ADDRESS,NX,PHONE,NY) values (433,'디오 동물병원','인천광역시 연수구 송도동 149번지 롯데캐슬캠퍼스타운 상가 A동','126.6650672','032-815-8275','37.3880283');
Insert into SYSTEM.ANIMAL_HOSPITAL_INFO (HOSPITAL_NO,HOS_NAME,HOS_ADDRESS,NX,PHONE,NY) values (434,'드림동물병원','인천광역시 연수구 동춘동 937-11번지 상산빌딩 105호','126.6703704','032-822-7588','37.40672433');
Insert into SYSTEM.ANIMAL_HOSPITAL_INFO (HOSPITAL_NO,HOS_NAME,HOS_ADDRESS,NX,PHONE,NY) values (435,'ACE동물병원','인천광역시 연수구 송도동 23-4 더샵 센트럴파크2 B동 101호','126.6410144','032-205-7582','37.39451065');
Insert into SYSTEM.ANIMAL_HOSPITAL_INFO (HOSPITAL_NO,HOS_NAME,HOS_ADDRESS,NX,PHONE,NY) values (436,'우리집동물병원','인천광역시 남동구 논현동 746-6 가산타워 104호','126.7268264','437-8275','37.39802315');
Insert into SYSTEM.ANIMAL_HOSPITAL_INFO (HOSPITAL_NO,HOS_NAME,HOS_ADDRESS,NX,PHONE,NY) values (437,'동물사랑동물병원','인천광역시 연수구 선학동 407-9 민선빌딩','126.6979221','032-816-5457','37.42450212');
Insert into SYSTEM.ANIMAL_HOSPITAL_INFO (HOSPITAL_NO,HOS_NAME,HOS_ADDRESS,NX,PHONE,NY) values (438,'노성남 동물병원','인천광역시 연수구 옥련동 196','126.6443702','032-833-1770','37.42565423');
Insert into SYSTEM.ANIMAL_HOSPITAL_INFO (HOSPITAL_NO,HOS_NAME,HOS_ADDRESS,NX,PHONE,NY) values (439,'주주동물병원','인천광역시 연수구 송도동 4-1 송도더샵퍼스트월드 E동 10,11호','126.6482398','032-858-7582','37.39107607');
Insert into SYSTEM.ANIMAL_HOSPITAL_INFO (HOSPITAL_NO,HOS_NAME,HOS_ADDRESS,NX,PHONE,NY) values (440,'신퍼피클럽 동물병원','인천광역시 연수구 연수동 522-3','126.6854755','032-821-8275','37.42528465');
Insert into SYSTEM.ANIMAL_HOSPITAL_INFO (HOSPITAL_NO,HOS_NAME,HOS_ADDRESS,NX,PHONE,NY) values (441,'인천광역시 야생동물구조관리센터','인천광역시 연수구 송도동 13-20 자연학습관','126.6370114','032-858-9703','37.36728957');
Insert into SYSTEM.ANIMAL_HOSPITAL_INFO (HOSPITAL_NO,HOS_NAME,HOS_ADDRESS,NX,PHONE,NY) values (442,'아름다운 동물병원','인천광역시 연수구 송도동 3-29 서운프라자','126.6499198','032-834-7583','37.39209995');
Insert into SYSTEM.ANIMAL_HOSPITAL_INFO (HOSPITAL_NO,HOS_NAME,HOS_ADDRESS,NX,PHONE,NY) values (443,'웰니스클리닉 연수점','인천광역시 연수구 동춘동 926-9 이마트','126.681145','032-821-0975','37.40428291');
Insert into SYSTEM.ANIMAL_HOSPITAL_INFO (HOSPITAL_NO,HOS_NAME,HOS_ADDRESS,NX,PHONE,NY) values (444,'이광수동물병원','인천광역시 연수구 동춘동 936-6 맘모스빌딩','126.6722296','032-812-8275','37.40772864');
Insert into SYSTEM.ANIMAL_HOSPITAL_INFO (HOSPITAL_NO,HOS_NAME,HOS_ADDRESS,NX,PHONE,NY) values (445,'아프리카동물병원','인천광역시 연수구 옥련동 304-12','126.6563628','032-833-7575','37.42773873');
Insert into SYSTEM.ANIMAL_HOSPITAL_INFO (HOSPITAL_NO,HOS_NAME,HOS_ADDRESS,NX,PHONE,NY) values (446,'송도종합동물병원','인천광역시 연수구 옥련동 336-8 청학만신당','126.6562547','032-832-7588','37.42607582');
Insert into SYSTEM.ANIMAL_HOSPITAL_INFO (HOSPITAL_NO,HOS_NAME,HOS_ADDRESS,NX,PHONE,NY) values (447,'파스텔LC동물병원','인천광역시 남동구 간석동 292-4','126.7082883','431-7975','37.45710847');
Insert into SYSTEM.ANIMAL_HOSPITAL_INFO (HOSPITAL_NO,HOS_NAME,HOS_ADDRESS,NX,PHONE,NY) values (448,'프라자 동물병원','인천광역시 연수구 송도동 2-6 송도프라자 117호','126.6524418','032-851-5575','37.39586005');
Insert into SYSTEM.ANIMAL_HOSPITAL_INFO (HOSPITAL_NO,HOS_NAME,HOS_ADDRESS,NX,PHONE,NY) values (449,'송도건국동물병원','인천광역시 연수구 송도동 190-2번지 송도글로벌캠퍼스푸르지오 상가 203동 207호','126.6538245','032-811-2220','37.37669416');
Insert into SYSTEM.ANIMAL_HOSPITAL_INFO (HOSPITAL_NO,HOS_NAME,HOS_ADDRESS,NX,PHONE,NY) values (450,'24시 송도힐 동물메디컬센터','인천광역시 연수구 송도동 2-3 이안아파트 상가동 107호','126.6519718','032-834-7275','37.39663582');
Insert into SYSTEM.ANIMAL_HOSPITAL_INFO (HOSPITAL_NO,HOS_NAME,HOS_ADDRESS,NX,PHONE,NY) values (451,'따뜻한 동물병원','인천광역시 연수구 연수동 624-7번지','126.6803393','032-811-7553','37.41324444');
Insert into SYSTEM.ANIMAL_HOSPITAL_INFO (HOSPITAL_NO,HOS_NAME,HOS_ADDRESS,NX,PHONE,NY) values (452,'웰 동물병원','인천광역시 연수구 청학동 503-3번지 소망글로벌 109호','126.6758749','032-819-2852','37.41462904');
Insert into SYSTEM.ANIMAL_HOSPITAL_INFO (HOSPITAL_NO,HOS_NAME,HOS_ADDRESS,NX,PHONE,NY) values (453,'멍멍냐옹동물병원','인천광역시 남동구 구월동 1132-15','126.7037898',null,'37.45290659');
Insert into SYSTEM.ANIMAL_HOSPITAL_INFO (HOSPITAL_NO,HOS_NAME,HOS_ADDRESS,NX,PHONE,NY) values (454,'시드니종합동물병원','인천광역시 미추홀구 주안동 1467번지 동경프라자','126.6801358','032-437-7588','37.45055027');
Insert into SYSTEM.ANIMAL_HOSPITAL_INFO (HOSPITAL_NO,HOS_NAME,HOS_ADDRESS,NX,PHONE,NY) values (455,'포시즌 동물병원','인천광역시 연수구 송도동 30-18 주유소 3동 2층호','126.6310384','032-858-7570','37.3959436');
Insert into SYSTEM.ANIMAL_HOSPITAL_INFO (HOSPITAL_NO,HOS_NAME,HOS_ADDRESS,NX,PHONE,NY) values (456,'예동물병원','인천광역시 부평구 갈산동 385-10','126.7290946','032-362-8111','37.50835708');
Insert into SYSTEM.ANIMAL_HOSPITAL_INFO (HOSPITAL_NO,HOS_NAME,HOS_ADDRESS,NX,PHONE,NY) values (457,'연수동물메디컬센터','인천광역시 연수구 연수동 600-5','126.6775246','032-817-5182','37.41210303');
Insert into SYSTEM.ANIMAL_HOSPITAL_INFO (HOSPITAL_NO,HOS_NAME,HOS_ADDRESS,NX,PHONE,NY) values (221,'라파엘 동물병원','인천광역시 연수구 송도동 21-24','126.6471251','032-777-0975','37.39661808');
Insert into SYSTEM.ANIMAL_HOSPITAL_INFO (HOSPITAL_NO,HOS_NAME,HOS_ADDRESS,NX,PHONE,NY) values (222,'해와달동물병원','인천광역시 남동구 논현동 733-5번지','126.7265524','431-7580','37.39919671');
Insert into SYSTEM.ANIMAL_HOSPITAL_INFO (HOSPITAL_NO,HOS_NAME,HOS_ADDRESS,NX,PHONE,NY) values (223,'인천 24시 스카이동물메디컬센터','인천광역시 남동구 구월동 1608 신영구월지웰시티푸르지오','126.7071055','715-7959','37.45426436');
Insert into SYSTEM.ANIMAL_HOSPITAL_INFO (HOSPITAL_NO,HOS_NAME,HOS_ADDRESS,NX,PHONE,NY) values (224,'다올동물병원','인천광역시 서구 가좌동 42-2 104호','126.6858386','713-8384','37.49279176');
Insert into SYSTEM.ANIMAL_HOSPITAL_INFO (HOSPITAL_NO,HOS_NAME,HOS_ADDRESS,NX,PHONE,NY) values (225,'초이스외과동물병원','인천광역시 연수구 송도동 30-2 힐스테이트 송도 더스카이','126.6283838','032-713-9000','37.40109485');
Insert into SYSTEM.ANIMAL_HOSPITAL_INFO (HOSPITAL_NO,HOS_NAME,HOS_ADDRESS,NX,PHONE,NY) values (226,'우리동물병원','인천광역시 서구 연희동 687-2','126.6766797','566-0075','37.54887449');
Insert into SYSTEM.ANIMAL_HOSPITAL_INFO (HOSPITAL_NO,HOS_NAME,HOS_ADDRESS,NX,PHONE,NY) values (227,'도희동물병원','인천광역시 서구 심곡동 333-7번지 1층','126.6723498','032-566-0038','37.54450509');
Insert into SYSTEM.ANIMAL_HOSPITAL_INFO (HOSPITAL_NO,HOS_NAME,HOS_ADDRESS,NX,PHONE,NY) values (228,'원당동물병원','인천광역시 서구 당하동 1028-7번지 창신프라자','126.6960423','032-566-7588','37.59334571');
Insert into SYSTEM.ANIMAL_HOSPITAL_INFO (HOSPITAL_NO,HOS_NAME,HOS_ADDRESS,NX,PHONE,NY) values (229,'쿨펫동물병원','인천광역시 서구 마전동 1031-1 롯데마트','126.6645116',null,'37.59454311');
Insert into SYSTEM.ANIMAL_HOSPITAL_INFO (HOSPITAL_NO,HOS_NAME,HOS_ADDRESS,NX,PHONE,NY) values (230,'쿨펫동물병원','인천광역시 서구 당하동 1065-1 당하 이마트','126.6766138','565-7975','37.58537687');
Insert into SYSTEM.ANIMAL_HOSPITAL_INFO (HOSPITAL_NO,HOS_NAME,HOS_ADDRESS,NX,PHONE,NY) values (231,'검암동물병원','인천광역시 서구 검암동 613-1','126.6765981','032-563-0775','37.56531627');
Insert into SYSTEM.ANIMAL_HOSPITAL_INFO (HOSPITAL_NO,HOS_NAME,HOS_ADDRESS,NX,PHONE,NY) values (232,'화이트동물병원','인천광역시 서구 마전동 1056-6번지 강서빌딩','126.6747337','032-561-7592','37.59425404');
Insert into SYSTEM.ANIMAL_HOSPITAL_INFO (HOSPITAL_NO,HOS_NAME,HOS_ADDRESS,NX,PHONE,NY) values (233,'굿모닝동물병원','인천광역시 서구 석남동 510-6번지','126.67257','032-583-1119','37.50677889');
Insert into SYSTEM.ANIMAL_HOSPITAL_INFO (HOSPITAL_NO,HOS_NAME,HOS_ADDRESS,NX,PHONE,NY) values (234,'보람동물병원','인천광역시 남동구 구월동 1394-9','126.6948515','429-1673','37.44596944');
Insert into SYSTEM.ANIMAL_HOSPITAL_INFO (HOSPITAL_NO,HOS_NAME,HOS_ADDRESS,NX,PHONE,NY) values (235,'예 동물병원','인천광역시 서구 마전동 999-4 영남탑스빌아파트 상가','126.6674925','032-563-1575','37.59790427');
Insert into SYSTEM.ANIMAL_HOSPITAL_INFO (HOSPITAL_NO,HOS_NAME,HOS_ADDRESS,NX,PHONE,NY) values (236,'보비동물병원','인천광역시 부평구 산곡동 411-5','126.7116474','032-524-6959','37.50399433');
Insert into SYSTEM.ANIMAL_HOSPITAL_INFO (HOSPITAL_NO,HOS_NAME,HOS_ADDRESS,NX,PHONE,NY) values (237,'청라종합동물병원','인천광역시 서구 경서동 958-1 롯데캐슬단지내상가 C동','126.6469586','583-0365','37.53090088');
Insert into SYSTEM.ANIMAL_HOSPITAL_INFO (HOSPITAL_NO,HOS_NAME,HOS_ADDRESS,NX,PHONE,NY) values (238,'메이플동물병원','인천광역시 서구 원당동 824-6','126.6964452','561-7508','37.59400203');
Insert into SYSTEM.ANIMAL_HOSPITAL_INFO (HOSPITAL_NO,HOS_NAME,HOS_ADDRESS,NX,PHONE,NY) values (239,'온누리 동물병원','인천광역시 서구 마전동 909-9번지','126.6563112','032-567-2575','37.60287962');
Insert into SYSTEM.ANIMAL_HOSPITAL_INFO (HOSPITAL_NO,HOS_NAME,HOS_ADDRESS,NX,PHONE,NY) values (240,'정이룸 동물병원','인천광역시 서구 당하동 1092-5','126.675011',null,'37.59331805');
Insert into SYSTEM.ANIMAL_HOSPITAL_INFO (HOSPITAL_NO,HOS_NAME,HOS_ADDRESS,NX,PHONE,NY) values (241,'청라 루비 동물병원','인천광역시 서구 경서동 850-3번지','126.6409368','032-568-0922','37.53673913');
Insert into SYSTEM.ANIMAL_HOSPITAL_INFO (HOSPITAL_NO,HOS_NAME,HOS_ADDRESS,NX,PHONE,NY) values (242,'검단종합동물병원','인천광역시 서구 마전동 1020-14','126.672444','032-563-8579','37.59403975');
Insert into SYSTEM.ANIMAL_HOSPITAL_INFO (HOSPITAL_NO,HOS_NAME,HOS_ADDRESS,NX,PHONE,NY) values (243,'길동물병원','인천광역시 서구 신현동 303번지','126.6726051','032-578-5119','37.51847929');
Insert into SYSTEM.ANIMAL_HOSPITAL_INFO (HOSPITAL_NO,HOS_NAME,HOS_ADDRESS,NX,PHONE,NY) values (244,'J동물병원','인천광역시 서구 청라동 157-15 커낼힐스빌 107호','126.6449731','032-566-7582','37.53252847');
Insert into SYSTEM.ANIMAL_HOSPITAL_INFO (HOSPITAL_NO,HOS_NAME,HOS_ADDRESS,NX,PHONE,NY) values (245,'동물에 반하다 동물병원','인천광역시 서구 청라동 151-4','126.6392201','032-713-8275','37.53386221');
Insert into SYSTEM.ANIMAL_HOSPITAL_INFO (HOSPITAL_NO,HOS_NAME,HOS_ADDRESS,NX,PHONE,NY) values (246,'소래동물병원','인천광역시 남동구 논현동 751-1','126.7330058','438-3227','37.39983751');
Insert into SYSTEM.ANIMAL_HOSPITAL_INFO (HOSPITAL_NO,HOS_NAME,HOS_ADDRESS,NX,PHONE,NY) values (247,'하얀기린 동물병원','인천광역시 서구 연희동 796-7번지 청라골드클래스 커낼웨이','126.6540282','032-564-3575','37.53106868');
Insert into SYSTEM.ANIMAL_HOSPITAL_INFO (HOSPITAL_NO,HOS_NAME,HOS_ADDRESS,NX,PHONE,NY) values (248,'청라공감동물병원','인천광역시 서구 연희동 801-1 청라 풍림 엑슬루타워','126.6515487','325630094','37.53090928');
Insert into SYSTEM.ANIMAL_HOSPITAL_INFO (HOSPITAL_NO,HOS_NAME,HOS_ADDRESS,NX,PHONE,NY) values (249,'토닥토닥동물병원','인천광역시 서구 가좌동 309번지 인천가좌두산위브트레지움 2단지','126.6852966','325745757','37.48878488');
Insert into SYSTEM.ANIMAL_HOSPITAL_INFO (HOSPITAL_NO,HOS_NAME,HOS_ADDRESS,NX,PHONE,NY) values (250,'삼성종합동물병원','인천광역시 서구 석남동 579-3','126.6721651','325840075','37.49947032');
Insert into SYSTEM.ANIMAL_HOSPITAL_INFO (HOSPITAL_NO,HOS_NAME,HOS_ADDRESS,NX,PHONE,NY) values (251,'루원하이동물병원','인천광역시 서구 가정동 619-4번지 드림타워 103호','126.6697246',null,'37.526486');
Insert into SYSTEM.ANIMAL_HOSPITAL_INFO (HOSPITAL_NO,HOS_NAME,HOS_ADDRESS,NX,PHONE,NY) values (252,'서울든든동물병원','인천광역시 미추홀구 문학동 140','126.680421','032-432-8575','37.436422');
Insert into SYSTEM.ANIMAL_HOSPITAL_INFO (HOSPITAL_NO,HOS_NAME,HOS_ADDRESS,NX,PHONE,NY) values (253,'가정동물병원','인천광역시 서구 가정동 517-32','126.6730305','032-575-0833','37.51566492');
Insert into SYSTEM.ANIMAL_HOSPITAL_INFO (HOSPITAL_NO,HOS_NAME,HOS_ADDRESS,NX,PHONE,NY) values (254,'세림동물병원','인천광역시 부평구 산곡동 143-2번지','126.7099519','032-503-0075','37.50363549');
Insert into SYSTEM.ANIMAL_HOSPITAL_INFO (HOSPITAL_NO,HOS_NAME,HOS_ADDRESS,NX,PHONE,NY) values (255,'부개종합동물병원','인천광역시 부평구 부개동 498-11','126.7395906','032-522-7585','37.50327297');
Insert into SYSTEM.ANIMAL_HOSPITAL_INFO (HOSPITAL_NO,HOS_NAME,HOS_ADDRESS,NX,PHONE,NY) values (256,'애나동물병원','인천광역시 부평구 산곡동 2-10번지 정진빌딩','126.7035963','032-529-9633','37.51238311');
Insert into SYSTEM.ANIMAL_HOSPITAL_INFO (HOSPITAL_NO,HOS_NAME,HOS_ADDRESS,NX,PHONE,NY) values (257,'보듬동물병원','인천광역시 남동구 서창동 663-1','126.7503515','467-0275','37.42444754');
Insert into SYSTEM.ANIMAL_HOSPITAL_INFO (HOSPITAL_NO,HOS_NAME,HOS_ADDRESS,NX,PHONE,NY) values (258,'백마동물병원','인천광역시 부평구 부평동 431-15번지 102호','126.7220315','032-528-1359','37.50324245');
Insert into SYSTEM.ANIMAL_HOSPITAL_INFO (HOSPITAL_NO,HOS_NAME,HOS_ADDRESS,NX,PHONE,NY) values (259,'동수동물병원','인천광역시 부평구 부평동 182-10번지','126.7270618','032-511-5338','37.49090048');
Insert into SYSTEM.ANIMAL_HOSPITAL_INFO (HOSPITAL_NO,HOS_NAME,HOS_ADDRESS,NX,PHONE,NY) values (260,'아프리카 동물의료센터','인천광역시 부평구 삼산동 427-5 덕성빌딩 3층','126.7325678','032-508-7582','37.51615774');
Insert into SYSTEM.ANIMAL_HOSPITAL_INFO (HOSPITAL_NO,HOS_NAME,HOS_ADDRESS,NX,PHONE,NY) values (261,'조재진동물병원','인천광역시 부평구 산곡동 411-23','126.713053','032-518-3800','37.50392292');
Insert into SYSTEM.ANIMAL_HOSPITAL_INFO (HOSPITAL_NO,HOS_NAME,HOS_ADDRESS,NX,PHONE,NY) values (262,'청천종합동물병원','인천광역시 부평구 청천동 174-7','126.7045345','032-517-0075','37.51664532');
Insert into SYSTEM.ANIMAL_HOSPITAL_INFO (HOSPITAL_NO,HOS_NAME,HOS_ADDRESS,NX,PHONE,NY) values (263,'삼산종합동물병원','인천광역시 부평구 삼산동 459-5','126.7361334','032-330-0075','37.50823897');
Insert into SYSTEM.ANIMAL_HOSPITAL_INFO (HOSPITAL_NO,HOS_NAME,HOS_ADDRESS,NX,PHONE,NY) values (264,'사랑동물병원','인천광역시 부평구 부개동 86-1번지','126.7371204','032-203-8984','37.49657491');
Insert into SYSTEM.ANIMAL_HOSPITAL_INFO (HOSPITAL_NO,HOS_NAME,HOS_ADDRESS,NX,PHONE,NY) values (265,'짱구네동물병원','인천광역시 부평구 갈산동 59-5','126.7296989','032-511-5515','37.51759604');
Insert into SYSTEM.ANIMAL_HOSPITAL_INFO (HOSPITAL_NO,HOS_NAME,HOS_ADDRESS,NX,PHONE,NY) values (266,'도그앤캣동물병원','인천광역시 부평구 부평동 341-160번지','126.7194557','032-524-0075','37.49138945');
Insert into SYSTEM.ANIMAL_HOSPITAL_INFO (HOSPITAL_NO,HOS_NAME,HOS_ADDRESS,NX,PHONE,NY) values (267,'서울종합동물병원','인천광역시 부평구 갈산동 364번지','126.7257649','032-508-7571','37.51160493');
Insert into SYSTEM.ANIMAL_HOSPITAL_INFO (HOSPITAL_NO,HOS_NAME,HOS_ADDRESS,NX,PHONE,NY) values (268,'우리애동물병원','인천광역시 남동구 논현동 671-1 109호','126.7339469','271-2202','37.40178683');
Insert into SYSTEM.ANIMAL_HOSPITAL_INFO (HOSPITAL_NO,HOS_NAME,HOS_ADDRESS,NX,PHONE,NY) values (269,'튼튼동물병원','인천광역시 부평구 청천동 386번지','126.7034892','032-270-2727','37.52184448');
Insert into SYSTEM.ANIMAL_HOSPITAL_INFO (HOSPITAL_NO,HOS_NAME,HOS_ADDRESS,NX,PHONE,NY) values (270,'동수사랑동물병원','인천광역시 부평구 부평동 754-92번지 롯데아이원 203호','126.7186822','344-5554','37.48582545');
Insert into SYSTEM.ANIMAL_HOSPITAL_INFO (HOSPITAL_NO,HOS_NAME,HOS_ADDRESS,NX,PHONE,NY) values (271,'쥬라기동물종합병원','인천광역시 부평구 부평동 115-18','126.7329183','032-504-7582','37.49820765');
Insert into SYSTEM.ANIMAL_HOSPITAL_INFO (HOSPITAL_NO,HOS_NAME,HOS_ADDRESS,NX,PHONE,NY) values (272,'늘푸른동물병원','인천광역시 부평구 삼산동 54-2','126.7384552','507-0075','37.52270711');
Insert into SYSTEM.ANIMAL_HOSPITAL_INFO (HOSPITAL_NO,HOS_NAME,HOS_ADDRESS,NX,PHONE,NY) values (273,'리치동물병원','인천광역시 부평구 삼산동 389-1번지','126.7430186','507-1110','37.52168595');
Insert into SYSTEM.ANIMAL_HOSPITAL_INFO (HOSPITAL_NO,HOS_NAME,HOS_ADDRESS,NX,PHONE,NY) values (274,'펫사랑동물병원','인천광역시 부평구 산곡동 194-6','126.7032326','032-521-0003','37.50064916');
Insert into SYSTEM.ANIMAL_HOSPITAL_INFO (HOSPITAL_NO,HOS_NAME,HOS_ADDRESS,NX,PHONE,NY) values (275,'반디동물병원','인천광역시 부평구 삼산동 461-1','126.7347343','032-724-8575','37.50720294');
Insert into SYSTEM.ANIMAL_HOSPITAL_INFO (HOSPITAL_NO,HOS_NAME,HOS_ADDRESS,NX,PHONE,NY) values (276,'현대동물병원','인천광역시 부평구 부평동 274-21번지','126.7118941','032-521-6578','37.49042239');
Insert into SYSTEM.ANIMAL_HOSPITAL_INFO (HOSPITAL_NO,HOS_NAME,HOS_ADDRESS,NX,PHONE,NY) values (277,'주주종합동물병원','인천광역시 부평구 부개동 301-38번지','126.7389369','032-505-7262','37.48685688');
Insert into SYSTEM.ANIMAL_HOSPITAL_INFO (HOSPITAL_NO,HOS_NAME,HOS_ADDRESS,NX,PHONE,NY) values (278,'부평종합동물의료센터','인천광역시 부평구 부평동 431-12 204-2, 205-2, 206-210호','126.7220054','032-511-6836','37.50378489');
Insert into SYSTEM.ANIMAL_HOSPITAL_INFO (HOSPITAL_NO,HOS_NAME,HOS_ADDRESS,NX,PHONE,NY) values (279,'정서동물병원','인천광역시 남동구 간석동 935','126.6972904','422-5399','37.46248523');
Insert into SYSTEM.ANIMAL_HOSPITAL_INFO (HOSPITAL_NO,HOS_NAME,HOS_ADDRESS,NX,PHONE,NY) values (280,'부평프라임동물병원','인천광역시 부평구 부평동 179-16 호진빌딩','126.72903','032-715-7587','37.49078612');
Insert into SYSTEM.ANIMAL_HOSPITAL_INFO (HOSPITAL_NO,HOS_NAME,HOS_ADDRESS,NX,PHONE,NY) values (281,'부평24시 SKY 동물의료센터','인천광역시 부평구 부평동 126-8','126.7312605','032-710-7533','37.49855216');
Insert into SYSTEM.ANIMAL_HOSPITAL_INFO (HOSPITAL_NO,HOS_NAME,HOS_ADDRESS,NX,PHONE,NY) values (282,'조은동물병원','인천광역시 남동구 논현동 561-2','126.7120463','428-0275','37.41387666');
Insert into SYSTEM.ANIMAL_HOSPITAL_INFO (HOSPITAL_NO,HOS_NAME,HOS_ADDRESS,NX,PHONE,NY) values (283,'이오동물병원','인천광역시 서구 검암동 506-1번지 동곡프라자','126.6807676','7107553','37.56661991');
Insert into SYSTEM.ANIMAL_HOSPITAL_INFO (HOSPITAL_NO,HOS_NAME,HOS_ADDRESS,NX,PHONE,NY) values (284,'이지 동물병원','인천광역시 계양구 병방동 422','126.7410978','032-549-0077','37.54841636');
Insert into SYSTEM.ANIMAL_HOSPITAL_INFO (HOSPITAL_NO,HOS_NAME,HOS_ADDRESS,NX,PHONE,NY) values (285,'24시 인천동물병원 치료해주오','인천광역시 남동구 논현동 637-2 코아루파크','126.7104063','432-1432','37.40143795');
Insert into SYSTEM.ANIMAL_HOSPITAL_INFO (HOSPITAL_NO,HOS_NAME,HOS_ADDRESS,NX,PHONE,NY) values (286,'리브동물의료센터','인천광역시 서구 왕길동 641-10 검단KB빌딩','126.6550287','032-567-2475','37.6013557');
Insert into SYSTEM.ANIMAL_HOSPITAL_INFO (HOSPITAL_NO,HOS_NAME,HOS_ADDRESS,NX,PHONE,NY) values (287,'우리아이동물병원','인천광역시 연수구 송도동 30-2 힐스테이트 송도 더스카이','126.6283838',null,'37.40109485');
Insert into SYSTEM.ANIMAL_HOSPITAL_INFO (HOSPITAL_NO,HOS_NAME,HOS_ADDRESS,NX,PHONE,NY) values (288,'인천동물심장내과','인천광역시 연수구 송도동 92 더샵송도센트럴파크Ⅲ','126.6386298','032-710-6686','37.38915045');
Insert into SYSTEM.ANIMAL_HOSPITAL_INFO (HOSPITAL_NO,HOS_NAME,HOS_ADDRESS,NX,PHONE,NY) values (289,'한마음','인천광역시 강화군 강화읍 남산리 18-3','126.4886592','933-6858','37.74421153');
Insert into SYSTEM.ANIMAL_HOSPITAL_INFO (HOSPITAL_NO,HOS_NAME,HOS_ADDRESS,NX,PHONE,NY) values (290,'바울 동물병원','인천광역시 강화군 강화읍 남산리 43-3 2층','126.4879937',null,'37.74148605');
Insert into SYSTEM.ANIMAL_HOSPITAL_INFO (HOSPITAL_NO,HOS_NAME,HOS_ADDRESS,NX,PHONE,NY) values (291,'애니힐동물병원','인천광역시 남동구 구월동 1526-1','126.7142743','466-7975','37.44264807');
Insert into SYSTEM.ANIMAL_HOSPITAL_INFO (HOSPITAL_NO,HOS_NAME,HOS_ADDRESS,NX,PHONE,NY) values (292,'인천강화옹진축협 동물병원','인천광역시 강화군 강화읍 관청리 117-1번지','126.4884916','032-933-9509','37.74549362');
Insert into SYSTEM.ANIMAL_HOSPITAL_INFO (HOSPITAL_NO,HOS_NAME,HOS_ADDRESS,NX,PHONE,NY) values (293,'종합','인천광역시 강화군 강화읍 관청리 119-9 7통','126.4881693','934-2570','37.74551535');
Insert into SYSTEM.ANIMAL_HOSPITAL_INFO (HOSPITAL_NO,HOS_NAME,HOS_ADDRESS,NX,PHONE,NY) values (294,'베스트','인천광역시 강화군 강화읍 갑곳리 519-2','126.5048259','934-9340','37.74064732');
Insert into SYSTEM.ANIMAL_HOSPITAL_INFO (HOSPITAL_NO,HOS_NAME,HOS_ADDRESS,NX,PHONE,NY) values (295,'서울동물','인천광역시 강화군 강화읍 남산리','126.4871502','933-2729','37.73836508');
Insert into SYSTEM.ANIMAL_HOSPITAL_INFO (HOSPITAL_NO,HOS_NAME,HOS_ADDRESS,NX,PHONE,NY) values (296,'백령동물병원','인천광역시 옹진군 백령면 진촌리 1129-4번지','124.71586',null,'37.971608');
Insert into SYSTEM.ANIMAL_HOSPITAL_INFO (HOSPITAL_NO,HOS_NAME,HOS_ADDRESS,NX,PHONE,NY) values (297,'영종H동물의료센터','인천광역시 중구 중산동 1873-3','126.5589477','327527515','37.48871433');
Insert into SYSTEM.ANIMAL_HOSPITAL_INFO (HOSPITAL_NO,HOS_NAME,HOS_ADDRESS,NX,PHONE,NY) values (298,'이영수 고양이 병원','인천광역시 서구 가정동 645-1 301호','126.6731297','032-205-0279','37.52711427');
Insert into SYSTEM.ANIMAL_HOSPITAL_INFO (HOSPITAL_NO,HOS_NAME,HOS_ADDRESS,NX,PHONE,NY) values (299,'W 인천심장동물병원','인천광역시 서구 청라동 157-21 청라한신더휴커낼웨이 212호','126.6474601','032-565-8270','37.53231115');
Insert into SYSTEM.ANIMAL_HOSPITAL_INFO (HOSPITAL_NO,HOS_NAME,HOS_ADDRESS,NX,PHONE,NY) values (300,'24시 송도 온 동물의료센터','인천광역시 연수구 송도동 92 더샵송도센트럴파크Ⅲ','126.6386298','032-831-7580','37.38915045');
Insert into SYSTEM.ANIMAL_HOSPITAL_INFO (HOSPITAL_NO,HOS_NAME,HOS_ADDRESS,NX,PHONE,NY) values (301,'아빠 동물병원','인천광역시 연수구 송도동 397-5 힐스테이트 레이크 송도3차','126.6178211','032-833-4642','37.39346583');
Insert into SYSTEM.ANIMAL_HOSPITAL_INFO (HOSPITAL_NO,HOS_NAME,HOS_ADDRESS,NX,PHONE,NY) values (302,'메이동물병원','인천광역시 남동구 만수동 1118-1','126.7327019','462-0070','37.46143091');
Insert into SYSTEM.ANIMAL_HOSPITAL_INFO (HOSPITAL_NO,HOS_NAME,HOS_ADDRESS,NX,PHONE,NY) values (303,'쪼꼬동물메디컬센터','인천광역시 서구 가정동 606-2번지 2층','126.6650215','325652943','37.52936503');
Insert into SYSTEM.ANIMAL_HOSPITAL_INFO (HOSPITAL_NO,HOS_NAME,HOS_ADDRESS,NX,PHONE,NY) values (304,'바나나동물병원','인천광역시 남동구 구월동 1264','126.7196739','231-0119','37.45552362');
Insert into SYSTEM.ANIMAL_HOSPITAL_INFO (HOSPITAL_NO,HOS_NAME,HOS_ADDRESS,NX,PHONE,NY) values (305,'청라호수동물메디컬센터','인천광역시 서구 청라동 105-62','126.6301573','325680022','37.52483321');
Insert into SYSTEM.ANIMAL_HOSPITAL_INFO (HOSPITAL_NO,HOS_NAME,HOS_ADDRESS,NX,PHONE,NY) values (306,'진현우동물병원','인천광역시 서구 석남동 454-3번지','126.6724105','325727475','37.51138036');
Insert into SYSTEM.ANIMAL_HOSPITAL_INFO (HOSPITAL_NO,HOS_NAME,HOS_ADDRESS,NX,PHONE,NY) values (307,'24시 더블유 동물의료센터','인천광역시 서구 청라동 157-21 청라한신더휴커낼웨이','126.6474601','325658270','37.53231115');
Insert into SYSTEM.ANIMAL_HOSPITAL_INFO (HOSPITAL_NO,HOS_NAME,HOS_ADDRESS,NX,PHONE,NY) values (308,'가온동물의료센터','인천광역시 서구 가정동 619-7','126.6709048','032-566-7589','37.52639441');
Insert into SYSTEM.ANIMAL_HOSPITAL_INFO (HOSPITAL_NO,HOS_NAME,HOS_ADDRESS,NX,PHONE,NY) values (309,'24시퍼스트동물의료센터','인천광역시 미추홀구 주안동 929-16 보미 리즌빌','126.690263','032-435-6333','37.46216441');
Insert into SYSTEM.ANIMAL_HOSPITAL_INFO (HOSPITAL_NO,HOS_NAME,HOS_ADDRESS,NX,PHONE,NY) values (310,'삼산평생동물병원','인천광역시 부평구 삼산동 462-4 유림프라자 201호','126.7339513','032-515-3375','37.50833768');
Insert into SYSTEM.ANIMAL_HOSPITAL_INFO (HOSPITAL_NO,HOS_NAME,HOS_ADDRESS,NX,PHONE,NY) values (311,'송도 클로버동물병원','인천광역시 연수구 송도동 10-7 220호','126.6408621','032-851-8119','37.38308974');
Insert into SYSTEM.ANIMAL_HOSPITAL_INFO (HOSPITAL_NO,HOS_NAME,HOS_ADDRESS,NX,PHONE,NY) values (312,'리라동물병원','인천광역시 중구 중산동 1884-2','126.5614593',null,'37.48908174');
Insert into SYSTEM.ANIMAL_HOSPITAL_INFO (HOSPITAL_NO,HOS_NAME,HOS_ADDRESS,NX,PHONE,NY) values (313,'물빛동물병원','인천광역시 남동구 서창동 687-1','126.7484818','468-7975','37.42554911');
Insert into SYSTEM.ANIMAL_HOSPITAL_INFO (HOSPITAL_NO,HOS_NAME,HOS_ADDRESS,NX,PHONE,NY) values (314,'라임동물병원','인천광역시 서구 청라동 127-2 1층','126.6534759','032-563-1900','37.53668319');
Insert into SYSTEM.ANIMAL_HOSPITAL_INFO (HOSPITAL_NO,HOS_NAME,HOS_ADDRESS,NX,PHONE,NY) values (315,'토비동물병원','인천광역시 연수구 송도동 19-1 커낼워크D2 SUMMER 211호','126.6370584','032-710-3175','37.39927528');
Insert into SYSTEM.ANIMAL_HOSPITAL_INFO (HOSPITAL_NO,HOS_NAME,HOS_ADDRESS,NX,PHONE,NY) values (316,'9월의 소원 동물병원','인천광역시 남동구 구월동 1199-1 그랜드프라자 204,205호','126.7090732','710-5956','37.45278125');
Insert into SYSTEM.ANIMAL_HOSPITAL_INFO (HOSPITAL_NO,HOS_NAME,HOS_ADDRESS,NX,PHONE,NY) values (317,'우주동물병원','인천광역시 중구 운서동 2929-4','126.5079559','032-721-7475','37.48312269');
Insert into SYSTEM.ANIMAL_HOSPITAL_INFO (HOSPITAL_NO,HOS_NAME,HOS_ADDRESS,NX,PHONE,NY) values (318,'계산동물병원','인천광역시 계양구 작전동 855-14 2층','126.7229256','032-549-2626','37.53579159');
Insert into SYSTEM.ANIMAL_HOSPITAL_INFO (HOSPITAL_NO,HOS_NAME,HOS_ADDRESS,NX,PHONE,NY) values (319,'다오동물병원','인천광역시 계양구 계산동 1062 하이베라스 123,124호 D동','126.7361074','032-548-0275','37.53860014');
Insert into SYSTEM.ANIMAL_HOSPITAL_INFO (HOSPITAL_NO,HOS_NAME,HOS_ADDRESS,NX,PHONE,NY) values (320,'해림동물병원','인천광역시 계양구 작전동 864-39','126.7222072','032-546-0079','37.53109237');
Insert into SYSTEM.ANIMAL_HOSPITAL_INFO (HOSPITAL_NO,HOS_NAME,HOS_ADDRESS,NX,PHONE,NY) values (321,'쿨펫동물병원','인천광역시 계양구 계산동 1061 홈플러스 2층','126.7362101','032-554-7579','37.53950417');
Insert into SYSTEM.ANIMAL_HOSPITAL_INFO (HOSPITAL_NO,HOS_NAME,HOS_ADDRESS,NX,PHONE,NY) values (322,'자연동물병원','인천광역시 계양구 작전동 428-6 101호','126.723207','032-551-0975','37.5267139');
Insert into SYSTEM.ANIMAL_HOSPITAL_INFO (HOSPITAL_NO,HOS_NAME,HOS_ADDRESS,NX,PHONE,NY) values (323,'재영 동물병원','인천광역시 계양구 작전동 901-4 한샘프라자','126.7342542','032-542-4647','37.53101216');
Insert into SYSTEM.ANIMAL_HOSPITAL_INFO (HOSPITAL_NO,HOS_NAME,HOS_ADDRESS,NX,PHONE,NY) values (324,'찬샘동물병원','인천광역시 남동구 구월동 1132 타원벨라움','126.7031932','251-7575','37.45304037');
Insert into SYSTEM.ANIMAL_HOSPITAL_INFO (HOSPITAL_NO,HOS_NAME,HOS_ADDRESS,NX,PHONE,NY) values (325,'한스동물병원','인천광역시 계양구 동양동 640-15','126.7576895','032-555-7756','37.5590584');
Insert into SYSTEM.ANIMAL_HOSPITAL_INFO (HOSPITAL_NO,HOS_NAME,HOS_ADDRESS,NX,PHONE,NY) values (326,'작전 캣독 동물병원','인천광역시 계양구 작전동 925-1','126.7340205','032-544-0075','37.52979346');
Insert into SYSTEM.ANIMAL_HOSPITAL_INFO (HOSPITAL_NO,HOS_NAME,HOS_ADDRESS,NX,PHONE,NY) values (327,'계양 동물 메디컬 센터','인천광역시 계양구 계산동 942-37 1층','126.7223529','032-555-9975','37.5409097');
Insert into SYSTEM.ANIMAL_HOSPITAL_INFO (HOSPITAL_NO,HOS_NAME,HOS_ADDRESS,NX,PHONE,NY) values (328,'아이러브펫 동물병원 작전점','인천광역시 계양구 작전동 448-7 홈플러스 3층','126.7212712','552-7588','37.52617652');
Insert into SYSTEM.ANIMAL_HOSPITAL_INFO (HOSPITAL_NO,HOS_NAME,HOS_ADDRESS,NX,PHONE,NY) values (329,'AVC 동물메디컬센터','인천광역시 계양구 계산동 919 3동','126.7290219','032-547-4788','37.54375362');
Insert into SYSTEM.ANIMAL_HOSPITAL_INFO (HOSPITAL_NO,HOS_NAME,HOS_ADDRESS,NX,PHONE,NY) values (330,'아마존 동물병원','인천광역시 계양구 임학동 67-7 101호','126.7382394','032-555-7502','37.54510726');
Insert into SYSTEM.ANIMAL_HOSPITAL_INFO (HOSPITAL_NO,HOS_NAME,HOS_ADDRESS,NX,PHONE,NY) values (331,'신통방통 동물병원','인천광역시 계양구 작전동 863','126.7229129','032-552-3369','37.53240172');
Insert into SYSTEM.ANIMAL_HOSPITAL_INFO (HOSPITAL_NO,HOS_NAME,HOS_ADDRESS,NX,PHONE,NY) values (332,'한솔 동물병원','인천광역시 계양구 계산동 918-2번지','126.7302601','553-4652,','37.54355785');
Insert into SYSTEM.ANIMAL_HOSPITAL_INFO (HOSPITAL_NO,HOS_NAME,HOS_ADDRESS,NX,PHONE,NY) values (333,'계양동물병원','인천광역시 계양구 효성동 320-1','126.7107858','032-551-8275','37.52764979');
Insert into SYSTEM.ANIMAL_HOSPITAL_INFO (HOSPITAL_NO,HOS_NAME,HOS_ADDRESS,NX,PHONE,NY) values (334,'호랑이 동물병원','인천광역시 연수구 송도동 190-2 송도글로벌캠퍼스푸르지오 205동 110호','126.6538245','032-815-7522','37.37669416');
Insert into SYSTEM.ANIMAL_HOSPITAL_INFO (HOSPITAL_NO,HOS_NAME,HOS_ADDRESS,NX,PHONE,NY) values (335,'젬마동물병원','인천광역시 남동구 만수동 948-4','126.7310972','464-4488','37.45479925');
Insert into SYSTEM.ANIMAL_HOSPITAL_INFO (HOSPITAL_NO,HOS_NAME,HOS_ADDRESS,NX,PHONE,NY) values (336,'신영재동물병원','인천광역시 계양구 병방동 426','126.7413537','032-552-0075','37.54888107');
Insert into SYSTEM.ANIMAL_HOSPITAL_INFO (HOSPITAL_NO,HOS_NAME,HOS_ADDRESS,NX,PHONE,NY) values (337,'하나 동물병원','인천광역시 계양구 작전동 949 작전역 서해그랑블 205호','126.7201551','032-553-6678','37.52731545');
Insert into SYSTEM.ANIMAL_HOSPITAL_INFO (HOSPITAL_NO,HOS_NAME,HOS_ADDRESS,NX,PHONE,NY) values (338,'계양SKY동물메디컬센터','인천광역시 계양구 작전동 901-3 세종팰리스','126.7342535','275-7575','37.53135307');
Insert into SYSTEM.ANIMAL_HOSPITAL_INFO (HOSPITAL_NO,HOS_NAME,HOS_ADDRESS,NX,PHONE,NY) values (339,'닥터팬더 동물병원','인천광역시 계양구 용종동 207-1 인천 계양 코아루 센트럴파크','126.7378599','032-553-7975','37.54183296');
Insert into SYSTEM.ANIMAL_HOSPITAL_INFO (HOSPITAL_NO,HOS_NAME,HOS_ADDRESS,NX,PHONE,NY) values (340,'쿨펫동물병원','인천광역시 계양구 작전동 911-1 이마트','126.7368991','032-555-7582','37.53104868');
Insert into SYSTEM.ANIMAL_HOSPITAL_INFO (HOSPITAL_NO,HOS_NAME,HOS_ADDRESS,NX,PHONE,NY) values (341,'아이케어 동물병원','인천광역시 서구 청라동 167-1 청라리치아노','126.6574694','325647600','37.53391652');
Insert into SYSTEM.ANIMAL_HOSPITAL_INFO (HOSPITAL_NO,HOS_NAME,HOS_ADDRESS,NX,PHONE,NY) values (342,'부평 모모 동물병원','인천광역시 부평구 부평동 274-44','126.7111187','032-524-5557','37.49013721');
Insert into SYSTEM.ANIMAL_HOSPITAL_INFO (HOSPITAL_NO,HOS_NAME,HOS_ADDRESS,NX,PHONE,NY) values (343,'코지동물의료센터 서구청점','인천광역시 서구 심곡동 255-3 대화빌딩','126.676291','032-566-7558','37.5410764');
Insert into SYSTEM.ANIMAL_HOSPITAL_INFO (HOSPITAL_NO,HOS_NAME,HOS_ADDRESS,NX,PHONE,NY) values (344,'애니펫동물병원','인천광역시 연수구 송도동 15-10 송도 더 프라우 3단지 303동 123~125호','126.6506904','032-833-4875','37.399999');
Insert into SYSTEM.ANIMAL_HOSPITAL_INFO (HOSPITAL_NO,HOS_NAME,HOS_ADDRESS,NX,PHONE,NY) values (345,'행복한산책 동물병원','인천광역시 서구 청라동 105-26 1층','126.629358',null,'37.52460277');
Insert into SYSTEM.ANIMAL_HOSPITAL_INFO (HOSPITAL_NO,HOS_NAME,HOS_ADDRESS,NX,PHONE,NY) values (346,'세우리동물병원','인천광역시 남동구 간석동 921-15','126.7205734','463-9066','37.46111659');
Insert into SYSTEM.ANIMAL_HOSPITAL_INFO (HOSPITAL_NO,HOS_NAME,HOS_ADDRESS,NX,PHONE,NY) values (347,'중앙동물병원','인천광역시 강화군 강화읍 남산리 279-1','126.4870071','329336862','37.73748271');
Insert into SYSTEM.ANIMAL_HOSPITAL_INFO (HOSPITAL_NO,HOS_NAME,HOS_ADDRESS,NX,PHONE,NY) values (348,'Dr.G 동물병원','인천광역시 강화군 선원면 창리 493 희년빌딩 106호','126.4881828',null,'37.7357002');
Insert into SYSTEM.ANIMAL_HOSPITAL_INFO (HOSPITAL_NO,HOS_NAME,HOS_ADDRESS,NX,PHONE,NY) values (349,'코지동물의료센터','인천광역시 남동구 논현동 672-4','126.7354427','423-7588','37.40243168');
Insert into SYSTEM.ANIMAL_HOSPITAL_INFO (HOSPITAL_NO,HOS_NAME,HOS_ADDRESS,NX,PHONE,NY) values (350,'24시송도오케이동물의료센터','인천광역시 연수구 송도동 30-2 힐스테이트 송도 더스카이','126.6283838','032-832-7975','37.40109485');
Insert into SYSTEM.ANIMAL_HOSPITAL_INFO (HOSPITAL_NO,HOS_NAME,HOS_ADDRESS,NX,PHONE,NY) values (351,'포인트동물의료센터','인천광역시 미추홀구 용현동 577-42','126.6399311','032-882-8275','37.45454702');
Insert into SYSTEM.ANIMAL_HOSPITAL_INFO (HOSPITAL_NO,HOS_NAME,HOS_ADDRESS,NX,PHONE,NY) values (352,'우성동물병원','인천광역시 연수구 옥련동 563-7 2층','126.6531757',null,'37.41772101');
Insert into SYSTEM.ANIMAL_HOSPITAL_INFO (HOSPITAL_NO,HOS_NAME,HOS_ADDRESS,NX,PHONE,NY) values (353,'모코동물의료센터','인천광역시 계양구 계산동 1080-2 연세차메디칼센터 103호','126.7382603','032-548-1101','37.53557323');
Insert into SYSTEM.ANIMAL_HOSPITAL_INFO (HOSPITAL_NO,HOS_NAME,HOS_ADDRESS,NX,PHONE,NY) values (354,'소나무동물메디컬 센터','인천광역시 계양구 효성동 75-3 효성동메트하임 101동 101호','126.7108368','032-556-9990','37.52974311');
Insert into SYSTEM.ANIMAL_HOSPITAL_INFO (HOSPITAL_NO,HOS_NAME,HOS_ADDRESS,NX,PHONE,NY) values (355,'인천종합동물병원','인천광역시 동구 송현동 99-15','126.6336582','032-765-0112','37.47660026');
Insert into SYSTEM.ANIMAL_HOSPITAL_INFO (HOSPITAL_NO,HOS_NAME,HOS_ADDRESS,NX,PHONE,NY) values (356,'디디동물병원','인천광역시 강화군 강화읍 갑곳리 364','126.5005608','032-719-7533','37.74213524');
Insert into SYSTEM.ANIMAL_HOSPITAL_INFO (HOSPITAL_NO,HOS_NAME,HOS_ADDRESS,NX,PHONE,NY) values (357,'만수동물병원','인천광역시 남동구 만수동 1025-11 1층','126.7390202','467-8450','37.44429779');
Insert into SYSTEM.ANIMAL_HOSPITAL_INFO (HOSPITAL_NO,HOS_NAME,HOS_ADDRESS,NX,PHONE,NY) values (358,'노아 동물병원','인천광역시 미추홀구 도화동 0번지 도화프라자','126.6635113','032-874-2202','37.47045484');
Insert into SYSTEM.ANIMAL_HOSPITAL_INFO (HOSPITAL_NO,HOS_NAME,HOS_ADDRESS,NX,PHONE,NY) values (359,'온리동물병원','인천광역시 부평구 십정동 289-8 더샵부평센트럴시티 상가동 F동 105호','126.6978475','032-719-4812','37.47539833');
Insert into SYSTEM.ANIMAL_HOSPITAL_INFO (HOSPITAL_NO,HOS_NAME,HOS_ADDRESS,NX,PHONE,NY) values (360,'으뜸동물병원','인천광역시 미추홀구 주안동 465-2','126.6802775','032-713-4904','37.45648694');
Insert into SYSTEM.ANIMAL_HOSPITAL_INFO (HOSPITAL_NO,HOS_NAME,HOS_ADDRESS,NX,PHONE,NY) values (361,'투게더 동물병원','인천광역시 연수구 송도동 96 리치센트럴 2층 237호','126.6352692','032-710-7578','37.38908835');
Insert into SYSTEM.ANIMAL_HOSPITAL_INFO (HOSPITAL_NO,HOS_NAME,HOS_ADDRESS,NX,PHONE,NY) values (362,'시민동물병원','인천광역시 부평구 부평동 756-151 DS 까사 101호','126.7154893','032-426-4545','37.48434309');
Insert into SYSTEM.ANIMAL_HOSPITAL_INFO (HOSPITAL_NO,HOS_NAME,HOS_ADDRESS,NX,PHONE,NY) values (363,'해원 동물병원','인천광역시 부평구 산곡동 51-3 1층 104호~105호','126.7007908','032-505-7975','37.51328998');
Insert into SYSTEM.ANIMAL_HOSPITAL_INFO (HOSPITAL_NO,HOS_NAME,HOS_ADDRESS,NX,PHONE,NY) values (364,'24시 연희동물의료센터','인천광역시 연수구 청학동 503-4 이리옴프라자','126.6756825','032-821-8088','37.41431568');
Insert into SYSTEM.ANIMAL_HOSPITAL_INFO (HOSPITAL_NO,HOS_NAME,HOS_ADDRESS,NX,PHONE,NY) values (365,'모두애동물병원','인천광역시 연수구 송도동 316 힐스테이트 송도 더테라스 판매시설S동 170호','126.6265835','032-832-7575','37.41047991');
Insert into SYSTEM.ANIMAL_HOSPITAL_INFO (HOSPITAL_NO,HOS_NAME,HOS_ADDRESS,NX,PHONE,NY) values (366,'바른동물병원','인천광역시 연수구 송도동 311 랜드마크시티센트럴더샵 판매시설동 1층 8호','126.6194207','032-330-7522','37.4155184');
Insert into SYSTEM.ANIMAL_HOSPITAL_INFO (HOSPITAL_NO,HOS_NAME,HOS_ADDRESS,NX,PHONE,NY) values (367,'송도 아이본 동물의료센터','인천광역시 연수구 동춘동 816-4 1,2층','126.6542077','032-833-7585','37.41258648');
Insert into SYSTEM.ANIMAL_HOSPITAL_INFO (HOSPITAL_NO,HOS_NAME,HOS_ADDRESS,NX,PHONE,NY) values (368,'마이펫 동물병원','인천광역시 남동구 간석동 216-4','126.7068742','428-8275','37.46753766');
Insert into SYSTEM.ANIMAL_HOSPITAL_INFO (HOSPITAL_NO,HOS_NAME,HOS_ADDRESS,NX,PHONE,NY) values (369,'플러스동물병원','인천광역시 연수구 송도동 155 송도아메리칸타운아이파크 104동 104,105호','126.6622164','032-816-2588','37.38505283');
Insert into SYSTEM.ANIMAL_HOSPITAL_INFO (HOSPITAL_NO,HOS_NAME,HOS_ADDRESS,NX,PHONE,NY) values (370,'페톰스동물병원','인천광역시 연수구 송도동 9-19 에몬스프라자 2층 205,205-1호','126.6461025','032-710-8559','37.37892059');
Insert into SYSTEM.ANIMAL_HOSPITAL_INFO (HOSPITAL_NO,HOS_NAME,HOS_ADDRESS,NX,PHONE,NY) values (371,'청아동물병원','인천광역시 연수구 청학동 451 시대아파트 상가동 1층 118호','126.6695772','032-710-7217','37.42250067');
Insert into SYSTEM.ANIMAL_HOSPITAL_INFO (HOSPITAL_NO,HOS_NAME,HOS_ADDRESS,NX,PHONE,NY) values (372,'브리즈 동물병원','인천광역시 서구 당하동 1082-10 2층호','126.6729748','032-710-8559','37.59046489');
Insert into SYSTEM.ANIMAL_HOSPITAL_INFO (HOSPITAL_NO,HOS_NAME,HOS_ADDRESS,NX,PHONE,NY) values (373,'동물병원 왓슨','인천광역시 부평구 부개동 128-4 1층','126.736651','032-715-7124','37.4922454');
Insert into SYSTEM.ANIMAL_HOSPITAL_INFO (HOSPITAL_NO,HOS_NAME,HOS_ADDRESS,NX,PHONE,NY) values (374,'24시 더원 동물병원','인천광역시 서구 원당동 1043-9 정석프라자','126.711932','032-569-6677','37.592946');
Insert into SYSTEM.ANIMAL_HOSPITAL_INFO (HOSPITAL_NO,HOS_NAME,HOS_ADDRESS,NX,PHONE,NY) values (375,'아이비유동물병원','인천광역시 서구 원당동 1024 검단 금호어울림 센트럴','126.713504',null,'37.59452');
Insert into SYSTEM.ANIMAL_HOSPITAL_INFO (HOSPITAL_NO,HOS_NAME,HOS_ADDRESS,NX,PHONE,NY) values (376,'검단이담동물의료센터','인천광역시 서구 원당동 0 세중시그니쳐','126.716767','327102440','37.594576');
Insert into SYSTEM.ANIMAL_HOSPITAL_INFO (HOSPITAL_NO,HOS_NAME,HOS_ADDRESS,NX,PHONE,NY) values (377,'동암동물병원','인천광역시 남동구 간석동 570-5','126.6989734','437-5535','37.46828242');
Insert into SYSTEM.ANIMAL_HOSPITAL_INFO (HOSPITAL_NO,HOS_NAME,HOS_ADDRESS,NX,PHONE,NY) values (378,'행복한 동물병원','인천광역시 남동구 만수동 916-2','126.7255071','469-7588','37.45527323');
Insert into SYSTEM.ANIMAL_HOSPITAL_INFO (HOSPITAL_NO,HOS_NAME,HOS_ADDRESS,NX,PHONE,NY) values (379,'소망동물병원','인천광역시 남동구 구월동 1149-5 1층','126.7071051','434-6002','37.44816435');
Insert into SYSTEM.ANIMAL_HOSPITAL_INFO (HOSPITAL_NO,HOS_NAME,HOS_ADDRESS,NX,PHONE,NY) values (380,'인천24시유앤미동물병원','인천광역시 남동구 간석동 210-9 동성빌딩','126.7084631','433-0755','37.46356837');
Insert into SYSTEM.ANIMAL_HOSPITAL_INFO (HOSPITAL_NO,HOS_NAME,HOS_ADDRESS,NX,PHONE,NY) values (381,'논현동물병원','인천광역시 남동구 논현동 751-1','126.7330058','423-0975','37.39983751');
Insert into SYSTEM.ANIMAL_HOSPITAL_INFO (HOSPITAL_NO,HOS_NAME,HOS_ADDRESS,NX,PHONE,NY) values (382,'아인동물의료센터','인천광역시 연수구 송도동 21-53 301-3호','126.6461989','032-721-7595','37.39465925');
Insert into SYSTEM.ANIMAL_HOSPITAL_INFO (HOSPITAL_NO,HOS_NAME,HOS_ADDRESS,NX,PHONE,NY) values (383,'강아지와고양이나라 동물병원','인천광역시 남동구 논현동 605-11','126.7257068','439-3578','37.4045108');
Insert into SYSTEM.ANIMAL_HOSPITAL_INFO (HOSPITAL_NO,HOS_NAME,HOS_ADDRESS,NX,PHONE,NY) values (384,'도그플러스동물병원','인천광역시 남동구 간석동 616-3','126.6890142','862-0975','37.46955445');
Insert into SYSTEM.ANIMAL_HOSPITAL_INFO (HOSPITAL_NO,HOS_NAME,HOS_ADDRESS,NX,PHONE,NY) values (385,'동물의왕국 동물병원','인천광역시 남동구 구월동 1406-9','126.6987349','439-0039','37.44492037');
Insert into SYSTEM.ANIMAL_HOSPITAL_INFO (HOSPITAL_NO,HOS_NAME,HOS_ADDRESS,NX,PHONE,NY) values (386,'해피동물병원','인천광역시 남동구 논현동 619-15','126.7225275','439-8822','37.40331574');
Insert into SYSTEM.ANIMAL_HOSPITAL_INFO (HOSPITAL_NO,HOS_NAME,HOS_ADDRESS,NX,PHONE,NY) values (387,'웰동물메디컬센터','인천광역시 남동구 구월동 1145-6번지','126.7071058','433-7582','37.45025343');
Insert into SYSTEM.ANIMAL_HOSPITAL_INFO (HOSPITAL_NO,HOS_NAME,HOS_ADDRESS,NX,PHONE,NY) values (388,'루이스24시동물병원','인천광역시 남동구 만수동 850-5','126.7237127','710-1237','37.4606851');
Insert into SYSTEM.ANIMAL_HOSPITAL_INFO (HOSPITAL_NO,HOS_NAME,HOS_ADDRESS,NX,PHONE,NY) values (389,'길동물병원','인천광역시 남동구 만수동 889-15','126.7259673','467-1275','37.45568494');
Insert into SYSTEM.ANIMAL_HOSPITAL_INFO (HOSPITAL_NO,HOS_NAME,HOS_ADDRESS,NX,PHONE,NY) values (390,'해맑은동물병원','인천광역시 남동구 만수동 1079-3','126.7353741','469-8275','37.44563884');
Insert into SYSTEM.ANIMAL_HOSPITAL_INFO (HOSPITAL_NO,HOS_NAME,HOS_ADDRESS,NX,PHONE,NY) values (391,'덕수동물병원','인천광역시 남동구 간석동 900-153','126.69792','467-8575','37.45810759');
Insert into SYSTEM.ANIMAL_HOSPITAL_INFO (HOSPITAL_NO,HOS_NAME,HOS_ADDRESS,NX,PHONE,NY) values (393,'하태흥반려동물의료센터','인천광역시 남동구 만수동 102-8','126.7305515','466-8670','37.4581134');
Insert into SYSTEM.ANIMAL_HOSPITAL_INFO (HOSPITAL_NO,HOS_NAME,HOS_ADDRESS,NX,PHONE,NY) values (394,'신세계동물병원','인천광역시 남동구 만수동 879-2','126.7276498','468-7533','37.45685115');
Insert into SYSTEM.ANIMAL_HOSPITAL_INFO (HOSPITAL_NO,HOS_NAME,HOS_ADDRESS,NX,PHONE,NY) values (395,'필종합동물병원','인천광역시 남동구 남촌동 333-5 1층','126.7160257','462-2550','37.43160991');
REM INSERTING into SYSTEM.AREA
SET DEFINE OFF;
Insert into SYSTEM.AREA (SI,GU,DONG,NY,NX) values ('인천광역시','강화군','불은면','37.6865846022372 ','126.480343900914');
Insert into SYSTEM.AREA (SI,GU,DONG,NY,NX) values ('인천광역시','중구','연안동','37.4532343334372','126.604524133004');
Insert into SYSTEM.AREA (SI,GU,DONG,NY,NX) values ('인천광역시','중구','영종1동','37.4688','126.6219');
Insert into SYSTEM.AREA (SI,GU,DONG,NY,NX) values ('인천광역시','동구','화수2동','37.4843949118322 ','126.630184086624');
Insert into SYSTEM.AREA (SI,GU,DONG,NY,NX) values ('인천광역시','동구','송림4동','37.4801666','126.65886');
Insert into SYSTEM.AREA (SI,GU,DONG,NY,NX) values ('인천광역시','미추홀구','숭의1.3동','37.4613538747455','126.638869847842');
Insert into SYSTEM.AREA (SI,GU,DONG,NY,NX) values ('인천광역시','미추홀구','용현5동','37.4496903479041','126.640236878589');
Insert into SYSTEM.AREA (SI,GU,DONG,NY,NX) values ('인천광역시','미추홀구','주안1동','37.4618867020533','126.68180575715');
Insert into SYSTEM.AREA (SI,GU,DONG,NY,NX) values ('인천광역시','연수구','송도2동','37.4032746079109 ','126.641696771317');
Insert into SYSTEM.AREA (SI,GU,DONG,NY,NX) values ('인천광역시','남동구','구월2동','37.4560677068178 ','126.713386439989');
Insert into SYSTEM.AREA (SI,GU,DONG,NY,NX) values ('인천광역시','부평구','부평2동','37.4868931357026 ','126.71794526922');
Insert into SYSTEM.AREA (SI,GU,DONG,NY,NX) values ('인천광역시','계양구',null,'37.53240172','126.7229129');
Insert into SYSTEM.AREA (SI,GU,DONG,NY,NX) values ('인천광역시','계양구','계산3동','37.53860015699','126.736107451678');
Insert into SYSTEM.AREA (SI,GU,DONG,NY,NX) values ('인천광역시','서구',null,'37.5454335160344','126.676028468221');
Insert into SYSTEM.AREA (SI,GU,DONG,NY,NX) values ('인천광역시','서구','마전동','37.5953744773207 ','126.673701407057');
Insert into SYSTEM.AREA (SI,GU,DONG,NY,NX) values ('인천광역시','중구','중산동','37.4887143002156','126.558947760255');
Insert into SYSTEM.AREA (SI,GU,DONG,NY,NX) values ('인천광역시','계양구','효성1동','37.5325094388931','126.712130233064');
Insert into SYSTEM.AREA (SI,GU,DONG,NY,NX) values ('인천광역시','계양구','계산1동','37.5396278211814','126.721353937644');
Insert into SYSTEM.AREA (SI,GU,DONG,NY,NX) values ('인천광역시','계양구','계산4동','37.5345888686346','126.741711004382');
Insert into SYSTEM.AREA (SI,GU,DONG,NY,NX) values ('인천광역시','계양구','작전2동','37.532926793716','126.723908657802');
Insert into SYSTEM.AREA (SI,GU,DONG,NY,NX) values ('인천광역시','계양구','계양2동','37.5437725115121','126.737116898382');
Insert into SYSTEM.AREA (SI,GU,DONG,NY,NX) values ('인천광역시','동구',null,'37.4738609917963','126.6165');
Insert into SYSTEM.AREA (SI,GU,DONG,NY,NX) values ('인천광역시','부평구',null,'37.5070416636403','126.721864167603');
Insert into SYSTEM.AREA (SI,GU,DONG,NY,NX) values ('인천광역시','강화군',null,'37.7465683959168','126.488039602372');
Insert into SYSTEM.AREA (SI,GU,DONG,NY,NX) values ('인천광역시','동구','송현1.2동','37.4889408638872 ','126.641120648772');
Insert into SYSTEM.AREA (SI,GU,DONG,NY,NX) values ('인천광역시','남동구','간석1동','37.4586175029702 ','126.705302067721');
Insert into SYSTEM.AREA (SI,GU,DONG,NY,NX) values ('인천광역시','남동구','간석4동','37.4665998788675 ','126.700776310896');
Insert into SYSTEM.AREA (SI,GU,DONG,NY,NX) values ('인천광역시','남동구','만수2동','37.4614001676911 ','126.731143621301');
Insert into SYSTEM.AREA (SI,GU,DONG,NY,NX) values ('인천광역시','남동구','만수5동','37.4580153652918 ','126.727728789887');
Insert into SYSTEM.AREA (SI,GU,DONG,NY,NX) values ('인천광역시','남동구','장수서창동','37.4359191944571 ','126.747311415443');
Insert into SYSTEM.AREA (SI,GU,DONG,NY,NX) values ('인천광역시','남동구','남촌도림동','37.4322385488593 ','126.715208286831');
Insert into SYSTEM.AREA (SI,GU,DONG,NY,NX) values ('인천광역시','남동구','논현고잔동','37.3976877393361 ','126.726469984007');
Insert into SYSTEM.AREA (SI,GU,DONG,NY,NX) values ('인천광역시','부평구','부평4동','37.5008248454398 ','126.724985909611');
Insert into SYSTEM.AREA (SI,GU,DONG,NY,NX) values ('인천광역시','부평구','부평6동','37.4864543909226 ','126.724455161682');
Insert into SYSTEM.AREA (SI,GU,DONG,NY,NX) values ('인천광역시','부평구','산곡2동','37.5058744351283 ','126.708604350887');
Insert into SYSTEM.AREA (SI,GU,DONG,NY,NX) values ('인천광역시','부평구','청천1동','37.5198412837622 ','126.701916736828');
Insert into SYSTEM.AREA (SI,GU,DONG,NY,NX) values ('인천광역시','부평구','갈산1동','37.5175956378092 ','126.727118821365');
Insert into SYSTEM.AREA (SI,GU,DONG,NY,NX) values ('인천광역시','부평구','삼산1동','37.5221910586032 ','126.743337468613');
Insert into SYSTEM.AREA (SI,GU,DONG,NY,NX) values ('인천광역시','부평구','부개2동','37.4948374212982','126.737143773983');
Insert into SYSTEM.AREA (SI,GU,DONG,NY,NX) values ('인천광역시','부평구','부개3동','37.5043177745185 ','126.734721955994');
Insert into SYSTEM.AREA (SI,GU,DONG,NY,NX) values ('인천광역시','서구','검암경서동','37.5644197957232 ','126.673605568727');
Insert into SYSTEM.AREA (SI,GU,DONG,NY,NX) values ('인천광역시','서구','청라1동','37.5326264337024 ','126.653691529733');
Insert into SYSTEM.AREA (SI,GU,DONG,NY,NX) values ('인천광역시','서구','청라3동','37.5359431886911 ','126.615601216486');
Insert into SYSTEM.AREA (SI,GU,DONG,NY,NX) values ('인천광역시','서구','가정3동','37.5155398762152 ','126.677881575795');
Insert into SYSTEM.AREA (SI,GU,DONG,NY,NX) values ('인천광역시','서구','석남2동','37.5025060089163 ','126.674599076297');
Insert into SYSTEM.AREA (SI,GU,DONG,NY,NX) values ('인천광역시','서구','신현원창동','37.5168655769644 ','126.667274778532');
Insert into SYSTEM.AREA (SI,GU,DONG,NY,NX) values ('인천광역시','서구','가좌3동','37.4924759367112 ','126.679835128133');
Insert into SYSTEM.AREA (SI,GU,DONG,NY,NX) values ('인천광역시','서구','검단동','37.6133883786265 ','126.649063284691');
Insert into SYSTEM.AREA (SI,GU,DONG,NY,NX) values ('인천광역시','서구','원당동','37.5951276899196 ','126.70165291632');
Insert into SYSTEM.AREA (SI,GU,DONG,NY,NX) values ('인천광역시',null,null,'55','126.558947760255');
Insert into SYSTEM.AREA (SI,GU,DONG,NY,NX) values ('인천광역시','중구',null,'37.47550847669728','126.558947760255');
Insert into SYSTEM.AREA (SI,GU,DONG,NY,NX) values ('인천광역시','중구','신포동','37.4711133457113','126.626505465171');
Insert into SYSTEM.AREA (SI,GU,DONG,NY,NX) values ('인천광역시','중구','신흥동','37.467655580462','126.634087322909');
Insert into SYSTEM.AREA (SI,GU,DONG,NY,NX) values ('인천광역시','중구','도원동','37.4702','126.6165');
Insert into SYSTEM.AREA (SI,GU,DONG,NY,NX) values ('인천광역시','중구','율목동','37.4700','126.6164');
Insert into SYSTEM.AREA (SI,GU,DONG,NY,NX) values ('인천광역시','중구','동인천동','37.4694','126.6215');
Insert into SYSTEM.AREA (SI,GU,DONG,NY,NX) values ('인천광역시','중구','개항동','37.4689','126.6217');
Insert into SYSTEM.AREA (SI,GU,DONG,NY,NX) values ('인천광역시','중구','영종동','37.4691','126.6234');
Insert into SYSTEM.AREA (SI,GU,DONG,NY,NX) values ('인천광역시','중구','영종2동','37.4688','126.6221');
Insert into SYSTEM.AREA (SI,GU,DONG,NY,NX) values ('인천광역시','중구','운서동','37.4831235137757','126.50795611055');
Insert into SYSTEM.AREA (SI,GU,DONG,NY,NX) values ('인천광역시','중구','용유동','37.4702','126.6165');
Insert into SYSTEM.AREA (SI,GU,DONG,NY,NX) values ('인천광역시','동구','만석동','37.4832593369187 ','126.625508844154');
Insert into SYSTEM.AREA (SI,GU,DONG,NY,NX) values ('인천광역시','동구','화수1.화평동','37.4815252820311 ','126.629917838578');
Insert into SYSTEM.AREA (SI,GU,DONG,NY,NX) values ('인천광역시','동구','송현3동','37.4823106018081 ','126.642680966674');
Insert into SYSTEM.AREA (SI,GU,DONG,NY,NX) values ('인천광역시','동구','송림1동','37.475108','126.6387819');
Insert into SYSTEM.AREA (SI,GU,DONG,NY,NX) values ('인천광역시','동구','송림2동','37.476615','126.6434671');
Insert into SYSTEM.AREA (SI,GU,DONG,NY,NX) values ('인천광역시','동구','송림3.5동','37.4728186','126.6480709');
Insert into SYSTEM.AREA (SI,GU,DONG,NY,NX) values ('인천광역시','동구','송림6동','37.4814163','126.6485664');
Insert into SYSTEM.AREA (SI,GU,DONG,NY,NX) values ('인천광역시','동구','금창동','37.4725314036301','126.639815418117');
Insert into SYSTEM.AREA (SI,GU,DONG,NY,NX) values ('인천광역시','미추홀구',null,'37.4570756444157','126.647242974065');
Insert into SYSTEM.AREA (SI,GU,DONG,NY,NX) values ('인천광역시','미추홀구','숭의2동','37.461395744338','126.647242974065');
Insert into SYSTEM.AREA (SI,GU,DONG,NY,NX) values ('인천광역시','미추홀구','숭의4동','37.4619691004676','126.657146385038');
Insert into SYSTEM.AREA (SI,GU,DONG,NY,NX) values ('인천광역시','미추홀구','용현1.4동','37.4529603758981','126.660112421461');
Insert into SYSTEM.AREA (SI,GU,DONG,NY,NX) values ('인천광역시','미추홀구','용현2동','37.4566591610754','126.643345558961');
Insert into SYSTEM.AREA (SI,GU,DONG,NY,NX) values ('인천광역시','미추홀구','용현3동','37.4558909641097','126.652847627168');
Insert into SYSTEM.AREA (SI,GU,DONG,NY,NX) values ('인천광역시','미추홀구','학익1동','37.4397954793486','126.664126918739');
Insert into SYSTEM.AREA (SI,GU,DONG,NY,NX) values ('인천광역시','미추홀구','학익2동','37.4429334826466','126.671421938144');
Insert into SYSTEM.AREA (SI,GU,DONG,NY,NX) values ('인천광역시','미추홀구','도화1동','37.4617969782689','126.670114150178');
Insert into SYSTEM.AREA (SI,GU,DONG,NY,NX) values ('인천광역시','미추홀구','도화2.3동','37.4748385906651','126.663242110412');
Insert into SYSTEM.AREA (SI,GU,DONG,NY,NX) values ('인천광역시','미추홀구','주안2동','37.4565462475364 ','126.672831699246');
Insert into SYSTEM.AREA (SI,GU,DONG,NY,NX) values ('인천광역시','미추홀구','주안3동','37.4480537709646 ','126.671042430656');
Insert into SYSTEM.AREA (SI,GU,DONG,NY,NX) values ('인천광역시','미추홀구','주안4동','37.4545134005354 ','126.68741569546');
Insert into SYSTEM.AREA (SI,GU,DONG,NY,NX) values ('인천광역시','미추홀구','주안5동','37.4700323868114 ','126.679352090762');
Insert into SYSTEM.AREA (SI,GU,DONG,NY,NX) values ('인천광역시','미추홀구','주안6동','37.4603321064152 ','126.6908366127');
Insert into SYSTEM.AREA (SI,GU,DONG,NY,NX) values ('인천광역시','미추홀구','주안7동','37.4467568659895 ','126.677783442586');
Insert into SYSTEM.AREA (SI,GU,DONG,NY,NX) values ('인천광역시','미추홀구','주안8동','37.4462446563662','126.684299431819');
Insert into SYSTEM.AREA (SI,GU,DONG,NY,NX) values ('인천광역시','미추홀구','관교동','37.4431273039606','126.696742918767');
Insert into SYSTEM.AREA (SI,GU,DONG,NY,NX) values ('인천광역시','미추홀구','문학동','37.4367196637247 ','126.685840004885');
Insert into SYSTEM.AREA (SI,GU,DONG,NY,NX) values ('인천광역시','연수구',null,'37.4273607302006','126.655094387345');
Insert into SYSTEM.AREA (SI,GU,DONG,NY,NX) values ('인천광역시','연수구','옥련1동','37.4273607302006','126.655094387345');
Insert into SYSTEM.AREA (SI,GU,DONG,NY,NX) values ('인천광역시','연수구','옥련2동','37.4262162419956 ','126.648298362162');
Insert into SYSTEM.AREA (SI,GU,DONG,NY,NX) values ('인천광역시','연수구','선학동','37.4224482590648 ','126.701385903384');
Insert into SYSTEM.AREA (SI,GU,DONG,NY,NX) values ('인천광역시','연수구','연수1동','37.422233353997 ','126.681196377572');
Insert into SYSTEM.AREA (SI,GU,DONG,NY,NX) values ('인천광역시','연수구','연수2동','37.4117257616843 ','126.681882505617');
Insert into SYSTEM.AREA (SI,GU,DONG,NY,NX) values ('인천광역시','연수구','연수3동','37.4192959473633 ','126.692035654865');
Insert into SYSTEM.AREA (SI,GU,DONG,NY,NX) values ('인천광역시','연수구','청학동','37.4250030076557','126.666158794496');
Insert into SYSTEM.AREA (SI,GU,DONG,NY,NX) values ('인천광역시','연수구','동춘1동','37.4096050140193 ','126.67078140445');
Insert into SYSTEM.AREA (SI,GU,DONG,NY,NX) values ('인천광역시','연수구','동춘2동','37.4027784273271 ','126.66931590967');
Insert into SYSTEM.AREA (SI,GU,DONG,NY,NX) values ('인천광역시','연수구','동춘3동','37.4084652384936 ','126.678313473659');
Insert into SYSTEM.AREA (SI,GU,DONG,NY,NX) values ('인천광역시','연수구','송도1동','37.39661808','126.6471251');
Insert into SYSTEM.AREA (SI,GU,DONG,NY,NX) values ('인천광역시','연수구','송도3동','37.3698984232225 ','126.656667188191');
Insert into SYSTEM.AREA (SI,GU,DONG,NY,NX) values ('인천광역시','연수구','송도4동','37.3880627741626 ','126.634935217348');
Insert into SYSTEM.AREA (SI,GU,DONG,NY,NX) values ('인천광역시','연수구','송도5동','37.4138925571559 ','126.623269960972');
Insert into SYSTEM.AREA (SI,GU,DONG,NY,NX) values ('인천광역시','남동구',null,'37.4473487903571','126.712528296085');
Insert into SYSTEM.AREA (SI,GU,DONG,NY,NX) values ('인천광역시','남동구','구월1동','37.4475817075734','126.712528296085');
Insert into SYSTEM.AREA (SI,GU,DONG,NY,NX) values ('인천광역시','남동구','구월3동','37.4527001578129','126.69694387271');
Insert into SYSTEM.AREA (SI,GU,DONG,NY,NX) values ('인천광역시','남동구','구월4동','37.4496563257393 ','126.72407485051');
Insert into SYSTEM.AREA (SI,GU,DONG,NY,NX) values ('인천광역시','남동구','간석2동','37.4617909367273 ','126.708969924573');
Insert into SYSTEM.AREA (SI,GU,DONG,NY,NX) values ('인천광역시','남동구','간석3동','37.4661258850934 ','126.714591466946');
Insert into SYSTEM.AREA (SI,GU,DONG,NY,NX) values ('인천광역시','남동구','만수1동','37.4486761663907 ','126.731966686825');
Insert into SYSTEM.AREA (SI,GU,DONG,NY,NX) values ('인천광역시','남동구','만수3동','37.4619617233186 ','126.72304852151');
Insert into SYSTEM.AREA (SI,GU,DONG,NY,NX) values ('인천광역시','남동구','만수4동','37.459525429544','126.73565338161');
Insert into SYSTEM.AREA (SI,GU,DONG,NY,NX) values ('인천광역시','남동구','만수6동','37.4437766175387 ','126.73765699774');
Insert into SYSTEM.AREA (SI,GU,DONG,NY,NX) values ('인천광역시','남동구','서창2동','37.4268323329213 ','126.748516942196');
Insert into SYSTEM.AREA (SI,GU,DONG,NY,NX) values ('인천광역시','남동구','논현1동','37.4056917351436 ','126.729318789009');
Insert into SYSTEM.AREA (SI,GU,DONG,NY,NX) values ('인천광역시','남동구','논현2동','37.4042089342805 ','126.7163670558');
Insert into SYSTEM.AREA (SI,GU,DONG,NY,NX) values ('인천광역시','부평구','부평1동','37.4942717667345 ','126.719966543878');
Insert into SYSTEM.AREA (SI,GU,DONG,NY,NX) values ('인천광역시','부평구','부평3동','37.4860226851719 ','126.708265383031');
Insert into SYSTEM.AREA (SI,GU,DONG,NY,NX) values ('인천광역시','부평구','부평5동','37.4989573464573 ','126.730977360585');
Insert into SYSTEM.AREA (SI,GU,DONG,NY,NX) values ('인천광역시','부평구','산곡1동','37.5069419040464 ','126.700235347911');
Insert into SYSTEM.AREA (SI,GU,DONG,NY,NX) values ('인천광역시','부평구','산곡3동','37.4907470036484 ','126.709504407181');
Insert into SYSTEM.AREA (SI,GU,DONG,NY,NX) values ('인천광역시','부평구','산곡4동','37.5017728430592 ','126.711447589492');
Insert into SYSTEM.AREA (SI,GU,DONG,NY,NX) values ('인천광역시','부평구','청천2동','37.5148562832896 ','126.704520034938');
Insert into SYSTEM.AREA (SI,GU,DONG,NY,NX) values ('인천광역시','부평구','갈산2동','37.5108096565612 ','126.725718397511');
Insert into SYSTEM.AREA (SI,GU,DONG,NY,NX) values ('인천광역시','부평구','삼산2동','37.5118249399326 ','126.736337704369');
Insert into SYSTEM.AREA (SI,GU,DONG,NY,NX) values ('인천광역시','부평구','부개1동','37.4848141337889 ','126.736916580491');
Insert into SYSTEM.AREA (SI,GU,DONG,NY,NX) values ('인천광역시','부평구','일신동','37.4845909920123 ','126.7469576318');
Insert into SYSTEM.AREA (SI,GU,DONG,NY,NX) values ('인천광역시','부평구','십정1동','37.4758143980945 ','126.6961541573');
Insert into SYSTEM.AREA (SI,GU,DONG,NY,NX) values ('인천광역시','부평구','십정2동','37.4738581467184 ','126.707878560193');
Insert into SYSTEM.AREA (SI,GU,DONG,NY,NX) values ('인천광역시','계양구','효성2동','37.5250687419528','126.709819358424');
Insert into SYSTEM.AREA (SI,GU,DONG,NY,NX) values ('인천광역시','계양구','계산2동','37.5442314736467','126.728121641423');
Insert into SYSTEM.AREA (SI,GU,DONG,NY,NX) values ('인천광역시','계양구','작전1동','37.5308282189081','126.729686320015');
Insert into SYSTEM.AREA (SI,GU,DONG,NY,NX) values ('인천광역시','계양구','작전서운동','37.528057501656','126.736398237283');
Insert into SYSTEM.AREA (SI,GU,DONG,NY,NX) values ('인천광역시','계양구','계양1동','37.5768901439732','126.734202075436');
Insert into SYSTEM.AREA (SI,GU,DONG,NY,NX) values ('인천광역시','계양구','계양3동','37.5615963855427','126.754882771888');
Insert into SYSTEM.AREA (SI,GU,DONG,NY,NX) values ('인천광역시','서구','연희동','37.548974969966 ','126.678203978634');
Insert into SYSTEM.AREA (SI,GU,DONG,NY,NX) values ('인천광역시','서구','청라2동','37.5326557640968','126.644160618855');
Insert into SYSTEM.AREA (SI,GU,DONG,NY,NX) values ('인천광역시','서구','가정1동','37.5212976391803 ','126.676042358895');
Insert into SYSTEM.AREA (SI,GU,DONG,NY,NX) values ('인천광역시','서구','가정2동','37.526344495005 ','126.677821547716');
Insert into SYSTEM.AREA (SI,GU,DONG,NY,NX) values ('인천광역시','서구','석남1동','37.5105090759749','126.672777277744');
Insert into SYSTEM.AREA (SI,GU,DONG,NY,NX) values ('인천광역시','서구','석남3동','37.5082430527054 ','126.678351767329');
Insert into SYSTEM.AREA (SI,GU,DONG,NY,NX) values ('인천광역시','서구','가좌1동','37.4943735273068 ','126.672630574317');
Insert into SYSTEM.AREA (SI,GU,DONG,NY,NX) values ('인천광역시','서구','가좌2동','37.490820759514 ','126.684849168467');
Insert into SYSTEM.AREA (SI,GU,DONG,NY,NX) values ('인천광역시','서구','가좌4동','37.4874117018461 ','126.683628763693');
Insert into SYSTEM.AREA (SI,GU,DONG,NY,NX) values ('인천광역시','서구','불로대곡동','37.6181260044731 ','126.678893877858');
Insert into SYSTEM.AREA (SI,GU,DONG,NY,NX) values ('인천광역시','서구','당하동','37.5921117368325','126.674585246871');
Insert into SYSTEM.AREA (SI,GU,DONG,NY,NX) values ('인천광역시','서구','아라동','37.5939837328611 ','126.71564381542');
Insert into SYSTEM.AREA (SI,GU,DONG,NY,NX) values ('인천광역시','강화군','강화읍','37.7483479287951 ','126.483733815019');
Insert into SYSTEM.AREA (SI,GU,DONG,NY,NX) values ('인천광역시','강화군','선원면','37.7133449417265 ','126.48482509821');
Insert into SYSTEM.AREA (SI,GU,DONG,NY,NX) values ('인천광역시','강화군','길상면','37.6416648973794 ','126.489222662087');
Insert into SYSTEM.AREA (SI,GU,DONG,NY,NX) values ('인천광역시','강화군','화도면','37.6316748413931 ','126.419836724037');
Insert into SYSTEM.AREA (SI,GU,DONG,NY,NX) values ('인천광역시','강화군','양도면','37.6628523497572','126.422096586903');
Insert into SYSTEM.AREA (SI,GU,DONG,NY,NX) values ('인천광역시','강화군','내가면','37.7193820844795 ','126.389827319378');
Insert into SYSTEM.AREA (SI,GU,DONG,NY,NX) values ('인천광역시','강화군','하점면','37.7749161689117 ','126.411636420428');
Insert into SYSTEM.AREA (SI,GU,DONG,NY,NX) values ('인천광역시','강화군','양사면','37.7984227819949 ','126.408561523771');
Insert into SYSTEM.AREA (SI,GU,DONG,NY,NX) values ('인천광역시','강화군','송해면','37.7647980152118','126.463254769088');
Insert into SYSTEM.AREA (SI,GU,DONG,NY,NX) values ('인천광역시','강화군','교동면','37.7845285796274','126.283014815298');
Insert into SYSTEM.AREA (SI,GU,DONG,NY,NX) values ('인천광역시','강화군','삼산면','37.7049474265361 ','126.32040974097');
Insert into SYSTEM.AREA (SI,GU,DONG,NY,NX) values ('인천광역시','강화군','서도면','37.6504198627877 ','126.239320129833');
Insert into SYSTEM.AREA (SI,GU,DONG,NY,NX) values ('인천광역시','옹진군',null,'37.9715514802807','124.670086072277');
Insert into SYSTEM.AREA (SI,GU,DONG,NY,NX) values ('인천광역시','옹진군','북도면','37.5329794642507 ','126.429069369524');
Insert into SYSTEM.AREA (SI,GU,DONG,NY,NX) values ('인천광역시','옹진군','백령면','37.9743612082617 ','124.718710475438');
Insert into SYSTEM.AREA (SI,GU,DONG,NY,NX) values ('인천광역시','옹진군','대청면','37.8252535468268 ','124.712308819935');
Insert into SYSTEM.AREA (SI,GU,DONG,NY,NX) values ('인천광역시','옹진군','덕적면','37.2276332114677 ','126.144705565589');
Insert into SYSTEM.AREA (SI,GU,DONG,NY,NX) values ('인천광역시','옹진군','영흥면','37.2559012375492 ','126.483321517933');
Insert into SYSTEM.AREA (SI,GU,DONG,NY,NX) values ('인천광역시','옹진군','자월면','37.2546232671261 ','126.307202843874');
Insert into SYSTEM.AREA (SI,GU,DONG,NY,NX) values ('인천광역시','옹진군','연평면','37.6651915483657 ','125.702047674071');
REM INSERTING into SYSTEM.CART
SET DEFINE OFF;
Insert into SYSTEM.CART (CART_ID,CREATED_AT,SESSION_ID,USER_ID) values (324,to_timestamp('25/04/11 17:10:51.000000000','RR/MM/DD HH24:MI:SSXFF'),'hong','hong');
Insert into SYSTEM.CART (CART_ID,CREATED_AT,SESSION_ID,USER_ID) values (321,to_timestamp('25/04/11 17:01:22.000000000','RR/MM/DD HH24:MI:SSXFF'),'suika','suika');
Insert into SYSTEM.CART (CART_ID,CREATED_AT,SESSION_ID,USER_ID) values (341,to_timestamp('25/04/13 14:46:59.000000000','RR/MM/DD HH24:MI:SSXFF'),'dh112800','dh112800');
Insert into SYSTEM.CART (CART_ID,CREATED_AT,SESSION_ID,USER_ID) values (390,to_timestamp('25/04/14 22:21:29.000000000','RR/MM/DD HH24:MI:SSXFF'),'user1004','user1004');
REM INSERTING into SYSTEM.CART_ITEM
SET DEFINE OFF;
Insert into SYSTEM.CART_ITEM (CART_ITEM_ID,QUANTITY,CART_ID,PRODUCT_ID,CHECK_YN) values (511,1,321,9,'Y');
Insert into SYSTEM.CART_ITEM (CART_ITEM_ID,QUANTITY,CART_ID,PRODUCT_ID,CHECK_YN) values (512,2,324,14,'Y');
Insert into SYSTEM.CART_ITEM (CART_ITEM_ID,QUANTITY,CART_ID,PRODUCT_ID,CHECK_YN) values (510,2,321,14,'Y');
REM INSERTING into SYSTEM.CATEGORY_MENU
SET DEFINE OFF;
Insert into SYSTEM.CATEGORY_MENU (CATEGORY_ID,PARENT_ID,CATEGORY_NAME,MENU_URL,DEL,DEPTH) values (4,null,'게시판','/board/list.do?category=F','N',null);
Insert into SYSTEM.CATEGORY_MENU (CATEGORY_ID,PARENT_ID,CATEGORY_NAME,MENU_URL,DEL,DEPTH) values (401,4,'자유 게시판','/board/list.do?category=F','N',null);
Insert into SYSTEM.CATEGORY_MENU (CATEGORY_ID,PARENT_ID,CATEGORY_NAME,MENU_URL,DEL,DEPTH) values (402,4,'공지 게시판','/board/list.do?category=A','N',null);
Insert into SYSTEM.CATEGORY_MENU (CATEGORY_ID,PARENT_ID,CATEGORY_NAME,MENU_URL,DEL,DEPTH) values (100,1,'강아지 용품','/product/list.do?searchOption=dog&keyword=용품','N',null);
Insert into SYSTEM.CATEGORY_MENU (CATEGORY_ID,PARENT_ID,CATEGORY_NAME,MENU_URL,DEL,DEPTH) values (200,2,'고양이 용품','/product/list.do?searchOption=cat&keyword=용품','N',null);
Insert into SYSTEM.CATEGORY_MENU (CATEGORY_ID,PARENT_ID,CATEGORY_NAME,MENU_URL,DEL,DEPTH) values (5,null,'편의시설','/partner/list.do','N',null);
Insert into SYSTEM.CATEGORY_MENU (CATEGORY_ID,PARENT_ID,CATEGORY_NAME,MENU_URL,DEL,DEPTH) values (404,4,'수의사 상담 게시판','/board/vetBoardList.do','N',null);
Insert into SYSTEM.CATEGORY_MENU (CATEGORY_ID,PARENT_ID,CATEGORY_NAME,MENU_URL,DEL,DEPTH) values (1,null,'강아지','/product/list.do?searchOption=dog','N',null);
Insert into SYSTEM.CATEGORY_MENU (CATEGORY_ID,PARENT_ID,CATEGORY_NAME,MENU_URL,DEL,DEPTH) values (2,null,'고양이','/product/list.do?searchOption=cat','N',null);
Insert into SYSTEM.CATEGORY_MENU (CATEGORY_ID,PARENT_ID,CATEGORY_NAME,MENU_URL,DEL,DEPTH) values (3,null,'보호소 소개','/center.do','N',null);
Insert into SYSTEM.CATEGORY_MENU (CATEGORY_ID,PARENT_ID,CATEGORY_NAME,MENU_URL,DEL,DEPTH) values (101,1,'강아지 장난감','/product/list.do?searchOption=dog&keyword=장난감','N',null);
Insert into SYSTEM.CATEGORY_MENU (CATEGORY_ID,PARENT_ID,CATEGORY_NAME,MENU_URL,DEL,DEPTH) values (102,1,'강아지 사료','/product/list.do?searchOption=dog&keyword=사료','N',null);
Insert into SYSTEM.CATEGORY_MENU (CATEGORY_ID,PARENT_ID,CATEGORY_NAME,MENU_URL,DEL,DEPTH) values (103,1,'강아지 간식','/product/list.do?searchOption=dog&keyword=간식','N',null);
Insert into SYSTEM.CATEGORY_MENU (CATEGORY_ID,PARENT_ID,CATEGORY_NAME,MENU_URL,DEL,DEPTH) values (201,2,'고양이 장난감','/product/list.do?searchOption=cat&keyword=장난감','N',null);
Insert into SYSTEM.CATEGORY_MENU (CATEGORY_ID,PARENT_ID,CATEGORY_NAME,MENU_URL,DEL,DEPTH) values (202,2,'고양이 사료','/product/list.do?searchOption=cat&keyword=사료','N',null);
Insert into SYSTEM.CATEGORY_MENU (CATEGORY_ID,PARENT_ID,CATEGORY_NAME,MENU_URL,DEL,DEPTH) values (203,2,'고양이 간식','/product/list.do?searchOption=cat&keyword=간식','N',null);
Insert into SYSTEM.CATEGORY_MENU (CATEGORY_ID,PARENT_ID,CATEGORY_NAME,MENU_URL,DEL,DEPTH) values (301,3,'보호소 정보','/center.do','N',null);
Insert into SYSTEM.CATEGORY_MENU (CATEGORY_ID,PARENT_ID,CATEGORY_NAME,MENU_URL,DEL,DEPTH) values (302,3,'제휴사 소개','/partner/info.do','N',null);
Insert into SYSTEM.CATEGORY_MENU (CATEGORY_ID,PARENT_ID,CATEGORY_NAME,MENU_URL,DEL,DEPTH) values (104,1,'강아지 영양제','/product/list.do?searchOption=dog&keyword=영양제','N',null);
Insert into SYSTEM.CATEGORY_MENU (CATEGORY_ID,PARENT_ID,CATEGORY_NAME,MENU_URL,DEL,DEPTH) values (204,2,'고양이 영양제','/product/list.do?searchOption=cat&keyword=영양제','N',null);
Insert into SYSTEM.CATEGORY_MENU (CATEGORY_ID,PARENT_ID,CATEGORY_NAME,MENU_URL,DEL,DEPTH) values (403,4,'FAQ 게시판','/board/FAQView.do','N',null);
REM INSERTING into SYSTEM.COUPON
SET DEFINE OFF;
Insert into SYSTEM.COUPON (COUPON_ID,SERIAL_NUMBER,COUPON_NAME,CREATED_AT,USED_DATE,EXPIRATION_DATE,DISCOUNT_RATE,MINIMUM_SPEND,MAX_DISCOUNT_AMOUNT,USER_ID,IMG_URL) values (8,'AQW456','Al is Well',to_date('25/04/11','RR/MM/DD'),null,to_date('25/05/21','RR/MM/DD'),10,30000,5000,'glodstone2',null);
Insert into SYSTEM.COUPON (COUPON_ID,SERIAL_NUMBER,COUPON_NAME,CREATED_AT,USED_DATE,EXPIRATION_DATE,DISCOUNT_RATE,MINIMUM_SPEND,MAX_DISCOUNT_AMOUNT,USER_ID,IMG_URL) values (8,'AQW456','Al is Well',to_date('25/04/11','RR/MM/DD'),null,to_date('25/05/21','RR/MM/DD'),10,30000,5000,'glodstone2',null);
Insert into SYSTEM.COUPON (COUPON_ID,SERIAL_NUMBER,COUPON_NAME,CREATED_AT,USED_DATE,EXPIRATION_DATE,DISCOUNT_RATE,MINIMUM_SPEND,MAX_DISCOUNT_AMOUNT,USER_ID,IMG_URL) values (8,'AQW456','Al is Well',to_date('25/04/11','RR/MM/DD'),null,to_date('25/05/21','RR/MM/DD'),10,30000,5000,'user15',null);
Insert into SYSTEM.COUPON (COUPON_ID,SERIAL_NUMBER,COUPON_NAME,CREATED_AT,USED_DATE,EXPIRATION_DATE,DISCOUNT_RATE,MINIMUM_SPEND,MAX_DISCOUNT_AMOUNT,USER_ID,IMG_URL) values (6,'NKK123','Awesome Deal',to_date('25/04/02','RR/MM/DD'),null,to_date('25/08/21','RR/MM/DD'),30,50000,15000,'glodstone2',null);
Insert into SYSTEM.COUPON (COUPON_ID,SERIAL_NUMBER,COUPON_NAME,CREATED_AT,USED_DATE,EXPIRATION_DATE,DISCOUNT_RATE,MINIMUM_SPEND,MAX_DISCOUNT_AMOUNT,USER_ID,IMG_URL) values (7,'NIK987','God of Victory',to_date('25/04/02','RR/MM/DD'),null,to_date('25/12/21','RR/MM/DD'),50,100000,50000,'user15',null);
Insert into SYSTEM.COUPON (COUPON_ID,SERIAL_NUMBER,COUPON_NAME,CREATED_AT,USED_DATE,EXPIRATION_DATE,DISCOUNT_RATE,MINIMUM_SPEND,MAX_DISCOUNT_AMOUNT,USER_ID,IMG_URL) values (8,'AQW456','Al is Well',to_date('25/04/02','RR/MM/DD'),null,to_date('25/05/21','RR/MM/DD'),10,30000,5000,'glodstone2',null);
Insert into SYSTEM.COUPON (COUPON_ID,SERIAL_NUMBER,COUPON_NAME,CREATED_AT,USED_DATE,EXPIRATION_DATE,DISCOUNT_RATE,MINIMUM_SPEND,MAX_DISCOUNT_AMOUNT,USER_ID,IMG_URL) values (1,'ABC123','Welcome Discount',to_date('25/03/21','RR/MM/DD'),null,to_date('25/09/21','RR/MM/DD'),10,50000,10000,'user1',null);
Insert into SYSTEM.COUPON (COUPON_ID,SERIAL_NUMBER,COUPON_NAME,CREATED_AT,USED_DATE,EXPIRATION_DATE,DISCOUNT_RATE,MINIMUM_SPEND,MAX_DISCOUNT_AMOUNT,USER_ID,IMG_URL) values (2,'DEF456','Seasonal Sale',to_date('25/03/21','RR/MM/DD'),to_date('25/03/21','RR/MM/DD'),to_date('25/06/21','RR/MM/DD'),15,30000,15000,'glodstone2',null);
Insert into SYSTEM.COUPON (COUPON_ID,SERIAL_NUMBER,COUPON_NAME,CREATED_AT,USED_DATE,EXPIRATION_DATE,DISCOUNT_RATE,MINIMUM_SPEND,MAX_DISCOUNT_AMOUNT,USER_ID,IMG_URL) values (3,'GHI789','Birthday Special',to_date('25/03/21','RR/MM/DD'),null,to_date('26/03/21','RR/MM/DD'),20,20000,5000,'glodstone2',null);
Insert into SYSTEM.COUPON (COUPON_ID,SERIAL_NUMBER,COUPON_NAME,CREATED_AT,USED_DATE,EXPIRATION_DATE,DISCOUNT_RATE,MINIMUM_SPEND,MAX_DISCOUNT_AMOUNT,USER_ID,IMG_URL) values (4,'JKL012','Holiday Deal',to_date('25/03/21','RR/MM/DD'),null,to_date('25/04/21','RR/MM/DD'),5,10000,2000,'aa',null);
Insert into SYSTEM.COUPON (COUPON_ID,SERIAL_NUMBER,COUPON_NAME,CREATED_AT,USED_DATE,EXPIRATION_DATE,DISCOUNT_RATE,MINIMUM_SPEND,MAX_DISCOUNT_AMOUNT,USER_ID,IMG_URL) values (5,'MNO345','First Purchase Bonus',to_date('25/03/21','RR/MM/DD'),null,to_date('25/09/21','RR/MM/DD'),25,50000,20000,'glodstone2',null);
REM INSERTING into SYSTEM.DONATION_CENTER
SET DEFINE OFF;
Insert into SYSTEM.DONATION_CENTER (CENTER_ID,CENTER_NAME,ADDRESS,TEL,WEBSITE_URL,IMAGE_URL) values (1,'도그마루 민간동물보호시설','부산광역시 북구 금곡대로 276, 2층','070-4349-0758','https://dmmdc.co.kr/','../img/donation/도그마루보호소.png');
Insert into SYSTEM.DONATION_CENTER (CENTER_ID,CENTER_NAME,ADDRESS,TEL,WEBSITE_URL,IMAGE_URL) values (2,'동물자유연대','서울특별시 성동구 행당로 17길 1-77','02-2292-6337','https://www.animals.or.kr/','../img/donation/동물자유연대.png');
Insert into SYSTEM.DONATION_CENTER (CENTER_ID,CENTER_NAME,ADDRESS,TEL,WEBSITE_URL,IMAGE_URL) values (3,'종합 유기견 보호센터','서울특별시 마포구 독막로28길 10','02-1234-5678','https://www.zooseyo.or.kr/','../img/donation/종합유기견보호센터.png');
Insert into SYSTEM.DONATION_CENTER (CENTER_ID,CENTER_NAME,ADDRESS,TEL,WEBSITE_URL,IMAGE_URL) values (4,'동물권행동 카라','서울시 마포구 잔다리로 122','02-3482-0999','https://www.ekara.org/','../img/donation/동물권행동카라.png');
Insert into SYSTEM.DONATION_CENTER (CENTER_ID,CENTER_NAME,ADDRESS,TEL,WEBSITE_URL,IMAGE_URL) values (5,'사단법인 한국동물구조관리협회','경기도 양주시 남면 상수리 410-1','031-867-9119','https://www.karma.or.kr/','../img/donation/한국동물구조관리협회.png');
REM INSERTING into SYSTEM.DONATION_HISTORY
SET DEFINE OFF;
Insert into SYSTEM.DONATION_HISTORY (DONATION_ID,CENTER_ID,AMOUNT,DONATION_DATE,MESSAGE,USER_ID,ANONYMOUS_YN) values (130,4,1000000,to_timestamp('25/04/11 19:19:14.000000000','RR/MM/DD HH24:MI:SSXFF'),'강아지들 위해서 사용해 주세요~','dh112800','N');
Insert into SYSTEM.DONATION_HISTORY (DONATION_ID,CENTER_ID,AMOUNT,DONATION_DATE,MESSAGE,USER_ID,ANONYMOUS_YN) values (143,1,30000,to_timestamp('25/04/14 14:56:05.000000000','RR/MM/DD HH24:MI:SSXFF'),'사랑하는 마음으로','glodstone2','Y');
Insert into SYSTEM.DONATION_HISTORY (DONATION_ID,CENTER_ID,AMOUNT,DONATION_DATE,MESSAGE,USER_ID,ANONYMOUS_YN) values (144,2,30000,to_timestamp('25/04/14 14:58:32.000000000','RR/MM/DD HH24:MI:SSXFF'),'포인트후원','glodstone2','Y');
Insert into SYSTEM.DONATION_HISTORY (DONATION_ID,CENTER_ID,AMOUNT,DONATION_DATE,MESSAGE,USER_ID,ANONYMOUS_YN) values (125,2,1000,to_timestamp('25/04/11 18:08:36.000000000','RR/MM/DD HH24:MI:SSXFF'),'고양이 밥값','aa','N');
Insert into SYSTEM.DONATION_HISTORY (DONATION_ID,CENTER_ID,AMOUNT,DONATION_DATE,MESSAGE,USER_ID,ANONYMOUS_YN) values (129,3,500000,to_timestamp('25/04/11 19:18:31.000000000','RR/MM/DD HH24:MI:SSXFF'),'아이들을 위해 사용해 주세요~','dh112800','Y');
Insert into SYSTEM.DONATION_HISTORY (DONATION_ID,CENTER_ID,AMOUNT,DONATION_DATE,MESSAGE,USER_ID,ANONYMOUS_YN) values (148,1,1000,to_timestamp('25/04/14 19:19:03.000000000','RR/MM/DD HH24:MI:SSXFF'),'갱얼쥐 밥값','aa','N');
Insert into SYSTEM.DONATION_HISTORY (DONATION_ID,CENTER_ID,AMOUNT,DONATION_DATE,MESSAGE,USER_ID,ANONYMOUS_YN) values (170,1,5000,to_timestamp('25/04/15 15:59:55.000000000','RR/MM/DD HH24:MI:SSXFF'),null,'gyodong','N');
Insert into SYSTEM.DONATION_HISTORY (DONATION_ID,CENTER_ID,AMOUNT,DONATION_DATE,MESSAGE,USER_ID,ANONYMOUS_YN) values (165,1,1000,to_timestamp('25/04/15 11:37:20.000000000','RR/MM/DD HH24:MI:SSXFF'),'응원해요','gyodong','N');
Insert into SYSTEM.DONATION_HISTORY (DONATION_ID,CENTER_ID,AMOUNT,DONATION_DATE,MESSAGE,USER_ID,ANONYMOUS_YN) values (169,1,5000,to_timestamp('25/04/15 14:28:37.000000000','RR/MM/DD HH24:MI:SSXFF'),null,'gyodong','Y');
Insert into SYSTEM.DONATION_HISTORY (DONATION_ID,CENTER_ID,AMOUNT,DONATION_DATE,MESSAGE,USER_ID,ANONYMOUS_YN) values (126,2,10000,to_timestamp('25/04/11 18:09:25.000000000','RR/MM/DD HH24:MI:SSXFF'),'내 만원을 받아라!!','as789','N');
Insert into SYSTEM.DONATION_HISTORY (DONATION_ID,CENTER_ID,AMOUNT,DONATION_DATE,MESSAGE,USER_ID,ANONYMOUS_YN) values (147,1,1000,to_timestamp('25/04/14 18:48:31.000000000','RR/MM/DD HH24:MI:SSXFF'),'강아지 밥값','aa','N');
Insert into SYSTEM.DONATION_HISTORY (DONATION_ID,CENTER_ID,AMOUNT,DONATION_DATE,MESSAGE,USER_ID,ANONYMOUS_YN) values (128,2,5000,to_timestamp('25/04/11 19:17:17.000000000','RR/MM/DD HH24:MI:SSXFF'),'멤버십으로 후원해요! 함께해요!','as789','Y');
Insert into SYSTEM.DONATION_HISTORY (DONATION_ID,CENTER_ID,AMOUNT,DONATION_DATE,MESSAGE,USER_ID,ANONYMOUS_YN) values (133,2,2000000,to_timestamp('25/04/11 19:25:48.000000000','RR/MM/DD HH24:MI:SSXFF'),'강아지들 위해서 사용해 주세요~','user1004','N');
Insert into SYSTEM.DONATION_HISTORY (DONATION_ID,CENTER_ID,AMOUNT,DONATION_DATE,MESSAGE,USER_ID,ANONYMOUS_YN) values (149,1,10000,to_timestamp('25/04/14 22:10:46.000000000','RR/MM/DD HH24:MI:SSXFF'),'강아지들 위해서 사용해 주세요~','user1004','N');
Insert into SYSTEM.DONATION_HISTORY (DONATION_ID,CENTER_ID,AMOUNT,DONATION_DATE,MESSAGE,USER_ID,ANONYMOUS_YN) values (150,1,5000,to_timestamp('25/04/14 22:13:25.000000000','RR/MM/DD HH24:MI:SSXFF'),'강아지들 위해서 사용해 주세요~','user1004','N');
Insert into SYSTEM.DONATION_HISTORY (DONATION_ID,CENTER_ID,AMOUNT,DONATION_DATE,MESSAGE,USER_ID,ANONYMOUS_YN) values (164,4,5000,to_timestamp('25/04/15 10:17:04.000000000','RR/MM/DD HH24:MI:SSXFF'),'강아지들 위해서 사용해 주세요~','user1004','N');
Insert into SYSTEM.DONATION_HISTORY (DONATION_ID,CENTER_ID,AMOUNT,DONATION_DATE,MESSAGE,USER_ID,ANONYMOUS_YN) values (171,1,1000,to_timestamp('25/04/16 10:17:37.000000000','RR/MM/DD HH24:MI:SSXFF'),'작성테스트','gyodong','N');
Insert into SYSTEM.DONATION_HISTORY (DONATION_ID,CENTER_ID,AMOUNT,DONATION_DATE,MESSAGE,USER_ID,ANONYMOUS_YN) values (121,5,5000,to_timestamp('25/04/11 17:08:52.000000000','RR/MM/DD HH24:MI:SSXFF'),'잘자라 갱얼쥐','suika','Y');
Insert into SYSTEM.DONATION_HISTORY (DONATION_ID,CENTER_ID,AMOUNT,DONATION_DATE,MESSAGE,USER_ID,ANONYMOUS_YN) values (127,1,1000,to_timestamp('25/04/11 18:49:00.000000000','RR/MM/DD HH24:MI:SSXFF'),'강아지들 위해서 사용해 주세요~','dh112800','N');
Insert into SYSTEM.DONATION_HISTORY (DONATION_ID,CENTER_ID,AMOUNT,DONATION_DATE,MESSAGE,USER_ID,ANONYMOUS_YN) values (131,5,5000000,to_timestamp('25/04/11 19:19:38.000000000','RR/MM/DD HH24:MI:SSXFF'),'강아지들 위해서 사용해 주세요~','dh112800','N');
Insert into SYSTEM.DONATION_HISTORY (DONATION_ID,CENTER_ID,AMOUNT,DONATION_DATE,MESSAGE,USER_ID,ANONYMOUS_YN) values (132,3,3000000,to_timestamp('25/04/11 19:25:32.000000000','RR/MM/DD HH24:MI:SSXFF'),'강아지들 위해서 사용해 주세요~','user1004','N');
Insert into SYSTEM.DONATION_HISTORY (DONATION_ID,CENTER_ID,AMOUNT,DONATION_DATE,MESSAGE,USER_ID,ANONYMOUS_YN) values (141,4,50000,to_timestamp('25/04/14 14:54:21.000000000','RR/MM/DD HH24:MI:SSXFF'),'따듯한 마음을 전하세요.','glodstone2','Y');
Insert into SYSTEM.DONATION_HISTORY (DONATION_ID,CENTER_ID,AMOUNT,DONATION_DATE,MESSAGE,USER_ID,ANONYMOUS_YN) values (142,4,30000,to_timestamp('25/04/14 14:54:48.000000000','RR/MM/DD HH24:MI:SSXFF'),'따듯한 마음을 전하세요.','glodstone2','N');
Insert into SYSTEM.DONATION_HISTORY (DONATION_ID,CENTER_ID,AMOUNT,DONATION_DATE,MESSAGE,USER_ID,ANONYMOUS_YN) values (145,2,1000,to_timestamp('25/04/14 15:01:14.000000000','RR/MM/DD HH24:MI:SSXFF'),'포인트 후원 테스트 입니다.','as789','N');
Insert into SYSTEM.DONATION_HISTORY (DONATION_ID,CENTER_ID,AMOUNT,DONATION_DATE,MESSAGE,USER_ID,ANONYMOUS_YN) values (146,5,1000,to_timestamp('25/04/14 15:08:05.000000000','RR/MM/DD HH24:MI:SSXFF'),'포인트 후원 테스트 2 입니다.','as789','Y');
Insert into SYSTEM.DONATION_HISTORY (DONATION_ID,CENTER_ID,AMOUNT,DONATION_DATE,MESSAGE,USER_ID,ANONYMOUS_YN) values (161,3,10000,to_timestamp('25/04/15 09:35:28.000000000','RR/MM/DD HH24:MI:SSXFF'),'강아지들 위해서 사용해 주세요~','user1004','N');
Insert into SYSTEM.DONATION_HISTORY (DONATION_ID,CENTER_ID,AMOUNT,DONATION_DATE,MESSAGE,USER_ID,ANONYMOUS_YN) values (166,4,3000,to_timestamp('25/04/15 11:38:19.000000000','RR/MM/DD HH24:MI:SSXFF'),'아프지말거라~','gyodong','N');
Insert into SYSTEM.DONATION_HISTORY (DONATION_ID,CENTER_ID,AMOUNT,DONATION_DATE,MESSAGE,USER_ID,ANONYMOUS_YN) values (123,2,1000,to_timestamp('25/04/11 17:14:20.000000000','RR/MM/DD HH24:MI:SSXFF'),'갱얼쥐 밥값','suika','N');
Insert into SYSTEM.DONATION_HISTORY (DONATION_ID,CENTER_ID,AMOUNT,DONATION_DATE,MESSAGE,USER_ID,ANONYMOUS_YN) values (124,5,5000,to_timestamp('25/04/11 18:03:04.000000000','RR/MM/DD HH24:MI:SSXFF'),'멤버십','glodstone2','Y');
Insert into SYSTEM.DONATION_HISTORY (DONATION_ID,CENTER_ID,AMOUNT,DONATION_DATE,MESSAGE,USER_ID,ANONYMOUS_YN) values (167,2,10450,to_timestamp('25/04/15 11:46:00.000000000','RR/MM/DD HH24:MI:SSXFF'),'아프지말거라~','gyodong','N');
Insert into SYSTEM.DONATION_HISTORY (DONATION_ID,CENTER_ID,AMOUNT,DONATION_DATE,MESSAGE,USER_ID,ANONYMOUS_YN) values (168,1,10000,to_timestamp('25/04/15 12:23:36.000000000','RR/MM/DD HH24:MI:SSXFF'),'따듯','aa','N');
Insert into SYSTEM.DONATION_HISTORY (DONATION_ID,CENTER_ID,AMOUNT,DONATION_DATE,MESSAGE,USER_ID,ANONYMOUS_YN) values (162,2,5000,to_timestamp('25/04/15 10:01:54.000000000','RR/MM/DD HH24:MI:SSXFF'),'따뜼','user1004','Y');
Insert into SYSTEM.DONATION_HISTORY (DONATION_ID,CENTER_ID,AMOUNT,DONATION_DATE,MESSAGE,USER_ID,ANONYMOUS_YN) values (163,1,5000,to_timestamp('25/04/15 10:05:52.000000000','RR/MM/DD HH24:MI:SSXFF'),'222','user1004','N');
Insert into SYSTEM.DONATION_HISTORY (DONATION_ID,CENTER_ID,AMOUNT,DONATION_DATE,MESSAGE,USER_ID,ANONYMOUS_YN) values (122,1,1000,to_timestamp('25/04/11 17:13:30.000000000','RR/MM/DD HH24:MI:SSXFF'),'응원합니다','hong','N');
Insert into SYSTEM.DONATION_HISTORY (DONATION_ID,CENTER_ID,AMOUNT,DONATION_DATE,MESSAGE,USER_ID,ANONYMOUS_YN) values (151,2,5000,to_timestamp('25/04/14 22:23:01.000000000','RR/MM/DD HH24:MI:SSXFF'),'강아지들 위해서 사용해 주세요~','user1004','N');
REM INSERTING into SYSTEM.FAVORITES
SET DEFINE OFF;
Insert into SYSTEM.FAVORITES (FAVORITE_ID,HOSPITAL_NO,CREATED_AT,USER_ID,PARTNER_DETAIL_ID) values (1340,null,to_date('25/04/14','RR/MM/DD'),'aa',164);
Insert into SYSTEM.FAVORITES (FAVORITE_ID,HOSPITAL_NO,CREATED_AT,USER_ID,PARTNER_DETAIL_ID) values (1347,289,to_date('25/04/16','RR/MM/DD'),'hong',null);
Insert into SYSTEM.FAVORITES (FAVORITE_ID,HOSPITAL_NO,CREATED_AT,USER_ID,PARTNER_DETAIL_ID) values (1345,342,to_date('25/04/16','RR/MM/DD'),'aa',null);
Insert into SYSTEM.FAVORITES (FAVORITE_ID,HOSPITAL_NO,CREATED_AT,USER_ID,PARTNER_DETAIL_ID) values (1349,289,to_date('25/04/16','RR/MM/DD'),'gyodong',null);
REM INSERTING into SYSTEM.FREE_BOARD
SET DEFINE OFF;
Insert into SYSTEM.FREE_BOARD (BOARD_ID,TITLE,CREATED_AT,UPDATED_AT,DISLIKES,LIKES,IS_SECRET,IS_DELETED,CATEGORY,USER_ID,CNT,MENU) values (453,'모바일에서도 이용할 수 있나요?',to_timestamp('25/04/11 17:41:05.000000000','RR/MM/DD HH24:MI:SSXFF'),to_timestamp('25/04/11 17:41:05.000000000','RR/MM/DD HH24:MI:SSXFF'),0,0,'N','N','FAQ','aa',0,'이용방법');
Insert into SYSTEM.FREE_BOARD (BOARD_ID,TITLE,CREATED_AT,UPDATED_AT,DISLIKES,LIKES,IS_SECRET,IS_DELETED,CATEGORY,USER_ID,CNT,MENU) values (465,'배송 상태는 어디서 확인하나요?',to_timestamp('25/04/11 17:46:20.000000000','RR/MM/DD HH24:MI:SSXFF'),to_timestamp('25/04/11 17:46:20.000000000','RR/MM/DD HH24:MI:SSXFF'),0,0,'N','N','FAQ','aa',0,'배송');
Insert into SYSTEM.FREE_BOARD (BOARD_ID,TITLE,CREATED_AT,UPDATED_AT,DISLIKES,LIKES,IS_SECRET,IS_DELETED,CATEGORY,USER_ID,CNT,MENU) values (470,'저 여자...즈후..걸프란...?',to_timestamp('25/04/11 17:55:42.000000000','RR/MM/DD HH24:MI:SSXFF'),to_timestamp('25/04/11 17:55:42.000000000','RR/MM/DD HH24:MI:SSXFF'),1,3,'N','N','F','hong',22,null);
Insert into SYSTEM.FREE_BOARD (BOARD_ID,TITLE,CREATED_AT,UPDATED_AT,DISLIKES,LIKES,IS_SECRET,IS_DELETED,CATEGORY,USER_ID,CNT,MENU) values (482,'댓글 포커싱 테스트',to_timestamp('25/04/13 10:07:28.000000000','RR/MM/DD HH24:MI:SSXFF'),to_timestamp('25/04/13 10:07:28.000000000','RR/MM/DD HH24:MI:SSXFF'),0,2,'N','N','F','aa',16,null);
Insert into SYSTEM.FREE_BOARD (BOARD_ID,TITLE,CREATED_AT,UPDATED_AT,DISLIKES,LIKES,IS_SECRET,IS_DELETED,CATEGORY,USER_ID,CNT,MENU) values (506,'작성 테스트',to_timestamp('25/04/14 19:22:02.000000000','RR/MM/DD HH24:MI:SSXFF'),to_timestamp('25/04/14 19:22:49.000000000','RR/MM/DD HH24:MI:SSXFF'),0,0,'N','Y','F','aa',2,null);
Insert into SYSTEM.FREE_BOARD (BOARD_ID,TITLE,CREATED_AT,UPDATED_AT,DISLIKES,LIKES,IS_SECRET,IS_DELETED,CATEGORY,USER_ID,CNT,MENU) values (508,'공지 입니다.',to_timestamp('25/04/14 19:26:05.000000000','RR/MM/DD HH24:MI:SSXFF'),to_timestamp('25/04/14 19:26:05.000000000','RR/MM/DD HH24:MI:SSXFF'),0,0,'N','Y','A','aa',0,null);
Insert into SYSTEM.FREE_BOARD (BOARD_ID,TITLE,CREATED_AT,UPDATED_AT,DISLIKES,LIKES,IS_SECRET,IS_DELETED,CATEGORY,USER_ID,CNT,MENU) values (529,'공지 테스트',to_timestamp('25/04/15 16:09:49.000000000','RR/MM/DD HH24:MI:SSXFF'),to_timestamp('25/04/15 16:09:49.000000000','RR/MM/DD HH24:MI:SSXFF'),0,0,'N','Y','A','aa',0,null);
Insert into SYSTEM.FREE_BOARD (BOARD_ID,TITLE,CREATED_AT,UPDATED_AT,DISLIKES,LIKES,IS_SECRET,IS_DELETED,CATEGORY,USER_ID,CNT,MENU) values (449,'안녕하세요',to_timestamp('25/04/11 17:39:19.000000000','RR/MM/DD HH24:MI:SSXFF'),to_timestamp('25/04/11 17:41:56.000000000','RR/MM/DD HH24:MI:SSXFF'),0,0,'N','N','F','glodstone2',19,null);
Insert into SYSTEM.FREE_BOARD (BOARD_ID,TITLE,CREATED_AT,UPDATED_AT,DISLIKES,LIKES,IS_SECRET,IS_DELETED,CATEGORY,USER_ID,CNT,MENU) values (532,'1111',to_timestamp('25/04/16 10:36:38.000000000','RR/MM/DD HH24:MI:SSXFF'),to_timestamp('25/04/16 12:24:27.000000000','RR/MM/DD HH24:MI:SSXFF'),0,0,'N','Y','F','gyodong',1,null);
Insert into SYSTEM.FREE_BOARD (BOARD_ID,TITLE,CREATED_AT,UPDATED_AT,DISLIKES,LIKES,IS_SECRET,IS_DELETED,CATEGORY,USER_ID,CNT,MENU) values (538,'123',to_timestamp('25/04/16 12:32:41.000000000','RR/MM/DD HH24:MI:SSXFF'),to_timestamp('25/04/16 12:32:56.000000000','RR/MM/DD HH24:MI:SSXFF'),0,0,'N','Y','F','aa',1,null);
Insert into SYSTEM.FREE_BOARD (BOARD_ID,TITLE,CREATED_AT,UPDATED_AT,DISLIKES,LIKES,IS_SECRET,IS_DELETED,CATEGORY,USER_ID,CNT,MENU) values (539,'테스트11',to_timestamp('25/04/16 12:34:31.000000000','RR/MM/DD HH24:MI:SSXFF'),to_timestamp('25/04/16 12:35:50.000000000','RR/MM/DD HH24:MI:SSXFF'),0,0,'N','Y','F','aa',1,null);
Insert into SYSTEM.FREE_BOARD (BOARD_ID,TITLE,CREATED_AT,UPDATED_AT,DISLIKES,LIKES,IS_SECRET,IS_DELETED,CATEGORY,USER_ID,CNT,MENU) values (446,'게시글 테스트',to_timestamp('25/04/11 17:15:05.000000000','RR/MM/DD HH24:MI:SSXFF'),to_timestamp('25/04/11 18:22:39.000000000','RR/MM/DD HH24:MI:SSXFF'),2,2,'N','Y','F','coongya',5,null);
Insert into SYSTEM.FREE_BOARD (BOARD_ID,TITLE,CREATED_AT,UPDATED_AT,DISLIKES,LIKES,IS_SECRET,IS_DELETED,CATEGORY,USER_ID,CNT,MENU) values (464,'배송 기간은 얼마나 걸리나요?',to_timestamp('25/04/11 17:46:03.000000000','RR/MM/DD HH24:MI:SSXFF'),to_timestamp('25/04/11 17:46:03.000000000','RR/MM/DD HH24:MI:SSXFF'),0,0,'N','N','FAQ','aa',1,'배송');
Insert into SYSTEM.FREE_BOARD (BOARD_ID,TITLE,CREATED_AT,UPDATED_AT,DISLIKES,LIKES,IS_SECRET,IS_DELETED,CATEGORY,USER_ID,CNT,MENU) values (503,'글쓰기 테스트',to_timestamp('25/04/14 18:53:17.000000000','RR/MM/DD HH24:MI:SSXFF'),to_timestamp('25/04/14 18:54:02.000000000','RR/MM/DD HH24:MI:SSXFF'),0,0,'N','Y','F','aa',2,null);
Insert into SYSTEM.FREE_BOARD (BOARD_ID,TITLE,CREATED_AT,UPDATED_AT,DISLIKES,LIKES,IS_SECRET,IS_DELETED,CATEGORY,USER_ID,CNT,MENU) values (505,'공지사항 작성',to_timestamp('25/04/14 18:58:08.000000000','RR/MM/DD HH24:MI:SSXFF'),to_timestamp('25/04/14 18:58:08.000000000','RR/MM/DD HH24:MI:SSXFF'),0,0,'N','Y','A','aa',0,null);
Insert into SYSTEM.FREE_BOARD (BOARD_ID,TITLE,CREATED_AT,UPDATED_AT,DISLIKES,LIKES,IS_SECRET,IS_DELETED,CATEGORY,USER_ID,CNT,MENU) values (527,'공지사항 입니다',to_timestamp('25/04/15 12:43:17.000000000','RR/MM/DD HH24:MI:SSXFF'),to_timestamp('25/04/15 12:43:17.000000000','RR/MM/DD HH24:MI:SSXFF'),0,0,'N','Y','A','user1',0,null);
Insert into SYSTEM.FREE_BOARD (BOARD_ID,TITLE,CREATED_AT,UPDATED_AT,DISLIKES,LIKES,IS_SECRET,IS_DELETED,CATEGORY,USER_ID,CNT,MENU) values (445,'123',to_timestamp('25/04/11 16:49:16.000000000','RR/MM/DD HH24:MI:SSXFF'),to_timestamp('25/04/11 17:08:56.000000000','RR/MM/DD HH24:MI:SSXFF'),0,0,'N','Y','F','user2',2,null);
Insert into SYSTEM.FREE_BOARD (BOARD_ID,TITLE,CREATED_AT,UPDATED_AT,DISLIKES,LIKES,IS_SECRET,IS_DELETED,CATEGORY,USER_ID,CNT,MENU) values (454,'교환/반품은 어떻게 신청하나요?',to_timestamp('25/04/11 17:41:16.000000000','RR/MM/DD HH24:MI:SSXFF'),to_timestamp('25/04/11 17:41:16.000000000','RR/MM/DD HH24:MI:SSXFF'),0,0,'N','N','FAQ','aa',0,'교환/반품');
Insert into SYSTEM.FREE_BOARD (BOARD_ID,TITLE,CREATED_AT,UPDATED_AT,DISLIKES,LIKES,IS_SECRET,IS_DELETED,CATEGORY,USER_ID,CNT,MENU) values (456,'반품 배송비는 누가 부담하나요?',to_timestamp('25/04/11 17:42:51.000000000','RR/MM/DD HH24:MI:SSXFF'),to_timestamp('25/04/11 17:42:51.000000000','RR/MM/DD HH24:MI:SSXFF'),0,0,'N','N','FAQ','aa',0,'교환/반품');
Insert into SYSTEM.FREE_BOARD (BOARD_ID,TITLE,CREATED_AT,UPDATED_AT,DISLIKES,LIKES,IS_SECRET,IS_DELETED,CATEGORY,USER_ID,CNT,MENU) values (458,'비밀번호를 잊어버렸어요.',to_timestamp('25/04/11 17:43:19.000000000','RR/MM/DD HH24:MI:SSXFF'),to_timestamp('25/04/11 17:43:19.000000000','RR/MM/DD HH24:MI:SSXFF'),0,0,'N','N','FAQ','aa',0,'계정');
Insert into SYSTEM.FREE_BOARD (BOARD_ID,TITLE,CREATED_AT,UPDATED_AT,DISLIKES,LIKES,IS_SECRET,IS_DELETED,CATEGORY,USER_ID,CNT,MENU) values (460,'이메일/SMS 수신 설정을 변경하고 싶어요.',to_timestamp('25/04/11 17:43:52.000000000','RR/MM/DD HH24:MI:SSXFF'),to_timestamp('25/04/11 17:43:52.000000000','RR/MM/DD HH24:MI:SSXFF'),0,0,'N','N','FAQ','aa',0,'계정');
Insert into SYSTEM.FREE_BOARD (BOARD_ID,TITLE,CREATED_AT,UPDATED_AT,DISLIKES,LIKES,IS_SECRET,IS_DELETED,CATEGORY,USER_ID,CNT,MENU) values (462,'제 반려동물에게 맞는 상품을 추천받고 싶어요.',to_timestamp('25/04/11 17:44:28.000000000','RR/MM/DD HH24:MI:SSXFF'),to_timestamp('25/04/11 17:44:28.000000000','RR/MM/DD HH24:MI:SSXFF'),0,0,'N','N','FAQ','aa',0,'상품관련');
Insert into SYSTEM.FREE_BOARD (BOARD_ID,TITLE,CREATED_AT,UPDATED_AT,DISLIKES,LIKES,IS_SECRET,IS_DELETED,CATEGORY,USER_ID,CNT,MENU) values (466,'제주도 및 도서산간 지역도 배송되나요?',to_timestamp('25/04/11 17:46:29.000000000','RR/MM/DD HH24:MI:SSXFF'),to_timestamp('25/04/11 17:46:29.000000000','RR/MM/DD HH24:MI:SSXFF'),0,0,'N','N','FAQ','aa',0,'배송');
Insert into SYSTEM.FREE_BOARD (BOARD_ID,TITLE,CREATED_AT,UPDATED_AT,DISLIKES,LIKES,IS_SECRET,IS_DELETED,CATEGORY,USER_ID,CNT,MENU) values (467,'어떤 결제 수단을 사용할 수 있나요?',to_timestamp('25/04/11 17:46:39.000000000','RR/MM/DD HH24:MI:SSXFF'),to_timestamp('25/04/11 17:46:39.000000000','RR/MM/DD HH24:MI:SSXFF'),0,0,'N','N','FAQ','aa',0,'결제관리');
Insert into SYSTEM.FREE_BOARD (BOARD_ID,TITLE,CREATED_AT,UPDATED_AT,DISLIKES,LIKES,IS_SECRET,IS_DELETED,CATEGORY,USER_ID,CNT,MENU) values (502,'이상해씨',to_timestamp('25/04/14 15:32:23.000000000','RR/MM/DD HH24:MI:SSXFF'),to_timestamp('25/04/14 15:32:23.000000000','RR/MM/DD HH24:MI:SSXFF'),0,0,'N','N','F','glodstone2',10,null);
Insert into SYSTEM.FREE_BOARD (BOARD_ID,TITLE,CREATED_AT,UPDATED_AT,DISLIKES,LIKES,IS_SECRET,IS_DELETED,CATEGORY,USER_ID,CNT,MENU) values (504,'관리자 글쓰기 테스트 공지',to_timestamp('25/04/14 18:54:44.000000000','RR/MM/DD HH24:MI:SSXFF'),to_timestamp('25/04/14 18:54:44.000000000','RR/MM/DD HH24:MI:SSXFF'),0,1,'N','N','A','aa',5,null);
Insert into SYSTEM.FREE_BOARD (BOARD_ID,TITLE,CREATED_AT,UPDATED_AT,DISLIKES,LIKES,IS_SECRET,IS_DELETED,CATEGORY,USER_ID,CNT,MENU) values (528,'공지 테스트',to_timestamp('25/04/15 14:18:32.000000000','RR/MM/DD HH24:MI:SSXFF'),to_timestamp('25/04/15 14:18:32.000000000','RR/MM/DD HH24:MI:SSXFF'),0,2,'N','N','A','aa',3,null);
Insert into SYSTEM.FREE_BOARD (BOARD_ID,TITLE,CREATED_AT,UPDATED_AT,DISLIKES,LIKES,IS_SECRET,IS_DELETED,CATEGORY,USER_ID,CNT,MENU) values (530,'테스트',to_timestamp('25/04/16 10:32:12.000000000','RR/MM/DD HH24:MI:SSXFF'),to_timestamp('25/04/16 10:43:52.000000000','RR/MM/DD HH24:MI:SSXFF'),0,1,'N','Y','F','gyodong',1,null);
Insert into SYSTEM.FREE_BOARD (BOARD_ID,TITLE,CREATED_AT,UPDATED_AT,DISLIKES,LIKES,IS_SECRET,IS_DELETED,CATEGORY,USER_ID,CNT,MENU) values (531,'111',to_timestamp('25/04/16 10:33:29.000000000','RR/MM/DD HH24:MI:SSXFF'),to_timestamp('25/04/16 12:24:29.000000000','RR/MM/DD HH24:MI:SSXFF'),0,0,'N','Y','F','gyodong',1,null);
Insert into SYSTEM.FREE_BOARD (BOARD_ID,TITLE,CREATED_AT,UPDATED_AT,DISLIKES,LIKES,IS_SECRET,IS_DELETED,CATEGORY,USER_ID,CNT,MENU) values (535,'공지테스트',to_timestamp('25/04/16 10:48:47.000000000','RR/MM/DD HH24:MI:SSXFF'),to_timestamp('25/04/16 10:48:47.000000000','RR/MM/DD HH24:MI:SSXFF'),0,0,'N','Y','A','aa',0,null);
Insert into SYSTEM.FREE_BOARD (BOARD_ID,TITLE,CREATED_AT,UPDATED_AT,DISLIKES,LIKES,IS_SECRET,IS_DELETED,CATEGORY,USER_ID,CNT,MENU) values (536,'테스트',to_timestamp('25/04/16 12:25:06.000000000','RR/MM/DD HH24:MI:SSXFF'),to_timestamp('25/04/16 12:25:55.000000000','RR/MM/DD HH24:MI:SSXFF'),0,0,'N','Y','F','aa',1,null);
Insert into SYSTEM.FREE_BOARD (BOARD_ID,TITLE,CREATED_AT,UPDATED_AT,DISLIKES,LIKES,IS_SECRET,IS_DELETED,CATEGORY,USER_ID,CNT,MENU) values (450,'공지사항입니다.',to_timestamp('25/04/11 17:39:57.000000000','RR/MM/DD HH24:MI:SSXFF'),to_timestamp('25/04/11 17:39:57.000000000','RR/MM/DD HH24:MI:SSXFF'),1,2,'N','N','A','aa',9,null);
Insert into SYSTEM.FREE_BOARD (BOARD_ID,TITLE,CREATED_AT,UPDATED_AT,DISLIKES,LIKES,IS_SECRET,IS_DELETED,CATEGORY,USER_ID,CNT,MENU) values (452,'비회원으로도 주문할 수 있나요?',to_timestamp('25/04/11 17:40:42.000000000','RR/MM/DD HH24:MI:SSXFF'),to_timestamp('25/04/11 17:40:42.000000000','RR/MM/DD HH24:MI:SSXFF'),0,0,'N','N','FAQ','aa',0,'이용방법');
Insert into SYSTEM.FREE_BOARD (BOARD_ID,TITLE,CREATED_AT,UPDATED_AT,DISLIKES,LIKES,IS_SECRET,IS_DELETED,CATEGORY,USER_ID,CNT,MENU) values (455,'반품 가능한 기간은 언제까지인가요?',to_timestamp('25/04/11 17:42:40.000000000','RR/MM/DD HH24:MI:SSXFF'),to_timestamp('25/04/11 17:42:40.000000000','RR/MM/DD HH24:MI:SSXFF'),0,0,'N','N','FAQ','aa',0,'교환/반품');
Insert into SYSTEM.FREE_BOARD (BOARD_ID,TITLE,CREATED_AT,UPDATED_AT,DISLIKES,LIKES,IS_SECRET,IS_DELETED,CATEGORY,USER_ID,CNT,MENU) values (459,'탈퇴는 어떻게 하나요?',to_timestamp('25/04/11 17:43:36.000000000','RR/MM/DD HH24:MI:SSXFF'),to_timestamp('25/04/11 17:43:36.000000000','RR/MM/DD HH24:MI:SSXFF'),0,0,'N','N','FAQ','aa',1,'계정');
Insert into SYSTEM.FREE_BOARD (BOARD_ID,TITLE,CREATED_AT,UPDATED_AT,DISLIKES,LIKES,IS_SECRET,IS_DELETED,CATEGORY,USER_ID,CNT,MENU) values (463,'품절된 상품은 언제 다시 입고되나요?',to_timestamp('25/04/11 17:44:38.000000000','RR/MM/DD HH24:MI:SSXFF'),to_timestamp('25/04/11 17:44:38.000000000','RR/MM/DD HH24:MI:SSXFF'),0,0,'N','N','FAQ','aa',1,'상품관련');
Insert into SYSTEM.FREE_BOARD (BOARD_ID,TITLE,CREATED_AT,UPDATED_AT,DISLIKES,LIKES,IS_SECRET,IS_DELETED,CATEGORY,USER_ID,CNT,MENU) values (468,'결제 후 결제수단 변경이 가능한가요?',to_timestamp('25/04/11 17:46:53.000000000','RR/MM/DD HH24:MI:SSXFF'),to_timestamp('25/04/11 17:46:53.000000000','RR/MM/DD HH24:MI:SSXFF'),0,0,'N','N','FAQ','aa',2,'결제관리');
Insert into SYSTEM.FREE_BOARD (BOARD_ID,TITLE,CREATED_AT,UPDATED_AT,DISLIKES,LIKES,IS_SECRET,IS_DELETED,CATEGORY,USER_ID,CNT,MENU) values (472,'이 사이트에선 제가 짱입니다',to_timestamp('25/04/11 18:56:28.000000000','RR/MM/DD HH24:MI:SSXFF'),to_timestamp('25/04/11 18:56:28.000000000','RR/MM/DD HH24:MI:SSXFF'),0,0,'N','Y','F','aa',2,'이용방법');
Insert into SYSTEM.FREE_BOARD (BOARD_ID,TITLE,CREATED_AT,UPDATED_AT,DISLIKES,LIKES,IS_SECRET,IS_DELETED,CATEGORY,USER_ID,CNT,MENU) values (523,'안녕하세요',to_timestamp('25/04/15 11:18:52.000000000','RR/MM/DD HH24:MI:SSXFF'),to_timestamp('25/04/15 11:18:52.000000000','RR/MM/DD HH24:MI:SSXFF'),0,0,'N','N','F','gyodong',3,null);
Insert into SYSTEM.FREE_BOARD (BOARD_ID,TITLE,CREATED_AT,UPDATED_AT,DISLIKES,LIKES,IS_SECRET,IS_DELETED,CATEGORY,USER_ID,CNT,MENU) values (526,'이 사이트 좋네요~^^',to_timestamp('25/04/15 11:34:14.000000000','RR/MM/DD HH24:MI:SSXFF'),to_timestamp('25/04/15 11:34:14.000000000','RR/MM/DD HH24:MI:SSXFF'),0,0,'N','N','F','gyodong',10,null);
Insert into SYSTEM.FREE_BOARD (BOARD_ID,TITLE,CREATED_AT,UPDATED_AT,DISLIKES,LIKES,IS_SECRET,IS_DELETED,CATEGORY,USER_ID,CNT,MENU) values (533,'dd',to_timestamp('25/04/16 10:39:38.000000000','RR/MM/DD HH24:MI:SSXFF'),to_timestamp('25/04/16 12:24:24.000000000','RR/MM/DD HH24:MI:SSXFF'),0,0,'N','Y','F','aa',2,null);
Insert into SYSTEM.FREE_BOARD (BOARD_ID,TITLE,CREATED_AT,UPDATED_AT,DISLIKES,LIKES,IS_SECRET,IS_DELETED,CATEGORY,USER_ID,CNT,MENU) values (534,'?',to_timestamp('25/04/16 10:40:59.000000000','RR/MM/DD HH24:MI:SSXFF'),to_timestamp('25/04/16 12:24:20.000000000','RR/MM/DD HH24:MI:SSXFF'),0,0,'N','Y','F','aa',2,null);
Insert into SYSTEM.FREE_BOARD (BOARD_ID,TITLE,CREATED_AT,UPDATED_AT,DISLIKES,LIKES,IS_SECRET,IS_DELETED,CATEGORY,USER_ID,CNT,MENU) values (447,'이게 뭔 게시판이야~',to_timestamp('25/04/11 17:15:47.000000000','RR/MM/DD HH24:MI:SSXFF'),to_timestamp('25/04/11 17:15:47.000000000','RR/MM/DD HH24:MI:SSXFF'),0,2,'N','N','F','suika',15,null);
Insert into SYSTEM.FREE_BOARD (BOARD_ID,TITLE,CREATED_AT,UPDATED_AT,DISLIKES,LIKES,IS_SECRET,IS_DELETED,CATEGORY,USER_ID,CNT,MENU) values (451,'어떻게 회원가입 하나요?',to_timestamp('25/04/11 17:40:16.000000000','RR/MM/DD HH24:MI:SSXFF'),to_timestamp('25/04/11 17:40:16.000000000','RR/MM/DD HH24:MI:SSXFF'),0,0,'N','N','FAQ','aa',0,'이용방법');
Insert into SYSTEM.FREE_BOARD (BOARD_ID,TITLE,CREATED_AT,UPDATED_AT,DISLIKES,LIKES,IS_SECRET,IS_DELETED,CATEGORY,USER_ID,CNT,MENU) values (457,'여기가 요즘 제일 핫하다는 그 멍냥꽁냥?',to_timestamp('25/04/11 17:43:03.000000000','RR/MM/DD HH24:MI:SSXFF'),to_timestamp('25/04/11 17:48:00.000000000','RR/MM/DD HH24:MI:SSXFF'),0,3,'N','N','F','as789',21,null);
Insert into SYSTEM.FREE_BOARD (BOARD_ID,TITLE,CREATED_AT,UPDATED_AT,DISLIKES,LIKES,IS_SECRET,IS_DELETED,CATEGORY,USER_ID,CNT,MENU) values (461,'상품에 대한 추가 정보를 알고 싶어요.',to_timestamp('25/04/11 17:44:10.000000000','RR/MM/DD HH24:MI:SSXFF'),to_timestamp('25/04/11 17:44:10.000000000','RR/MM/DD HH24:MI:SSXFF'),0,0,'N','N','FAQ','aa',0,'상품관련');
Insert into SYSTEM.FREE_BOARD (BOARD_ID,TITLE,CREATED_AT,UPDATED_AT,DISLIKES,LIKES,IS_SECRET,IS_DELETED,CATEGORY,USER_ID,CNT,MENU) values (469,'곧 삭제될 글 입니다',to_timestamp('25/04/11 17:49:06.000000000','RR/MM/DD HH24:MI:SSXFF'),to_timestamp('25/04/11 17:49:25.000000000','RR/MM/DD HH24:MI:SSXFF'),0,0,'N','Y','F','as789',3,null);
Insert into SYSTEM.FREE_BOARD (BOARD_ID,TITLE,CREATED_AT,UPDATED_AT,DISLIKES,LIKES,IS_SECRET,IS_DELETED,CATEGORY,USER_ID,CNT,MENU) values (471,'게시글 테스트 2',to_timestamp('25/04/11 18:23:21.000000000','RR/MM/DD HH24:MI:SSXFF'),to_timestamp('25/04/11 18:23:21.000000000','RR/MM/DD HH24:MI:SSXFF'),0,0,'N','N','F','coongya',22,null);
Insert into SYSTEM.FREE_BOARD (BOARD_ID,TITLE,CREATED_AT,UPDATED_AT,DISLIKES,LIKES,IS_SECRET,IS_DELETED,CATEGORY,USER_ID,CNT,MENU) values (507,'관리자 테스트',to_timestamp('25/04/14 19:23:18.000000000','RR/MM/DD HH24:MI:SSXFF'),to_timestamp('25/04/14 19:23:18.000000000','RR/MM/DD HH24:MI:SSXFF'),0,1,'N','N','A','aa',2,null);
Insert into SYSTEM.FREE_BOARD (BOARD_ID,TITLE,CREATED_AT,UPDATED_AT,DISLIKES,LIKES,IS_SECRET,IS_DELETED,CATEGORY,USER_ID,CNT,MENU) values (522,'나는야 교동',to_timestamp('25/04/15 11:17:30.000000000','RR/MM/DD HH24:MI:SSXFF'),to_timestamp('25/04/15 11:17:30.000000000','RR/MM/DD HH24:MI:SSXFF'),0,0,'N','N','F','gyodong',4,null);
Insert into SYSTEM.FREE_BOARD (BOARD_ID,TITLE,CREATED_AT,UPDATED_AT,DISLIKES,LIKES,IS_SECRET,IS_DELETED,CATEGORY,USER_ID,CNT,MENU) values (537,'ㄱㄱㄱㄱ',to_timestamp('25/04/16 12:30:35.000000000','RR/MM/DD HH24:MI:SSXFF'),to_timestamp('25/04/16 12:30:46.000000000','RR/MM/DD HH24:MI:SSXFF'),0,0,'N','Y','F','aa',1,null);
Insert into SYSTEM.FREE_BOARD (BOARD_ID,TITLE,CREATED_AT,UPDATED_AT,DISLIKES,LIKES,IS_SECRET,IS_DELETED,CATEGORY,USER_ID,CNT,MENU) values (540,'파일테스트',to_timestamp('25/04/16 12:39:09.000000000','RR/MM/DD HH24:MI:SSXFF'),to_timestamp('25/04/16 12:48:10.000000000','RR/MM/DD HH24:MI:SSXFF'),0,0,'N','N','F','aa',1,null);
Insert into SYSTEM.FREE_BOARD (BOARD_ID,TITLE,CREATED_AT,UPDATED_AT,DISLIKES,LIKES,IS_SECRET,IS_DELETED,CATEGORY,USER_ID,CNT,MENU) values (448,'우와 자유게시판이다~',to_timestamp('25/04/11 17:17:54.000000000','RR/MM/DD HH24:MI:SSXFF'),to_timestamp('25/04/11 17:17:54.000000000','RR/MM/DD HH24:MI:SSXFF'),0,2,'N','N','F','hong',13,null);
REM INSERTING into SYSTEM.FREE_BOARD_COMMENT
SET DEFINE OFF;
Insert into SYSTEM.FREE_BOARD_COMMENT (COMMENT_ID,BOARD_ID,USER_ID,PARENT_COMMENT_ID,CREATED_AT,UPDATED_AT,IS_DELETED) values (476,457,'hong',null,to_timestamp('25/04/11 17:54:23.000000000','RR/MM/DD HH24:MI:SSXFF'),to_timestamp('25/04/11 17:54:23.000000000','RR/MM/DD HH24:MI:SSXFF'),'N');
Insert into SYSTEM.FREE_BOARD_COMMENT (COMMENT_ID,BOARD_ID,USER_ID,PARENT_COMMENT_ID,CREATED_AT,UPDATED_AT,IS_DELETED) values (481,448,'coongya',null,to_timestamp('25/04/11 17:57:29.000000000','RR/MM/DD HH24:MI:SSXFF'),to_timestamp('25/04/11 17:57:29.000000000','RR/MM/DD HH24:MI:SSXFF'),'Y');
Insert into SYSTEM.FREE_BOARD_COMMENT (COMMENT_ID,BOARD_ID,USER_ID,PARENT_COMMENT_ID,CREATED_AT,UPDATED_AT,IS_DELETED) values (482,447,'glodstone2',null,to_timestamp('25/04/11 17:57:55.000000000','RR/MM/DD HH24:MI:SSXFF'),to_timestamp('25/04/11 17:57:55.000000000','RR/MM/DD HH24:MI:SSXFF'),'N');
Insert into SYSTEM.FREE_BOARD_COMMENT (COMMENT_ID,BOARD_ID,USER_ID,PARENT_COMMENT_ID,CREATED_AT,UPDATED_AT,IS_DELETED) values (484,447,'glodstone2',null,to_timestamp('25/04/11 17:58:22.000000000','RR/MM/DD HH24:MI:SSXFF'),to_timestamp('25/04/11 17:58:22.000000000','RR/MM/DD HH24:MI:SSXFF'),'N');
Insert into SYSTEM.FREE_BOARD_COMMENT (COMMENT_ID,BOARD_ID,USER_ID,PARENT_COMMENT_ID,CREATED_AT,UPDATED_AT,IS_DELETED) values (521,482,'aa',null,to_timestamp('25/04/13 10:07:32.000000000','RR/MM/DD HH24:MI:SSXFF'),to_timestamp('25/04/13 10:07:32.000000000','RR/MM/DD HH24:MI:SSXFF'),'N');
Insert into SYSTEM.FREE_BOARD_COMMENT (COMMENT_ID,BOARD_ID,USER_ID,PARENT_COMMENT_ID,CREATED_AT,UPDATED_AT,IS_DELETED) values (522,482,'aa',521,to_timestamp('25/04/13 10:07:39.000000000','RR/MM/DD HH24:MI:SSXFF'),to_timestamp('25/04/13 10:07:39.000000000','RR/MM/DD HH24:MI:SSXFF'),'N');
Insert into SYSTEM.FREE_BOARD_COMMENT (COMMENT_ID,BOARD_ID,USER_ID,PARENT_COMMENT_ID,CREATED_AT,UPDATED_AT,IS_DELETED) values (523,482,'aa',null,to_timestamp('25/04/13 10:48:44.000000000','RR/MM/DD HH24:MI:SSXFF'),to_timestamp('25/04/13 10:48:44.000000000','RR/MM/DD HH24:MI:SSXFF'),'N');
Insert into SYSTEM.FREE_BOARD_COMMENT (COMMENT_ID,BOARD_ID,USER_ID,PARENT_COMMENT_ID,CREATED_AT,UPDATED_AT,IS_DELETED) values (525,482,'aa',null,to_timestamp('25/04/13 11:43:48.000000000','RR/MM/DD HH24:MI:SSXFF'),to_timestamp('25/04/13 11:43:48.000000000','RR/MM/DD HH24:MI:SSXFF'),'N');
Insert into SYSTEM.FREE_BOARD_COMMENT (COMMENT_ID,BOARD_ID,USER_ID,PARENT_COMMENT_ID,CREATED_AT,UPDATED_AT,IS_DELETED) values (526,482,'aa',null,to_timestamp('25/04/13 11:43:51.000000000','RR/MM/DD HH24:MI:SSXFF'),to_timestamp('25/04/13 11:43:51.000000000','RR/MM/DD HH24:MI:SSXFF'),'N');
Insert into SYSTEM.FREE_BOARD_COMMENT (COMMENT_ID,BOARD_ID,USER_ID,PARENT_COMMENT_ID,CREATED_AT,UPDATED_AT,IS_DELETED) values (527,482,'aa',526,to_timestamp('25/04/13 11:43:56.000000000','RR/MM/DD HH24:MI:SSXFF'),to_timestamp('25/04/13 11:43:56.000000000','RR/MM/DD HH24:MI:SSXFF'),'Y');
Insert into SYSTEM.FREE_BOARD_COMMENT (COMMENT_ID,BOARD_ID,USER_ID,PARENT_COMMENT_ID,CREATED_AT,UPDATED_AT,IS_DELETED) values (528,482,'aa',526,to_timestamp('25/04/13 11:45:16.000000000','RR/MM/DD HH24:MI:SSXFF'),to_timestamp('25/04/13 11:45:16.000000000','RR/MM/DD HH24:MI:SSXFF'),'Y');
Insert into SYSTEM.FREE_BOARD_COMMENT (COMMENT_ID,BOARD_ID,USER_ID,PARENT_COMMENT_ID,CREATED_AT,UPDATED_AT,IS_DELETED) values (545,482,'glodstone2',541,to_timestamp('25/04/14 15:31:57.000000000','RR/MM/DD HH24:MI:SSXFF'),to_timestamp('25/04/14 15:31:57.000000000','RR/MM/DD HH24:MI:SSXFF'),'N');
Insert into SYSTEM.FREE_BOARD_COMMENT (COMMENT_ID,BOARD_ID,USER_ID,PARENT_COMMENT_ID,CREATED_AT,UPDATED_AT,IS_DELETED) values (548,503,'aa',null,to_timestamp('25/04/14 18:53:30.000000000','RR/MM/DD HH24:MI:SSXFF'),to_timestamp('25/04/14 18:53:30.000000000','RR/MM/DD HH24:MI:SSXFF'),'Y');
Insert into SYSTEM.FREE_BOARD_COMMENT (COMMENT_ID,BOARD_ID,USER_ID,PARENT_COMMENT_ID,CREATED_AT,UPDATED_AT,IS_DELETED) values (550,506,'aa',null,to_timestamp('25/04/14 19:22:14.000000000','RR/MM/DD HH24:MI:SSXFF'),to_timestamp('25/04/14 19:22:14.000000000','RR/MM/DD HH24:MI:SSXFF'),'Y');
Insert into SYSTEM.FREE_BOARD_COMMENT (COMMENT_ID,BOARD_ID,USER_ID,PARENT_COMMENT_ID,CREATED_AT,UPDATED_AT,IS_DELETED) values (562,526,'gyodong',null,to_timestamp('25/04/15 11:35:45.000000000','RR/MM/DD HH24:MI:SSXFF'),to_timestamp('25/04/15 11:35:45.000000000','RR/MM/DD HH24:MI:SSXFF'),'N');
Insert into SYSTEM.FREE_BOARD_COMMENT (COMMENT_ID,BOARD_ID,USER_ID,PARENT_COMMENT_ID,CREATED_AT,UPDATED_AT,IS_DELETED) values (564,523,'user1',null,to_timestamp('25/04/15 12:38:40.000000000','RR/MM/DD HH24:MI:SSXFF'),to_timestamp('25/04/15 12:38:40.000000000','RR/MM/DD HH24:MI:SSXFF'),'Y');
Insert into SYSTEM.FREE_BOARD_COMMENT (COMMENT_ID,BOARD_ID,USER_ID,PARENT_COMMENT_ID,CREATED_AT,UPDATED_AT,IS_DELETED) values (565,523,'user1',564,to_timestamp('25/04/15 12:38:47.000000000','RR/MM/DD HH24:MI:SSXFF'),to_timestamp('25/04/15 12:38:47.000000000','RR/MM/DD HH24:MI:SSXFF'),'Y');
Insert into SYSTEM.FREE_BOARD_COMMENT (COMMENT_ID,BOARD_ID,USER_ID,PARENT_COMMENT_ID,CREATED_AT,UPDATED_AT,IS_DELETED) values (566,526,'aa',null,to_timestamp('25/04/15 14:14:45.000000000','RR/MM/DD HH24:MI:SSXFF'),to_timestamp('25/04/15 14:14:49.000000000','RR/MM/DD HH24:MI:SSXFF'),'N');
Insert into SYSTEM.FREE_BOARD_COMMENT (COMMENT_ID,BOARD_ID,USER_ID,PARENT_COMMENT_ID,CREATED_AT,UPDATED_AT,IS_DELETED) values (567,526,'aa',566,to_timestamp('25/04/15 14:14:52.000000000','RR/MM/DD HH24:MI:SSXFF'),to_timestamp('25/04/15 14:14:52.000000000','RR/MM/DD HH24:MI:SSXFF'),'N');
Insert into SYSTEM.FREE_BOARD_COMMENT (COMMENT_ID,BOARD_ID,USER_ID,PARENT_COMMENT_ID,CREATED_AT,UPDATED_AT,IS_DELETED) values (570,530,'gyodong',null,to_timestamp('25/04/16 10:32:41.000000000','RR/MM/DD HH24:MI:SSXFF'),to_timestamp('25/04/16 10:32:41.000000000','RR/MM/DD HH24:MI:SSXFF'),'Y');
Insert into SYSTEM.FREE_BOARD_COMMENT (COMMENT_ID,BOARD_ID,USER_ID,PARENT_COMMENT_ID,CREATED_AT,UPDATED_AT,IS_DELETED) values (573,539,'aa',572,to_timestamp('25/04/16 12:35:03.000000000','RR/MM/DD HH24:MI:SSXFF'),to_timestamp('25/04/16 12:35:03.000000000','RR/MM/DD HH24:MI:SSXFF'),'Y');
Insert into SYSTEM.FREE_BOARD_COMMENT (COMMENT_ID,BOARD_ID,USER_ID,PARENT_COMMENT_ID,CREATED_AT,UPDATED_AT,IS_DELETED) values (472,457,'glodstone2',null,to_timestamp('25/04/11 17:44:37.000000000','RR/MM/DD HH24:MI:SSXFF'),to_timestamp('25/04/11 17:44:37.000000000','RR/MM/DD HH24:MI:SSXFF'),'N');
Insert into SYSTEM.FREE_BOARD_COMMENT (COMMENT_ID,BOARD_ID,USER_ID,PARENT_COMMENT_ID,CREATED_AT,UPDATED_AT,IS_DELETED) values (473,457,'coongya',472,to_timestamp('25/04/11 17:49:13.000000000','RR/MM/DD HH24:MI:SSXFF'),to_timestamp('25/04/11 18:12:06.000000000','RR/MM/DD HH24:MI:SSXFF'),'N');
Insert into SYSTEM.FREE_BOARD_COMMENT (COMMENT_ID,BOARD_ID,USER_ID,PARENT_COMMENT_ID,CREATED_AT,UPDATED_AT,IS_DELETED) values (463,446,'coongya',null,to_timestamp('25/04/11 17:15:18.000000000','RR/MM/DD HH24:MI:SSXFF'),to_timestamp('25/04/11 17:49:05.000000000','RR/MM/DD HH24:MI:SSXFF'),'N');
Insert into SYSTEM.FREE_BOARD_COMMENT (COMMENT_ID,BOARD_ID,USER_ID,PARENT_COMMENT_ID,CREATED_AT,UPDATED_AT,IS_DELETED) values (465,448,'suika',464,to_timestamp('25/04/11 17:33:08.000000000','RR/MM/DD HH24:MI:SSXFF'),to_timestamp('25/04/11 17:33:08.000000000','RR/MM/DD HH24:MI:SSXFF'),'N');
Insert into SYSTEM.FREE_BOARD_COMMENT (COMMENT_ID,BOARD_ID,USER_ID,PARENT_COMMENT_ID,CREATED_AT,UPDATED_AT,IS_DELETED) values (475,457,'as789',474,to_timestamp('25/04/11 17:54:16.000000000','RR/MM/DD HH24:MI:SSXFF'),to_timestamp('25/04/11 17:54:30.000000000','RR/MM/DD HH24:MI:SSXFF'),'Y');
Insert into SYSTEM.FREE_BOARD_COMMENT (COMMENT_ID,BOARD_ID,USER_ID,PARENT_COMMENT_ID,CREATED_AT,UPDATED_AT,IS_DELETED) values (486,457,'coongya',472,to_timestamp('25/04/11 18:10:05.000000000','RR/MM/DD HH24:MI:SSXFF'),to_timestamp('25/04/11 18:10:05.000000000','RR/MM/DD HH24:MI:SSXFF'),'N');
Insert into SYSTEM.FREE_BOARD_COMMENT (COMMENT_ID,BOARD_ID,USER_ID,PARENT_COMMENT_ID,CREATED_AT,UPDATED_AT,IS_DELETED) values (487,457,'coongya',472,to_timestamp('25/04/11 18:12:10.000000000','RR/MM/DD HH24:MI:SSXFF'),to_timestamp('25/04/11 18:12:10.000000000','RR/MM/DD HH24:MI:SSXFF'),'N');
Insert into SYSTEM.FREE_BOARD_COMMENT (COMMENT_ID,BOARD_ID,USER_ID,PARENT_COMMENT_ID,CREATED_AT,UPDATED_AT,IS_DELETED) values (488,457,'coongya',476,to_timestamp('25/04/11 18:12:16.000000000','RR/MM/DD HH24:MI:SSXFF'),to_timestamp('25/04/11 18:12:16.000000000','RR/MM/DD HH24:MI:SSXFF'),'N');
Insert into SYSTEM.FREE_BOARD_COMMENT (COMMENT_ID,BOARD_ID,USER_ID,PARENT_COMMENT_ID,CREATED_AT,UPDATED_AT,IS_DELETED) values (489,470,'coongya',null,to_timestamp('25/04/11 18:12:30.000000000','RR/MM/DD HH24:MI:SSXFF'),to_timestamp('25/04/11 18:12:30.000000000','RR/MM/DD HH24:MI:SSXFF'),'N');
Insert into SYSTEM.FREE_BOARD_COMMENT (COMMENT_ID,BOARD_ID,USER_ID,PARENT_COMMENT_ID,CREATED_AT,UPDATED_AT,IS_DELETED) values (490,470,'coongya',489,to_timestamp('25/04/11 18:12:40.000000000','RR/MM/DD HH24:MI:SSXFF'),to_timestamp('25/04/11 18:12:40.000000000','RR/MM/DD HH24:MI:SSXFF'),'Y');
Insert into SYSTEM.FREE_BOARD_COMMENT (COMMENT_ID,BOARD_ID,USER_ID,PARENT_COMMENT_ID,CREATED_AT,UPDATED_AT,IS_DELETED) values (492,447,'coongya',470,to_timestamp('25/04/11 18:20:39.000000000','RR/MM/DD HH24:MI:SSXFF'),to_timestamp('25/04/11 18:20:56.000000000','RR/MM/DD HH24:MI:SSXFF'),'N');
Insert into SYSTEM.FREE_BOARD_COMMENT (COMMENT_ID,BOARD_ID,USER_ID,PARENT_COMMENT_ID,CREATED_AT,UPDATED_AT,IS_DELETED) values (493,447,'coongya',484,to_timestamp('25/04/11 18:20:46.000000000','RR/MM/DD HH24:MI:SSXFF'),to_timestamp('25/04/11 18:20:46.000000000','RR/MM/DD HH24:MI:SSXFF'),'N');
Insert into SYSTEM.FREE_BOARD_COMMENT (COMMENT_ID,BOARD_ID,USER_ID,PARENT_COMMENT_ID,CREATED_AT,UPDATED_AT,IS_DELETED) values (499,448,'coongya',466,to_timestamp('25/04/11 18:59:20.000000000','RR/MM/DD HH24:MI:SSXFF'),to_timestamp('25/04/11 18:59:20.000000000','RR/MM/DD HH24:MI:SSXFF'),'N');
Insert into SYSTEM.FREE_BOARD_COMMENT (COMMENT_ID,BOARD_ID,USER_ID,PARENT_COMMENT_ID,CREATED_AT,UPDATED_AT,IS_DELETED) values (524,482,'aa',523,to_timestamp('25/04/13 10:48:49.000000000','RR/MM/DD HH24:MI:SSXFF'),to_timestamp('25/04/13 10:48:49.000000000','RR/MM/DD HH24:MI:SSXFF'),'N');
Insert into SYSTEM.FREE_BOARD_COMMENT (COMMENT_ID,BOARD_ID,USER_ID,PARENT_COMMENT_ID,CREATED_AT,UPDATED_AT,IS_DELETED) values (542,482,'aa',541,to_timestamp('25/04/14 10:04:10.000000000','RR/MM/DD HH24:MI:SSXFF'),to_timestamp('25/04/14 10:04:10.000000000','RR/MM/DD HH24:MI:SSXFF'),'Y');
Insert into SYSTEM.FREE_BOARD_COMMENT (COMMENT_ID,BOARD_ID,USER_ID,PARENT_COMMENT_ID,CREATED_AT,UPDATED_AT,IS_DELETED) values (549,503,'aa',548,to_timestamp('25/04/14 18:53:36.000000000','RR/MM/DD HH24:MI:SSXFF'),to_timestamp('25/04/14 18:53:36.000000000','RR/MM/DD HH24:MI:SSXFF'),'Y');
Insert into SYSTEM.FREE_BOARD_COMMENT (COMMENT_ID,BOARD_ID,USER_ID,PARENT_COMMENT_ID,CREATED_AT,UPDATED_AT,IS_DELETED) values (461,445,'user2',null,to_timestamp('25/04/11 17:08:52.000000000','RR/MM/DD HH24:MI:SSXFF'),to_timestamp('25/04/11 17:08:52.000000000','RR/MM/DD HH24:MI:SSXFF'),'Y');
Insert into SYSTEM.FREE_BOARD_COMMENT (COMMENT_ID,BOARD_ID,USER_ID,PARENT_COMMENT_ID,CREATED_AT,UPDATED_AT,IS_DELETED) values (474,457,'as789',null,to_timestamp('25/04/11 17:53:36.000000000','RR/MM/DD HH24:MI:SSXFF'),to_timestamp('25/04/11 17:53:59.000000000','RR/MM/DD HH24:MI:SSXFF'),'Y');
Insert into SYSTEM.FREE_BOARD_COMMENT (COMMENT_ID,BOARD_ID,USER_ID,PARENT_COMMENT_ID,CREATED_AT,UPDATED_AT,IS_DELETED) values (478,448,'coongya',464,to_timestamp('25/04/11 17:55:49.000000000','RR/MM/DD HH24:MI:SSXFF'),to_timestamp('25/04/11 17:55:49.000000000','RR/MM/DD HH24:MI:SSXFF'),'N');
Insert into SYSTEM.FREE_BOARD_COMMENT (COMMENT_ID,BOARD_ID,USER_ID,PARENT_COMMENT_ID,CREATED_AT,UPDATED_AT,IS_DELETED) values (479,448,'coongya',469,to_timestamp('25/04/11 17:55:57.000000000','RR/MM/DD HH24:MI:SSXFF'),to_timestamp('25/04/11 17:55:57.000000000','RR/MM/DD HH24:MI:SSXFF'),'N');
Insert into SYSTEM.FREE_BOARD_COMMENT (COMMENT_ID,BOARD_ID,USER_ID,PARENT_COMMENT_ID,CREATED_AT,UPDATED_AT,IS_DELETED) values (485,470,'aa',null,to_timestamp('25/04/11 18:00:46.000000000','RR/MM/DD HH24:MI:SSXFF'),to_timestamp('25/04/11 18:00:46.000000000','RR/MM/DD HH24:MI:SSXFF'),'N');
Insert into SYSTEM.FREE_BOARD_COMMENT (COMMENT_ID,BOARD_ID,USER_ID,PARENT_COMMENT_ID,CREATED_AT,UPDATED_AT,IS_DELETED) values (491,470,'coongya',485,to_timestamp('25/04/11 18:12:46.000000000','RR/MM/DD HH24:MI:SSXFF'),to_timestamp('25/04/11 18:12:46.000000000','RR/MM/DD HH24:MI:SSXFF'),'Y');
Insert into SYSTEM.FREE_BOARD_COMMENT (COMMENT_ID,BOARD_ID,USER_ID,PARENT_COMMENT_ID,CREATED_AT,UPDATED_AT,IS_DELETED) values (494,471,'coongya',null,to_timestamp('25/04/11 18:23:33.000000000','RR/MM/DD HH24:MI:SSXFF'),to_timestamp('25/04/11 18:43:06.000000000','RR/MM/DD HH24:MI:SSXFF'),'Y');
Insert into SYSTEM.FREE_BOARD_COMMENT (COMMENT_ID,BOARD_ID,USER_ID,PARENT_COMMENT_ID,CREATED_AT,UPDATED_AT,IS_DELETED) values (541,482,'user1',null,to_timestamp('25/04/14 10:01:28.000000000','RR/MM/DD HH24:MI:SSXFF'),to_timestamp('25/04/14 10:01:28.000000000','RR/MM/DD HH24:MI:SSXFF'),'N');
Insert into SYSTEM.FREE_BOARD_COMMENT (COMMENT_ID,BOARD_ID,USER_ID,PARENT_COMMENT_ID,CREATED_AT,UPDATED_AT,IS_DELETED) values (543,482,'coongya',null,to_timestamp('25/04/14 12:53:43.000000000','RR/MM/DD HH24:MI:SSXFF'),to_timestamp('25/04/14 12:53:43.000000000','RR/MM/DD HH24:MI:SSXFF'),'N');
Insert into SYSTEM.FREE_BOARD_COMMENT (COMMENT_ID,BOARD_ID,USER_ID,PARENT_COMMENT_ID,CREATED_AT,UPDATED_AT,IS_DELETED) values (544,482,'coongya',null,to_timestamp('25/04/14 12:55:42.000000000','RR/MM/DD HH24:MI:SSXFF'),to_timestamp('25/04/14 12:55:42.000000000','RR/MM/DD HH24:MI:SSXFF'),'N');
Insert into SYSTEM.FREE_BOARD_COMMENT (COMMENT_ID,BOARD_ID,USER_ID,PARENT_COMMENT_ID,CREATED_AT,UPDATED_AT,IS_DELETED) values (546,502,'glodstone2',null,to_timestamp('25/04/14 15:32:36.000000000','RR/MM/DD HH24:MI:SSXFF'),to_timestamp('25/04/14 15:32:36.000000000','RR/MM/DD HH24:MI:SSXFF'),'N');
Insert into SYSTEM.FREE_BOARD_COMMENT (COMMENT_ID,BOARD_ID,USER_ID,PARENT_COMMENT_ID,CREATED_AT,UPDATED_AT,IS_DELETED) values (568,526,'gyodong',null,to_timestamp('25/04/15 16:01:43.000000000','RR/MM/DD HH24:MI:SSXFF'),to_timestamp('25/04/15 16:01:52.000000000','RR/MM/DD HH24:MI:SSXFF'),'N');
Insert into SYSTEM.FREE_BOARD_COMMENT (COMMENT_ID,BOARD_ID,USER_ID,PARENT_COMMENT_ID,CREATED_AT,UPDATED_AT,IS_DELETED) values (571,530,'gyodong',570,to_timestamp('25/04/16 10:32:46.000000000','RR/MM/DD HH24:MI:SSXFF'),to_timestamp('25/04/16 10:32:46.000000000','RR/MM/DD HH24:MI:SSXFF'),'Y');
Insert into SYSTEM.FREE_BOARD_COMMENT (COMMENT_ID,BOARD_ID,USER_ID,PARENT_COMMENT_ID,CREATED_AT,UPDATED_AT,IS_DELETED) values (572,539,'aa',null,to_timestamp('25/04/16 12:34:52.000000000','RR/MM/DD HH24:MI:SSXFF'),to_timestamp('25/04/16 12:34:57.000000000','RR/MM/DD HH24:MI:SSXFF'),'Y');
Insert into SYSTEM.FREE_BOARD_COMMENT (COMMENT_ID,BOARD_ID,USER_ID,PARENT_COMMENT_ID,CREATED_AT,UPDATED_AT,IS_DELETED) values (467,448,'suika',464,to_timestamp('25/04/11 17:33:31.000000000','RR/MM/DD HH24:MI:SSXFF'),to_timestamp('25/04/11 17:33:31.000000000','RR/MM/DD HH24:MI:SSXFF'),'N');
Insert into SYSTEM.FREE_BOARD_COMMENT (COMMENT_ID,BOARD_ID,USER_ID,PARENT_COMMENT_ID,CREATED_AT,UPDATED_AT,IS_DELETED) values (469,448,'suika',null,to_timestamp('25/04/11 17:34:38.000000000','RR/MM/DD HH24:MI:SSXFF'),to_timestamp('25/04/11 17:34:38.000000000','RR/MM/DD HH24:MI:SSXFF'),'N');
Insert into SYSTEM.FREE_BOARD_COMMENT (COMMENT_ID,BOARD_ID,USER_ID,PARENT_COMMENT_ID,CREATED_AT,UPDATED_AT,IS_DELETED) values (470,447,'suika',null,to_timestamp('25/04/11 17:35:28.000000000','RR/MM/DD HH24:MI:SSXFF'),to_timestamp('25/04/11 17:35:28.000000000','RR/MM/DD HH24:MI:SSXFF'),'N');
Insert into SYSTEM.FREE_BOARD_COMMENT (COMMENT_ID,BOARD_ID,USER_ID,PARENT_COMMENT_ID,CREATED_AT,UPDATED_AT,IS_DELETED) values (561,502,'gyodong',null,to_timestamp('25/04/15 11:32:46.000000000','RR/MM/DD HH24:MI:SSXFF'),to_timestamp('25/04/15 11:32:46.000000000','RR/MM/DD HH24:MI:SSXFF'),'N');
Insert into SYSTEM.FREE_BOARD_COMMENT (COMMENT_ID,BOARD_ID,USER_ID,PARENT_COMMENT_ID,CREATED_AT,UPDATED_AT,IS_DELETED) values (563,449,'gyodong',null,to_timestamp('25/04/15 11:36:26.000000000','RR/MM/DD HH24:MI:SSXFF'),to_timestamp('25/04/15 11:36:26.000000000','RR/MM/DD HH24:MI:SSXFF'),'N');
Insert into SYSTEM.FREE_BOARD_COMMENT (COMMENT_ID,BOARD_ID,USER_ID,PARENT_COMMENT_ID,CREATED_AT,UPDATED_AT,IS_DELETED) values (466,448,'suika',null,to_timestamp('25/04/11 17:33:13.000000000','RR/MM/DD HH24:MI:SSXFF'),to_timestamp('25/04/11 17:33:13.000000000','RR/MM/DD HH24:MI:SSXFF'),'N');
Insert into SYSTEM.FREE_BOARD_COMMENT (COMMENT_ID,BOARD_ID,USER_ID,PARENT_COMMENT_ID,CREATED_AT,UPDATED_AT,IS_DELETED) values (468,448,'suika',464,to_timestamp('25/04/11 17:33:57.000000000','RR/MM/DD HH24:MI:SSXFF'),to_timestamp('25/04/11 17:33:57.000000000','RR/MM/DD HH24:MI:SSXFF'),'N');
Insert into SYSTEM.FREE_BOARD_COMMENT (COMMENT_ID,BOARD_ID,USER_ID,PARENT_COMMENT_ID,CREATED_AT,UPDATED_AT,IS_DELETED) values (480,457,'as789',474,to_timestamp('25/04/11 17:56:05.000000000','RR/MM/DD HH24:MI:SSXFF'),to_timestamp('25/04/11 17:56:05.000000000','RR/MM/DD HH24:MI:SSXFF'),'N');
Insert into SYSTEM.FREE_BOARD_COMMENT (COMMENT_ID,BOARD_ID,USER_ID,PARENT_COMMENT_ID,CREATED_AT,UPDATED_AT,IS_DELETED) values (483,447,'glodstone2',null,to_timestamp('25/04/11 17:58:10.000000000','RR/MM/DD HH24:MI:SSXFF'),to_timestamp('25/04/11 17:58:10.000000000','RR/MM/DD HH24:MI:SSXFF'),'N');
Insert into SYSTEM.FREE_BOARD_COMMENT (COMMENT_ID,BOARD_ID,USER_ID,PARENT_COMMENT_ID,CREATED_AT,UPDATED_AT,IS_DELETED) values (495,471,'coongya',null,to_timestamp('25/04/11 18:40:18.000000000','RR/MM/DD HH24:MI:SSXFF'),to_timestamp('25/04/11 18:40:26.000000000','RR/MM/DD HH24:MI:SSXFF'),'N');
Insert into SYSTEM.FREE_BOARD_COMMENT (COMMENT_ID,BOARD_ID,USER_ID,PARENT_COMMENT_ID,CREATED_AT,UPDATED_AT,IS_DELETED) values (496,471,'aa',null,to_timestamp('25/04/11 18:58:45.000000000','RR/MM/DD HH24:MI:SSXFF'),to_timestamp('25/04/11 18:58:45.000000000','RR/MM/DD HH24:MI:SSXFF'),'N');
Insert into SYSTEM.FREE_BOARD_COMMENT (COMMENT_ID,BOARD_ID,USER_ID,PARENT_COMMENT_ID,CREATED_AT,UPDATED_AT,IS_DELETED) values (497,471,'aa',495,to_timestamp('25/04/11 18:58:51.000000000','RR/MM/DD HH24:MI:SSXFF'),to_timestamp('25/04/11 18:58:51.000000000','RR/MM/DD HH24:MI:SSXFF'),'N');
Insert into SYSTEM.FREE_BOARD_COMMENT (COMMENT_ID,BOARD_ID,USER_ID,PARENT_COMMENT_ID,CREATED_AT,UPDATED_AT,IS_DELETED) values (498,448,'coongya',469,to_timestamp('25/04/11 18:59:12.000000000','RR/MM/DD HH24:MI:SSXFF'),to_timestamp('25/04/11 18:59:12.000000000','RR/MM/DD HH24:MI:SSXFF'),'N');
Insert into SYSTEM.FREE_BOARD_COMMENT (COMMENT_ID,BOARD_ID,USER_ID,PARENT_COMMENT_ID,CREATED_AT,UPDATED_AT,IS_DELETED) values (500,448,'coongya',466,to_timestamp('25/04/11 18:59:25.000000000','RR/MM/DD HH24:MI:SSXFF'),to_timestamp('25/04/11 18:59:25.000000000','RR/MM/DD HH24:MI:SSXFF'),'N');
Insert into SYSTEM.FREE_BOARD_COMMENT (COMMENT_ID,BOARD_ID,USER_ID,PARENT_COMMENT_ID,CREATED_AT,UPDATED_AT,IS_DELETED) values (501,448,'aa',466,to_timestamp('25/04/11 18:59:42.000000000','RR/MM/DD HH24:MI:SSXFF'),to_timestamp('25/04/11 18:59:42.000000000','RR/MM/DD HH24:MI:SSXFF'),'N');
Insert into SYSTEM.FREE_BOARD_COMMENT (COMMENT_ID,BOARD_ID,USER_ID,PARENT_COMMENT_ID,CREATED_AT,UPDATED_AT,IS_DELETED) values (547,482,'aa',null,to_timestamp('25/04/14 17:13:11.000000000','RR/MM/DD HH24:MI:SSXFF'),to_timestamp('25/04/14 17:13:11.000000000','RR/MM/DD HH24:MI:SSXFF'),'N');
Insert into SYSTEM.FREE_BOARD_COMMENT (COMMENT_ID,BOARD_ID,USER_ID,PARENT_COMMENT_ID,CREATED_AT,UPDATED_AT,IS_DELETED) values (551,506,'aa',550,to_timestamp('25/04/14 19:22:20.000000000','RR/MM/DD HH24:MI:SSXFF'),to_timestamp('25/04/14 19:22:20.000000000','RR/MM/DD HH24:MI:SSXFF'),'Y');
Insert into SYSTEM.FREE_BOARD_COMMENT (COMMENT_ID,BOARD_ID,USER_ID,PARENT_COMMENT_ID,CREATED_AT,UPDATED_AT,IS_DELETED) values (569,526,'gyodong',568,to_timestamp('25/04/15 16:02:09.000000000','RR/MM/DD HH24:MI:SSXFF'),to_timestamp('25/04/15 16:02:09.000000000','RR/MM/DD HH24:MI:SSXFF'),'Y');
Insert into SYSTEM.FREE_BOARD_COMMENT (COMMENT_ID,BOARD_ID,USER_ID,PARENT_COMMENT_ID,CREATED_AT,UPDATED_AT,IS_DELETED) values (464,448,'hong',null,to_timestamp('25/04/11 17:18:27.000000000','RR/MM/DD HH24:MI:SSXFF'),to_timestamp('25/04/11 17:18:27.000000000','RR/MM/DD HH24:MI:SSXFF'),'N');
Insert into SYSTEM.FREE_BOARD_COMMENT (COMMENT_ID,BOARD_ID,USER_ID,PARENT_COMMENT_ID,CREATED_AT,UPDATED_AT,IS_DELETED) values (477,457,'aa',null,to_timestamp('25/04/11 17:54:55.000000000','RR/MM/DD HH24:MI:SSXFF'),to_timestamp('25/04/11 17:54:55.000000000','RR/MM/DD HH24:MI:SSXFF'),'N');
REM INSERTING into SYSTEM.FREE_BOARD_FILE
SET DEFINE OFF;
Insert into SYSTEM.FREE_BOARD_FILE (FILE_ID,BOARD_ID,FILE_NAME,FILE_PATH,ORIGINAL_NAME,FILE_EXT,CREATED_AT,FILE_SIZE) values (146,449,'202531154156761.zip','../img/freeBoard/202531154156761.zip','apache-tomcat-10.1.36-windows-x64.zip','.zip',to_date('25/04/11','RR/MM/DD'),15406446);
Insert into SYSTEM.FREE_BOARD_FILE (FILE_ID,BOARD_ID,FILE_NAME,FILE_PATH,ORIGINAL_NAME,FILE_EXT,CREATED_AT,FILE_SIZE) values (183,530,'2025316104337127.png','../img/freeBoard/2025316104337127.png','Lodingdog.png','.png',to_date('25/04/16','RR/MM/DD'),91631);
Insert into SYSTEM.FREE_BOARD_FILE (FILE_ID,BOARD_ID,FILE_NAME,FILE_PATH,ORIGINAL_NAME,FILE_EXT,CREATED_AT,FILE_SIZE) values (193,540,'20253160489512.jpg','../img/freeBoard/20253160489512.jpg','d1.jpg','.jpg',to_date('25/04/16','RR/MM/DD'),17444);
Insert into SYSTEM.FREE_BOARD_FILE (FILE_ID,BOARD_ID,FILE_NAME,FILE_PATH,ORIGINAL_NAME,FILE_EXT,CREATED_AT,FILE_SIZE) values (194,540,'20253160489525.jpg','../img/freeBoard/20253160489525.jpg','d2.jpg','.jpg',to_date('25/04/16','RR/MM/DD'),16933);
Insert into SYSTEM.FREE_BOARD_FILE (FILE_ID,BOARD_ID,FILE_NAME,FILE_PATH,ORIGINAL_NAME,FILE_EXT,CREATED_AT,FILE_SIZE) values (143,449,'202531153941603.png','../img/freeBoard/202531153941603.png','coupon_shape_only.png','.png',to_date('25/04/11','RR/MM/DD'),3063);
Insert into SYSTEM.FREE_BOARD_FILE (FILE_ID,BOARD_ID,FILE_NAME,FILE_PATH,ORIGINAL_NAME,FILE_EXT,CREATED_AT,FILE_SIZE) values (195,540,'20253160489534.jpg','../img/freeBoard/20253160489534.jpg','d3.jpg','.jpg',to_date('25/04/16','RR/MM/DD'),21957);
Insert into SYSTEM.FREE_BOARD_FILE (FILE_ID,BOARD_ID,FILE_NAME,FILE_PATH,ORIGINAL_NAME,FILE_EXT,CREATED_AT,FILE_SIZE) values (196,540,'20253160489540.jpg','../img/freeBoard/20253160489540.jpg','d4.jpg','.jpg',to_date('25/04/16','RR/MM/DD'),119991);
Insert into SYSTEM.FREE_BOARD_FILE (FILE_ID,BOARD_ID,FILE_NAME,FILE_PATH,ORIGINAL_NAME,FILE_EXT,CREATED_AT,FILE_SIZE) values (197,540,'20253160489548.jpg','../img/freeBoard/20253160489548.jpg','d5.jpg','.jpg',to_date('25/04/16','RR/MM/DD'),25583);
Insert into SYSTEM.FREE_BOARD_FILE (FILE_ID,BOARD_ID,FILE_NAME,FILE_PATH,ORIGINAL_NAME,FILE_EXT,CREATED_AT,FILE_SIZE) values (181,531,'2025316103623460.png','../img/freeBoard/2025316103623460.png','Lodingdog.png','.png',to_date('25/04/16','RR/MM/DD'),91631);
Insert into SYSTEM.FREE_BOARD_FILE (FILE_ID,BOARD_ID,FILE_NAME,FILE_PATH,ORIGINAL_NAME,FILE_EXT,CREATED_AT,FILE_SIZE) values (142,445,'20253115645698.jpg','../img/freeBoard/20253115645698.jpg','d19.jpg','.jpg',to_date('25/04/11','RR/MM/DD'),66390);
Insert into SYSTEM.FREE_BOARD_FILE (FILE_ID,BOARD_ID,FILE_NAME,FILE_PATH,ORIGINAL_NAME,FILE_EXT,CREATED_AT,FILE_SIZE) values (161,503,'202531465354580.jpg','../img/freeBoard/202531465354580.jpg','20253304843442.jpg','.jpg',to_date('25/04/14','RR/MM/DD'),6864);
Insert into SYSTEM.FREE_BOARD_FILE (FILE_ID,BOARD_ID,FILE_NAME,FILE_PATH,ORIGINAL_NAME,FILE_EXT,CREATED_AT,FILE_SIZE) values (182,534,'2025316104058488.jpg','../img/freeBoard/2025316104058488.jpg','56269b5717ec3860eb8d75452860bd75.jpg','.jpg',to_date('25/04/16','RR/MM/DD'),30715);
Insert into SYSTEM.FREE_BOARD_FILE (FILE_ID,BOARD_ID,FILE_NAME,FILE_PATH,ORIGINAL_NAME,FILE_EXT,CREATED_AT,FILE_SIZE) values (185,538,'20253160324097.jpg','../img/freeBoard/20253160324097.jpg','d19.jpg','.jpg',to_date('25/04/16','RR/MM/DD'),66390);
Insert into SYSTEM.FREE_BOARD_FILE (FILE_ID,BOARD_ID,FILE_NAME,FILE_PATH,ORIGINAL_NAME,FILE_EXT,CREATED_AT,FILE_SIZE) values (184,537,'20253160303638.png','../img/freeBoard/20253160303638.png','Lodingdog.png','.png',to_date('25/04/16','RR/MM/DD'),91631);
Insert into SYSTEM.FREE_BOARD_FILE (FILE_ID,BOARD_ID,FILE_NAME,FILE_PATH,ORIGINAL_NAME,FILE_EXT,CREATED_AT,FILE_SIZE) values (186,539,'202531603433815.png','../img/freeBoard/202531603433815.png','Lodingdog.png','.png',to_date('25/04/16','RR/MM/DD'),91631);
Insert into SYSTEM.FREE_BOARD_FILE (FILE_ID,BOARD_ID,FILE_NAME,FILE_PATH,ORIGINAL_NAME,FILE_EXT,CREATED_AT,FILE_SIZE) values (188,539,'202531603433838.jfif','../img/freeBoard/202531603433838.jfif','images.jfif','.jfif',to_date('25/04/16','RR/MM/DD'),4951);
Insert into SYSTEM.FREE_BOARD_FILE (FILE_ID,BOARD_ID,FILE_NAME,FILE_PATH,ORIGINAL_NAME,FILE_EXT,CREATED_AT,FILE_SIZE) values (189,539,'202531603532426.png','../img/freeBoard/202531603532426.png','캡처-removebg-preview.png','.png',to_date('25/04/16','RR/MM/DD'),86299);
REM INSERTING into SYSTEM.FREE_BOARD_LIKE_LOG
SET DEFINE OFF;
Insert into SYSTEM.FREE_BOARD_LIKE_LOG (BOARD_ID,USER_ID,STATUS) values (482,'user1','like');
Insert into SYSTEM.FREE_BOARD_LIKE_LOG (BOARD_ID,USER_ID,STATUS) values (507,'user1','like');
Insert into SYSTEM.FREE_BOARD_LIKE_LOG (BOARD_ID,USER_ID,STATUS) values (457,'dh112800','like');
Insert into SYSTEM.FREE_BOARD_LIKE_LOG (BOARD_ID,USER_ID,STATUS) values (446,'coongya','like');
Insert into SYSTEM.FREE_BOARD_LIKE_LOG (BOARD_ID,USER_ID,STATUS) values (448,'as789','like');
Insert into SYSTEM.FREE_BOARD_LIKE_LOG (BOARD_ID,USER_ID,STATUS) values (446,'glodstone2','dislike');
Insert into SYSTEM.FREE_BOARD_LIKE_LOG (BOARD_ID,USER_ID,STATUS) values (482,'coongya','like');
Insert into SYSTEM.FREE_BOARD_LIKE_LOG (BOARD_ID,USER_ID,STATUS) values (470,'as789','like');
Insert into SYSTEM.FREE_BOARD_LIKE_LOG (BOARD_ID,USER_ID,STATUS) values (504,'test1234','like');
Insert into SYSTEM.FREE_BOARD_LIKE_LOG (BOARD_ID,USER_ID,STATUS) values (450,'coongya','like');
Insert into SYSTEM.FREE_BOARD_LIKE_LOG (BOARD_ID,USER_ID,STATUS) values (457,'coongya','like');
Insert into SYSTEM.FREE_BOARD_LIKE_LOG (BOARD_ID,USER_ID,STATUS) values (448,'coongya','like');
Insert into SYSTEM.FREE_BOARD_LIKE_LOG (BOARD_ID,USER_ID,STATUS) values (530,'gyodong','like');
Insert into SYSTEM.FREE_BOARD_LIKE_LOG (BOARD_ID,USER_ID,STATUS) values (528,'gyodong','like');
Insert into SYSTEM.FREE_BOARD_LIKE_LOG (BOARD_ID,USER_ID,STATUS) values (446,'hong','like');
Insert into SYSTEM.FREE_BOARD_LIKE_LOG (BOARD_ID,USER_ID,STATUS) values (446,'suika','dislike');
Insert into SYSTEM.FREE_BOARD_LIKE_LOG (BOARD_ID,USER_ID,STATUS) values (470,'user1','like');
Insert into SYSTEM.FREE_BOARD_LIKE_LOG (BOARD_ID,USER_ID,STATUS) values (470,'coongya','dislike');
Insert into SYSTEM.FREE_BOARD_LIKE_LOG (BOARD_ID,USER_ID,STATUS) values (457,'glodstone2','like');
Insert into SYSTEM.FREE_BOARD_LIKE_LOG (BOARD_ID,USER_ID,STATUS) values (470,'aa','like');
Insert into SYSTEM.FREE_BOARD_LIKE_LOG (BOARD_ID,USER_ID,STATUS) values (450,'glodstone2','dislike');
Insert into SYSTEM.FREE_BOARD_LIKE_LOG (BOARD_ID,USER_ID,STATUS) values (447,'as789','like');
Insert into SYSTEM.FREE_BOARD_LIKE_LOG (BOARD_ID,USER_ID,STATUS) values (447,'hong','like');
Insert into SYSTEM.FREE_BOARD_LIKE_LOG (BOARD_ID,USER_ID,STATUS) values (450,'as789','like');
REM INSERTING into SYSTEM.MEMBERSHIP
SET DEFINE OFF;
Insert into SYSTEM.MEMBERSHIP (MEMBERSHIP_ID,MEMBERSHIP_TYPE,EXPIRATION_DATE,RENEWAL_DATE,IS_CANCELED,USER_ID,DONATION_YN) values (61,'6개월 멤버십',to_date('25/10/11','RR/MM/DD'),to_date('25/04/11','RR/MM/DD'),'N','suika','Y');
Insert into SYSTEM.MEMBERSHIP (MEMBERSHIP_ID,MEMBERSHIP_TYPE,EXPIRATION_DATE,RENEWAL_DATE,IS_CANCELED,USER_ID,DONATION_YN) values (94,'1개월 멤버십',to_date('25/05/15','RR/MM/DD'),to_date('25/04/15','RR/MM/DD'),'N','glodstone2','N');
Insert into SYSTEM.MEMBERSHIP (MEMBERSHIP_ID,MEMBERSHIP_TYPE,EXPIRATION_DATE,RENEWAL_DATE,IS_CANCELED,USER_ID,DONATION_YN) values (97,'1개월 멤버십',to_date('25/05/15','RR/MM/DD'),to_date('25/04/15','RR/MM/DD'),'N','user1','N');
Insert into SYSTEM.MEMBERSHIP (MEMBERSHIP_ID,MEMBERSHIP_TYPE,EXPIRATION_DATE,RENEWAL_DATE,IS_CANCELED,USER_ID,DONATION_YN) values (82,'1개월 멤버십',to_date('25/05/14','RR/MM/DD'),to_date('25/04/14','RR/MM/DD'),'N','test1414','N');
Insert into SYSTEM.MEMBERSHIP (MEMBERSHIP_ID,MEMBERSHIP_TYPE,EXPIRATION_DATE,RENEWAL_DATE,IS_CANCELED,USER_ID,DONATION_YN) values (64,'1개월 멤버십',to_date('25/05/11','RR/MM/DD'),to_date('25/04/11','RR/MM/DD'),'N','dh112800','N');
Insert into SYSTEM.MEMBERSHIP (MEMBERSHIP_ID,MEMBERSHIP_TYPE,EXPIRATION_DATE,RENEWAL_DATE,IS_CANCELED,USER_ID,DONATION_YN) values (104,'1개월 멤버십',to_date('25/05/15','RR/MM/DD'),to_date('25/04/15','RR/MM/DD'),'N','gyodong','Y');
Insert into SYSTEM.MEMBERSHIP (MEMBERSHIP_ID,MEMBERSHIP_TYPE,EXPIRATION_DATE,RENEWAL_DATE,IS_CANCELED,USER_ID,DONATION_YN) values (66,'1개월 멤버십',to_date('25/05/11','RR/MM/DD'),to_date('25/04/11','RR/MM/DD'),'N','coongya','N');
Insert into SYSTEM.MEMBERSHIP (MEMBERSHIP_ID,MEMBERSHIP_TYPE,EXPIRATION_DATE,RENEWAL_DATE,IS_CANCELED,USER_ID,DONATION_YN) values (105,'1개월 멤버십',to_date('25/05/16','RR/MM/DD'),to_date('25/04/16','RR/MM/DD'),'N','test1313','N');
Insert into SYSTEM.MEMBERSHIP (MEMBERSHIP_ID,MEMBERSHIP_TYPE,EXPIRATION_DATE,RENEWAL_DATE,IS_CANCELED,USER_ID,DONATION_YN) values (68,'6개월 멤버십',to_date('25/10/11','RR/MM/DD'),to_date('25/04/11','RR/MM/DD'),'N','as789','Y');
Insert into SYSTEM.MEMBERSHIP (MEMBERSHIP_ID,MEMBERSHIP_TYPE,EXPIRATION_DATE,RENEWAL_DATE,IS_CANCELED,USER_ID,DONATION_YN) values (81,'1개월 멤버십',to_date('25/05/14','RR/MM/DD'),to_date('25/04/14','RR/MM/DD'),'N','aa','N');
REM INSERTING into SYSTEM.NOTICES_BOARD
SET DEFINE OFF;
Insert into SYSTEM.NOTICES_BOARD (BOARD_ID,TITLE,CREATED_AT,UPDATED_AT,VIEW_COUNT,DISLIKES,LIKES,IS_SECRET,IS_DELETED,CATEGORY,CNT,USER_ID) values (1,'Important Update',to_date('25/03/21','RR/MM/DD'),null,100,2,50,'N','N','Announcements','0',null);
Insert into SYSTEM.NOTICES_BOARD (BOARD_ID,TITLE,CREATED_AT,UPDATED_AT,VIEW_COUNT,DISLIKES,LIKES,IS_SECRET,IS_DELETED,CATEGORY,CNT,USER_ID) values (2,'New Feature Release',to_date('25/03/21','RR/MM/DD'),null,80,1,40,'N','N','Updates','0',null);
Insert into SYSTEM.NOTICES_BOARD (BOARD_ID,TITLE,CREATED_AT,UPDATED_AT,VIEW_COUNT,DISLIKES,LIKES,IS_SECRET,IS_DELETED,CATEGORY,CNT,USER_ID) values (3,'Scheduled Maintenance',to_date('25/03/21','RR/MM/DD'),null,120,3,30,'N','N','Maintenance','0',null);
Insert into SYSTEM.NOTICES_BOARD (BOARD_ID,TITLE,CREATED_AT,UPDATED_AT,VIEW_COUNT,DISLIKES,LIKES,IS_SECRET,IS_DELETED,CATEGORY,CNT,USER_ID) values (4,'Security Alert',to_date('25/03/21','RR/MM/DD'),null,200,5,90,'N','N','Security','0',null);
Insert into SYSTEM.NOTICES_BOARD (BOARD_ID,TITLE,CREATED_AT,UPDATED_AT,VIEW_COUNT,DISLIKES,LIKES,IS_SECRET,IS_DELETED,CATEGORY,CNT,USER_ID) values (5,'Community Guidelines Update',to_date('25/03/21','RR/MM/DD'),null,150,2,70,'N','N','Community','0',null);
REM INSERTING into SYSTEM.NOTICES_BOARD_FILE
SET DEFINE OFF;
Insert into SYSTEM.NOTICES_BOARD_FILE (FILE_ID,FILE_NAME,FILE_PATH,ORIGINAL_NAME,FILE_EXT,CREATED_AT,FILE_SIZE,BOARD_ID) values (1,'announcement1.pdf','/uploads/announcements/','update.pdf','pdf',to_date('25/03/21','RR/MM/DD'),1024,1);
Insert into SYSTEM.NOTICES_BOARD_FILE (FILE_ID,FILE_NAME,FILE_PATH,ORIGINAL_NAME,FILE_EXT,CREATED_AT,FILE_SIZE,BOARD_ID) values (2,'policy.docx','/uploads/documents/','terms_conditions.docx','docx',to_date('25/03/21','RR/MM/DD'),2048,2);
Insert into SYSTEM.NOTICES_BOARD_FILE (FILE_ID,FILE_NAME,FILE_PATH,ORIGINAL_NAME,FILE_EXT,CREATED_AT,FILE_SIZE,BOARD_ID) values (3,'schedule.xlsx','/uploads/spreadsheets/','work_schedule.xlsx','xlsx',to_date('25/03/21','RR/MM/DD'),3072,3);
Insert into SYSTEM.NOTICES_BOARD_FILE (FILE_ID,FILE_NAME,FILE_PATH,ORIGINAL_NAME,FILE_EXT,CREATED_AT,FILE_SIZE,BOARD_ID) values (4,'logo.png','/uploads/images/','company_logo.png','png',to_date('25/03/21','RR/MM/DD'),512,4);
Insert into SYSTEM.NOTICES_BOARD_FILE (FILE_ID,FILE_NAME,FILE_PATH,ORIGINAL_NAME,FILE_EXT,CREATED_AT,FILE_SIZE,BOARD_ID) values (5,'meeting_minutes.txt','/uploads/texts/','meeting_notes.txt','txt',to_date('25/03/21','RR/MM/DD'),256,5);
REM INSERTING into SYSTEM.NOTIFICATIONS
SET DEFINE OFF;
Insert into SYSTEM.NOTIFICATIONS (ID,MESSAGE,BOARD_ID,VET_BOARD_ID,ORDER_ID,QNA_ID,READ_YN,CREATED_AT,PARENT_COMMENT_ID,REVIEW_ID,PRODUCT_ID,COMMENT_ID) values (117,'게시글에 댓글이 등록되었습니다.',482,null,null,null,'Y',to_date('25/04/13','RR/MM/DD'),null,null,null,null);
Insert into SYSTEM.NOTIFICATIONS (ID,MESSAGE,BOARD_ID,VET_BOARD_ID,ORDER_ID,QNA_ID,READ_YN,CREATED_AT,PARENT_COMMENT_ID,REVIEW_ID,PRODUCT_ID,COMMENT_ID) values (118,'대댓글이 등록되었습니다.',482,null,null,null,'Y',to_date('25/04/13','RR/MM/DD'),521,null,null,null);
Insert into SYSTEM.NOTIFICATIONS (ID,MESSAGE,BOARD_ID,VET_BOARD_ID,ORDER_ID,QNA_ID,READ_YN,CREATED_AT,PARENT_COMMENT_ID,REVIEW_ID,PRODUCT_ID,COMMENT_ID) values (119,'게시글에 댓글이 등록되었습니다.',482,null,null,null,'Y',to_date('25/04/13','RR/MM/DD'),null,null,null,523);
Insert into SYSTEM.NOTIFICATIONS (ID,MESSAGE,BOARD_ID,VET_BOARD_ID,ORDER_ID,QNA_ID,READ_YN,CREATED_AT,PARENT_COMMENT_ID,REVIEW_ID,PRODUCT_ID,COMMENT_ID) values (121,'게시글에 댓글이 등록되었습니다.',482,null,null,null,'Y',to_date('25/04/13','RR/MM/DD'),null,null,null,525);
Insert into SYSTEM.NOTIFICATIONS (ID,MESSAGE,BOARD_ID,VET_BOARD_ID,ORDER_ID,QNA_ID,READ_YN,CREATED_AT,PARENT_COMMENT_ID,REVIEW_ID,PRODUCT_ID,COMMENT_ID) values (122,'게시글에 댓글이 등록되었습니다.',482,null,null,null,'Y',to_date('25/04/13','RR/MM/DD'),null,null,null,526);
Insert into SYSTEM.NOTIFICATIONS (ID,MESSAGE,BOARD_ID,VET_BOARD_ID,ORDER_ID,QNA_ID,READ_YN,CREATED_AT,PARENT_COMMENT_ID,REVIEW_ID,PRODUCT_ID,COMMENT_ID) values (123,'대댓글이 등록되었습니다.',482,null,null,null,'Y',to_date('25/04/13','RR/MM/DD'),526,null,null,null);
Insert into SYSTEM.NOTIFICATIONS (ID,MESSAGE,BOARD_ID,VET_BOARD_ID,ORDER_ID,QNA_ID,READ_YN,CREATED_AT,PARENT_COMMENT_ID,REVIEW_ID,PRODUCT_ID,COMMENT_ID) values (124,'대댓글이 등록되었습니다.',482,null,null,null,'Y',to_date('25/04/13','RR/MM/DD'),526,null,null,528);
Insert into SYSTEM.NOTIFICATIONS (ID,MESSAGE,BOARD_ID,VET_BOARD_ID,ORDER_ID,QNA_ID,READ_YN,CREATED_AT,PARENT_COMMENT_ID,REVIEW_ID,PRODUCT_ID,COMMENT_ID) values (140,'게시글에 답변이 등록되었습니다.',null,205,null,null,'Y',to_date('25/04/14','RR/MM/DD'),null,202,null,null);
Insert into SYSTEM.NOTIFICATIONS (ID,MESSAGE,BOARD_ID,VET_BOARD_ID,ORDER_ID,QNA_ID,READ_YN,CREATED_AT,PARENT_COMMENT_ID,REVIEW_ID,PRODUCT_ID,COMMENT_ID) values (141,'대댓글이 등록되었습니다.',482,null,null,null,'Y',to_date('25/04/14','RR/MM/DD'),541,null,null,545);
Insert into SYSTEM.NOTIFICATIONS (ID,MESSAGE,BOARD_ID,VET_BOARD_ID,ORDER_ID,QNA_ID,READ_YN,CREATED_AT,PARENT_COMMENT_ID,REVIEW_ID,PRODUCT_ID,COMMENT_ID) values (145,'게시글에 답변이 등록되었습니다.',null,212,null,null,'Y',to_date('25/04/14','RR/MM/DD'),null,204,null,null);
Insert into SYSTEM.NOTIFICATIONS (ID,MESSAGE,BOARD_ID,VET_BOARD_ID,ORDER_ID,QNA_ID,READ_YN,CREATED_AT,PARENT_COMMENT_ID,REVIEW_ID,PRODUCT_ID,COMMENT_ID) values (146,'게시글에 답변이 등록되었습니다.',null,213,null,null,'Y',to_date('25/04/14','RR/MM/DD'),null,205,null,null);
Insert into SYSTEM.NOTIFICATIONS (ID,MESSAGE,BOARD_ID,VET_BOARD_ID,ORDER_ID,QNA_ID,READ_YN,CREATED_AT,PARENT_COMMENT_ID,REVIEW_ID,PRODUCT_ID,COMMENT_ID) values (147,'게시글에 답변이 등록되었습니다.',null,214,null,null,'Y',to_date('25/04/14','RR/MM/DD'),null,206,null,null);
Insert into SYSTEM.NOTIFICATIONS (ID,MESSAGE,BOARD_ID,VET_BOARD_ID,ORDER_ID,QNA_ID,READ_YN,CREATED_AT,PARENT_COMMENT_ID,REVIEW_ID,PRODUCT_ID,COMMENT_ID) values (70,'게시글에 댓글이 등록되었습니다.',457,null,null,null,'Y',to_date('25/04/11','RR/MM/DD'),null,null,null,null);
Insert into SYSTEM.NOTIFICATIONS (ID,MESSAGE,BOARD_ID,VET_BOARD_ID,ORDER_ID,QNA_ID,READ_YN,CREATED_AT,PARENT_COMMENT_ID,REVIEW_ID,PRODUCT_ID,COMMENT_ID) values (71,'대댓글이 등록되었습니다.',457,null,null,null,'Y',to_date('25/04/11','RR/MM/DD'),472,null,null,null);
Insert into SYSTEM.NOTIFICATIONS (ID,MESSAGE,BOARD_ID,VET_BOARD_ID,ORDER_ID,QNA_ID,READ_YN,CREATED_AT,PARENT_COMMENT_ID,REVIEW_ID,PRODUCT_ID,COMMENT_ID) values (74,'게시글에 댓글이 등록되었습니다.',457,null,null,null,'Y',to_date('25/04/11','RR/MM/DD'),null,null,null,null);
Insert into SYSTEM.NOTIFICATIONS (ID,MESSAGE,BOARD_ID,VET_BOARD_ID,ORDER_ID,QNA_ID,READ_YN,CREATED_AT,PARENT_COMMENT_ID,REVIEW_ID,PRODUCT_ID,COMMENT_ID) values (80,'게시글에 댓글이 등록되었습니다.',448,null,null,null,'N',to_date('25/04/11','RR/MM/DD'),null,null,null,null);
Insert into SYSTEM.NOTIFICATIONS (ID,MESSAGE,BOARD_ID,VET_BOARD_ID,ORDER_ID,QNA_ID,READ_YN,CREATED_AT,PARENT_COMMENT_ID,REVIEW_ID,PRODUCT_ID,COMMENT_ID) values (81,'게시글에 댓글이 등록되었습니다.',447,null,null,null,'N',to_date('25/04/11','RR/MM/DD'),null,null,null,null);
Insert into SYSTEM.NOTIFICATIONS (ID,MESSAGE,BOARD_ID,VET_BOARD_ID,ORDER_ID,QNA_ID,READ_YN,CREATED_AT,PARENT_COMMENT_ID,REVIEW_ID,PRODUCT_ID,COMMENT_ID) values (83,'게시글에 댓글이 등록되었습니다.',447,null,null,null,'N',to_date('25/04/11','RR/MM/DD'),null,null,null,null);
Insert into SYSTEM.NOTIFICATIONS (ID,MESSAGE,BOARD_ID,VET_BOARD_ID,ORDER_ID,QNA_ID,READ_YN,CREATED_AT,PARENT_COMMENT_ID,REVIEW_ID,PRODUCT_ID,COMMENT_ID) values (84,'답변이 채택되었습니다.',null,188,null,null,'Y',to_date('25/04/11','RR/MM/DD'),null,161,null,null);
Insert into SYSTEM.NOTIFICATIONS (ID,MESSAGE,BOARD_ID,VET_BOARD_ID,ORDER_ID,QNA_ID,READ_YN,CREATED_AT,PARENT_COMMENT_ID,REVIEW_ID,PRODUCT_ID,COMMENT_ID) values (87,'답변이 채택되었습니다.',null,189,null,null,'Y',to_date('25/04/11','RR/MM/DD'),null,162,null,null);
Insert into SYSTEM.NOTIFICATIONS (ID,MESSAGE,BOARD_ID,VET_BOARD_ID,ORDER_ID,QNA_ID,READ_YN,CREATED_AT,PARENT_COMMENT_ID,REVIEW_ID,PRODUCT_ID,COMMENT_ID) values (89,'상품 문의 답변 등록',null,null,null,20,'Y',to_date('25/04/11','RR/MM/DD'),null,null,null,null);
Insert into SYSTEM.NOTIFICATIONS (ID,MESSAGE,BOARD_ID,VET_BOARD_ID,ORDER_ID,QNA_ID,READ_YN,CREATED_AT,PARENT_COMMENT_ID,REVIEW_ID,PRODUCT_ID,COMMENT_ID) values (148,'게시글에 답변이 등록되었습니다.',null,213,null,null,'Y',to_date('25/04/14','RR/MM/DD'),null,207,null,null);
Insert into SYSTEM.NOTIFICATIONS (ID,MESSAGE,BOARD_ID,VET_BOARD_ID,ORDER_ID,QNA_ID,READ_YN,CREATED_AT,PARENT_COMMENT_ID,REVIEW_ID,PRODUCT_ID,COMMENT_ID) values (149,'게시글에 댓글이 등록되었습니다.',503,null,null,null,'Y',to_date('25/04/14','RR/MM/DD'),null,null,null,548);
Insert into SYSTEM.NOTIFICATIONS (ID,MESSAGE,BOARD_ID,VET_BOARD_ID,ORDER_ID,QNA_ID,READ_YN,CREATED_AT,PARENT_COMMENT_ID,REVIEW_ID,PRODUCT_ID,COMMENT_ID) values (151,'게시글에 답변이 등록되었습니다.',null,215,null,null,'Y',to_date('25/04/14','RR/MM/DD'),null,208,null,null);
Insert into SYSTEM.NOTIFICATIONS (ID,MESSAGE,BOARD_ID,VET_BOARD_ID,ORDER_ID,QNA_ID,READ_YN,CREATED_AT,PARENT_COMMENT_ID,REVIEW_ID,PRODUCT_ID,COMMENT_ID) values (154,'주문 상세상품 정보 변경',null,null,409,null,'N',to_date('25/04/14','RR/MM/DD'),null,null,11,null);
Insert into SYSTEM.NOTIFICATIONS (ID,MESSAGE,BOARD_ID,VET_BOARD_ID,ORDER_ID,QNA_ID,READ_YN,CREATED_AT,PARENT_COMMENT_ID,REVIEW_ID,PRODUCT_ID,COMMENT_ID) values (155,'게시글에 댓글이 등록되었습니다.',506,null,null,null,'Y',to_date('25/04/14','RR/MM/DD'),null,null,null,550);
Insert into SYSTEM.NOTIFICATIONS (ID,MESSAGE,BOARD_ID,VET_BOARD_ID,ORDER_ID,QNA_ID,READ_YN,CREATED_AT,PARENT_COMMENT_ID,REVIEW_ID,PRODUCT_ID,COMMENT_ID) values (158,'답변이 채택되었습니다.',null,213,null,null,'N',to_date('25/04/14','RR/MM/DD'),null,205,null,null);
Insert into SYSTEM.NOTIFICATIONS (ID,MESSAGE,BOARD_ID,VET_BOARD_ID,ORDER_ID,QNA_ID,READ_YN,CREATED_AT,PARENT_COMMENT_ID,REVIEW_ID,PRODUCT_ID,COMMENT_ID) values (159,'상품 문의 답변 등록',null,null,null,25,'N',to_date('25/04/14','RR/MM/DD'),null,null,243,null);
Insert into SYSTEM.NOTIFICATIONS (ID,MESSAGE,BOARD_ID,VET_BOARD_ID,ORDER_ID,QNA_ID,READ_YN,CREATED_AT,PARENT_COMMENT_ID,REVIEW_ID,PRODUCT_ID,COMMENT_ID) values (169,'게시글에 댓글이 등록되었습니다.',526,null,null,null,'N',to_date('25/04/15','RR/MM/DD'),null,null,null,562);
Insert into SYSTEM.NOTIFICATIONS (ID,MESSAGE,BOARD_ID,VET_BOARD_ID,ORDER_ID,QNA_ID,READ_YN,CREATED_AT,PARENT_COMMENT_ID,REVIEW_ID,PRODUCT_ID,COMMENT_ID) values (172,'게시글에 댓글이 등록되었습니다.',523,null,null,null,'N',to_date('25/04/15','RR/MM/DD'),null,null,null,564);
Insert into SYSTEM.NOTIFICATIONS (ID,MESSAGE,BOARD_ID,VET_BOARD_ID,ORDER_ID,QNA_ID,READ_YN,CREATED_AT,PARENT_COMMENT_ID,REVIEW_ID,PRODUCT_ID,COMMENT_ID) values (173,'대댓글이 등록되었습니다.',523,null,null,null,'N',to_date('25/04/15','RR/MM/DD'),564,null,null,565);
Insert into SYSTEM.NOTIFICATIONS (ID,MESSAGE,BOARD_ID,VET_BOARD_ID,ORDER_ID,QNA_ID,READ_YN,CREATED_AT,PARENT_COMMENT_ID,REVIEW_ID,PRODUCT_ID,COMMENT_ID) values (175,'답변이 채택되었습니다.',null,224,null,null,'Y',to_date('25/04/15','RR/MM/DD'),null,221,null,null);
Insert into SYSTEM.NOTIFICATIONS (ID,MESSAGE,BOARD_ID,VET_BOARD_ID,ORDER_ID,QNA_ID,READ_YN,CREATED_AT,PARENT_COMMENT_ID,REVIEW_ID,PRODUCT_ID,COMMENT_ID) values (176,'게시글에 댓글이 등록되었습니다.',526,null,null,null,'Y',to_date('25/04/15','RR/MM/DD'),null,null,null,566);
Insert into SYSTEM.NOTIFICATIONS (ID,MESSAGE,BOARD_ID,VET_BOARD_ID,ORDER_ID,QNA_ID,READ_YN,CREATED_AT,PARENT_COMMENT_ID,REVIEW_ID,PRODUCT_ID,COMMENT_ID) values (177,'대댓글이 등록되었습니다.',526,null,null,null,'Y',to_date('25/04/15','RR/MM/DD'),566,null,null,567);
Insert into SYSTEM.NOTIFICATIONS (ID,MESSAGE,BOARD_ID,VET_BOARD_ID,ORDER_ID,QNA_ID,READ_YN,CREATED_AT,PARENT_COMMENT_ID,REVIEW_ID,PRODUCT_ID,COMMENT_ID) values (187,'게시글에 댓글이 등록되었습니다.',530,null,null,null,'Y',to_date('25/04/16','RR/MM/DD'),null,null,null,570);
Insert into SYSTEM.NOTIFICATIONS (ID,MESSAGE,BOARD_ID,VET_BOARD_ID,ORDER_ID,QNA_ID,READ_YN,CREATED_AT,PARENT_COMMENT_ID,REVIEW_ID,PRODUCT_ID,COMMENT_ID) values (189,'게시글에 답변이 등록되었습니다.',null,226,null,null,'Y',to_date('25/04/16','RR/MM/DD'),null,223,null,null);
Insert into SYSTEM.NOTIFICATIONS (ID,MESSAGE,BOARD_ID,VET_BOARD_ID,ORDER_ID,QNA_ID,READ_YN,CREATED_AT,PARENT_COMMENT_ID,REVIEW_ID,PRODUCT_ID,COMMENT_ID) values (194,'대댓글이 등록되었습니다.',539,null,null,null,'N',to_date('25/04/16','RR/MM/DD'),572,null,null,573);
Insert into SYSTEM.NOTIFICATIONS (ID,MESSAGE,BOARD_ID,VET_BOARD_ID,ORDER_ID,QNA_ID,READ_YN,CREATED_AT,PARENT_COMMENT_ID,REVIEW_ID,PRODUCT_ID,COMMENT_ID) values (116,'상품 문의 답변 등록',null,null,null,24,'Y',to_date('25/04/13','RR/MM/DD'),null,null,9,null);
Insert into SYSTEM.NOTIFICATIONS (ID,MESSAGE,BOARD_ID,VET_BOARD_ID,ORDER_ID,QNA_ID,READ_YN,CREATED_AT,PARENT_COMMENT_ID,REVIEW_ID,PRODUCT_ID,COMMENT_ID) values (120,'대댓글이 등록되었습니다.',482,null,null,null,'Y',to_date('25/04/13','RR/MM/DD'),523,null,null,null);
Insert into SYSTEM.NOTIFICATIONS (ID,MESSAGE,BOARD_ID,VET_BOARD_ID,ORDER_ID,QNA_ID,READ_YN,CREATED_AT,PARENT_COMMENT_ID,REVIEW_ID,PRODUCT_ID,COMMENT_ID) values (128,'대댓글이 등록되었습니다.',482,null,null,null,'Y',to_date('25/04/14','RR/MM/DD'),541,null,null,542);
Insert into SYSTEM.NOTIFICATIONS (ID,MESSAGE,BOARD_ID,VET_BOARD_ID,ORDER_ID,QNA_ID,READ_YN,CREATED_AT,PARENT_COMMENT_ID,REVIEW_ID,PRODUCT_ID,COMMENT_ID) values (129,'주문 상세상품 정보 변경',null,null,403,null,'Y',to_date('25/04/14','RR/MM/DD'),null,null,14,null);
Insert into SYSTEM.NOTIFICATIONS (ID,MESSAGE,BOARD_ID,VET_BOARD_ID,ORDER_ID,QNA_ID,READ_YN,CREATED_AT,PARENT_COMMENT_ID,REVIEW_ID,PRODUCT_ID,COMMENT_ID) values (130,'주문 상세상품 정보 변경',null,null,402,null,'Y',to_date('25/04/14','RR/MM/DD'),null,null,14,null);
Insert into SYSTEM.NOTIFICATIONS (ID,MESSAGE,BOARD_ID,VET_BOARD_ID,ORDER_ID,QNA_ID,READ_YN,CREATED_AT,PARENT_COMMENT_ID,REVIEW_ID,PRODUCT_ID,COMMENT_ID) values (132,'주문 상세상품 정보 변경',null,null,403,null,'Y',to_date('25/04/14','RR/MM/DD'),null,null,9,null);
Insert into SYSTEM.NOTIFICATIONS (ID,MESSAGE,BOARD_ID,VET_BOARD_ID,ORDER_ID,QNA_ID,READ_YN,CREATED_AT,PARENT_COMMENT_ID,REVIEW_ID,PRODUCT_ID,COMMENT_ID) values (133,'주문 상세상품 정보 변경',null,null,402,null,'Y',to_date('25/04/14','RR/MM/DD'),null,null,9,null);
Insert into SYSTEM.NOTIFICATIONS (ID,MESSAGE,BOARD_ID,VET_BOARD_ID,ORDER_ID,QNA_ID,READ_YN,CREATED_AT,PARENT_COMMENT_ID,REVIEW_ID,PRODUCT_ID,COMMENT_ID) values (134,'주문 상세상품 정보 변경',null,null,401,null,'Y',to_date('25/04/14','RR/MM/DD'),null,null,9,null);
Insert into SYSTEM.NOTIFICATIONS (ID,MESSAGE,BOARD_ID,VET_BOARD_ID,ORDER_ID,QNA_ID,READ_YN,CREATED_AT,PARENT_COMMENT_ID,REVIEW_ID,PRODUCT_ID,COMMENT_ID) values (150,'대댓글이 등록되었습니다.',503,null,null,null,'Y',to_date('25/04/14','RR/MM/DD'),548,null,null,549);
Insert into SYSTEM.NOTIFICATIONS (ID,MESSAGE,BOARD_ID,VET_BOARD_ID,ORDER_ID,QNA_ID,READ_YN,CREATED_AT,PARENT_COMMENT_ID,REVIEW_ID,PRODUCT_ID,COMMENT_ID) values (152,'답변이 채택되었습니다.',null,215,null,null,'Y',to_date('25/04/14','RR/MM/DD'),null,208,null,null);
Insert into SYSTEM.NOTIFICATIONS (ID,MESSAGE,BOARD_ID,VET_BOARD_ID,ORDER_ID,QNA_ID,READ_YN,CREATED_AT,PARENT_COMMENT_ID,REVIEW_ID,PRODUCT_ID,COMMENT_ID) values (157,'게시글에 답변이 등록되었습니다.',null,216,null,null,'Y',to_date('25/04/14','RR/MM/DD'),null,209,null,null);
Insert into SYSTEM.NOTIFICATIONS (ID,MESSAGE,BOARD_ID,VET_BOARD_ID,ORDER_ID,QNA_ID,READ_YN,CREATED_AT,PARENT_COMMENT_ID,REVIEW_ID,PRODUCT_ID,COMMENT_ID) values (160,'주문 상세상품 정보 변경',null,null,409,null,'N',to_date('25/04/14','RR/MM/DD'),null,null,11,null);
Insert into SYSTEM.NOTIFICATIONS (ID,MESSAGE,BOARD_ID,VET_BOARD_ID,ORDER_ID,QNA_ID,READ_YN,CREATED_AT,PARENT_COMMENT_ID,REVIEW_ID,PRODUCT_ID,COMMENT_ID) values (162,'주문 상세상품 정보 변경',null,null,435,null,'N',to_date('25/04/15','RR/MM/DD'),null,null,9,null);
Insert into SYSTEM.NOTIFICATIONS (ID,MESSAGE,BOARD_ID,VET_BOARD_ID,ORDER_ID,QNA_ID,READ_YN,CREATED_AT,PARENT_COMMENT_ID,REVIEW_ID,PRODUCT_ID,COMMENT_ID) values (165,'주문 상세상품 정보 변경',null,null,437,null,'N',to_date('25/04/15','RR/MM/DD'),null,null,19,null);
Insert into SYSTEM.NOTIFICATIONS (ID,MESSAGE,BOARD_ID,VET_BOARD_ID,ORDER_ID,QNA_ID,READ_YN,CREATED_AT,PARENT_COMMENT_ID,REVIEW_ID,PRODUCT_ID,COMMENT_ID) values (167,'주문 상세상품 정보 변경',null,null,439,null,'N',to_date('25/04/15','RR/MM/DD'),null,null,6,null);
Insert into SYSTEM.NOTIFICATIONS (ID,MESSAGE,BOARD_ID,VET_BOARD_ID,ORDER_ID,QNA_ID,READ_YN,CREATED_AT,PARENT_COMMENT_ID,REVIEW_ID,PRODUCT_ID,COMMENT_ID) values (180,'게시글에 답변이 등록되었습니다.',null,225,null,null,'Y',to_date('25/04/15','RR/MM/DD'),null,222,null,null);
Insert into SYSTEM.NOTIFICATIONS (ID,MESSAGE,BOARD_ID,VET_BOARD_ID,ORDER_ID,QNA_ID,READ_YN,CREATED_AT,PARENT_COMMENT_ID,REVIEW_ID,PRODUCT_ID,COMMENT_ID) values (183,'주문 상세상품 정보 변경',null,null,440,null,'Y',to_date('25/04/15','RR/MM/DD'),null,null,17,null);
Insert into SYSTEM.NOTIFICATIONS (ID,MESSAGE,BOARD_ID,VET_BOARD_ID,ORDER_ID,QNA_ID,READ_YN,CREATED_AT,PARENT_COMMENT_ID,REVIEW_ID,PRODUCT_ID,COMMENT_ID) values (186,'주문 상세상품 정보 변경',null,null,445,null,'Y',to_date('25/04/15','RR/MM/DD'),null,null,361,null);
Insert into SYSTEM.NOTIFICATIONS (ID,MESSAGE,BOARD_ID,VET_BOARD_ID,ORDER_ID,QNA_ID,READ_YN,CREATED_AT,PARENT_COMMENT_ID,REVIEW_ID,PRODUCT_ID,COMMENT_ID) values (59,'게시글에 댓글이 등록되었습니다.',445,null,null,null,'N',to_date('25/04/11','RR/MM/DD'),null,null,null,null);
Insert into SYSTEM.NOTIFICATIONS (ID,MESSAGE,BOARD_ID,VET_BOARD_ID,ORDER_ID,QNA_ID,READ_YN,CREATED_AT,PARENT_COMMENT_ID,REVIEW_ID,PRODUCT_ID,COMMENT_ID) values (60,'게시글에 댓글이 등록되었습니다.',446,null,null,null,'N',to_date('25/04/11','RR/MM/DD'),null,null,null,null);
Insert into SYSTEM.NOTIFICATIONS (ID,MESSAGE,BOARD_ID,VET_BOARD_ID,ORDER_ID,QNA_ID,READ_YN,CREATED_AT,PARENT_COMMENT_ID,REVIEW_ID,PRODUCT_ID,COMMENT_ID) values (63,'대댓글이 등록되었습니다.',448,null,null,null,'N',to_date('25/04/11','RR/MM/DD'),464,null,null,null);
Insert into SYSTEM.NOTIFICATIONS (ID,MESSAGE,BOARD_ID,VET_BOARD_ID,ORDER_ID,QNA_ID,READ_YN,CREATED_AT,PARENT_COMMENT_ID,REVIEW_ID,PRODUCT_ID,COMMENT_ID) values (73,'대댓글이 등록되었습니다.',457,null,null,null,'Y',to_date('25/04/11','RR/MM/DD'),474,null,null,null);
Insert into SYSTEM.NOTIFICATIONS (ID,MESSAGE,BOARD_ID,VET_BOARD_ID,ORDER_ID,QNA_ID,READ_YN,CREATED_AT,PARENT_COMMENT_ID,REVIEW_ID,PRODUCT_ID,COMMENT_ID) values (88,'대댓글이 등록되었습니다.',457,null,null,null,'N',to_date('25/04/11','RR/MM/DD'),472,null,null,null);
Insert into SYSTEM.NOTIFICATIONS (ID,MESSAGE,BOARD_ID,VET_BOARD_ID,ORDER_ID,QNA_ID,READ_YN,CREATED_AT,PARENT_COMMENT_ID,REVIEW_ID,PRODUCT_ID,COMMENT_ID) values (90,'대댓글이 등록되었습니다.',457,null,null,null,'N',to_date('25/04/11','RR/MM/DD'),472,null,null,null);
Insert into SYSTEM.NOTIFICATIONS (ID,MESSAGE,BOARD_ID,VET_BOARD_ID,ORDER_ID,QNA_ID,READ_YN,CREATED_AT,PARENT_COMMENT_ID,REVIEW_ID,PRODUCT_ID,COMMENT_ID) values (91,'대댓글이 등록되었습니다.',457,null,null,null,'Y',to_date('25/04/11','RR/MM/DD'),476,null,null,null);
Insert into SYSTEM.NOTIFICATIONS (ID,MESSAGE,BOARD_ID,VET_BOARD_ID,ORDER_ID,QNA_ID,READ_YN,CREATED_AT,PARENT_COMMENT_ID,REVIEW_ID,PRODUCT_ID,COMMENT_ID) values (92,'게시글에 댓글이 등록되었습니다.',470,null,null,null,'Y',to_date('25/04/11','RR/MM/DD'),null,null,null,null);
Insert into SYSTEM.NOTIFICATIONS (ID,MESSAGE,BOARD_ID,VET_BOARD_ID,ORDER_ID,QNA_ID,READ_YN,CREATED_AT,PARENT_COMMENT_ID,REVIEW_ID,PRODUCT_ID,COMMENT_ID) values (93,'대댓글이 등록되었습니다.',470,null,null,null,'N',to_date('25/04/11','RR/MM/DD'),489,null,null,null);
Insert into SYSTEM.NOTIFICATIONS (ID,MESSAGE,BOARD_ID,VET_BOARD_ID,ORDER_ID,QNA_ID,READ_YN,CREATED_AT,PARENT_COMMENT_ID,REVIEW_ID,PRODUCT_ID,COMMENT_ID) values (95,'게시글에 답변이 등록되었습니다.',null,190,null,null,'Y',to_date('25/04/11','RR/MM/DD'),null,null,null,null);
Insert into SYSTEM.NOTIFICATIONS (ID,MESSAGE,BOARD_ID,VET_BOARD_ID,ORDER_ID,QNA_ID,READ_YN,CREATED_AT,PARENT_COMMENT_ID,REVIEW_ID,PRODUCT_ID,COMMENT_ID) values (98,'대댓글이 등록되었습니다.',447,null,null,null,'Y',to_date('25/04/11','RR/MM/DD'),470,null,null,null);
Insert into SYSTEM.NOTIFICATIONS (ID,MESSAGE,BOARD_ID,VET_BOARD_ID,ORDER_ID,QNA_ID,READ_YN,CREATED_AT,PARENT_COMMENT_ID,REVIEW_ID,PRODUCT_ID,COMMENT_ID) values (99,'대댓글이 등록되었습니다.',447,null,null,null,'N',to_date('25/04/11','RR/MM/DD'),484,null,null,null);
Insert into SYSTEM.NOTIFICATIONS (ID,MESSAGE,BOARD_ID,VET_BOARD_ID,ORDER_ID,QNA_ID,READ_YN,CREATED_AT,PARENT_COMMENT_ID,REVIEW_ID,PRODUCT_ID,COMMENT_ID) values (100,'게시글에 답변이 등록되었습니다.',null,191,null,null,'Y',to_date('25/04/11','RR/MM/DD'),null,null,null,null);
Insert into SYSTEM.NOTIFICATIONS (ID,MESSAGE,BOARD_ID,VET_BOARD_ID,ORDER_ID,QNA_ID,READ_YN,CREATED_AT,PARENT_COMMENT_ID,REVIEW_ID,PRODUCT_ID,COMMENT_ID) values (109,'대댓글이 등록되었습니다.',448,null,null,null,'Y',to_date('25/04/11','RR/MM/DD'),466,null,null,null);
Insert into SYSTEM.NOTIFICATIONS (ID,MESSAGE,BOARD_ID,VET_BOARD_ID,ORDER_ID,QNA_ID,READ_YN,CREATED_AT,PARENT_COMMENT_ID,REVIEW_ID,PRODUCT_ID,COMMENT_ID) values (127,'게시글에 댓글이 등록되었습니다.',482,null,null,null,'Y',to_date('25/04/14','RR/MM/DD'),null,null,null,541);
Insert into SYSTEM.NOTIFICATIONS (ID,MESSAGE,BOARD_ID,VET_BOARD_ID,ORDER_ID,QNA_ID,READ_YN,CREATED_AT,PARENT_COMMENT_ID,REVIEW_ID,PRODUCT_ID,COMMENT_ID) values (131,'주문 상세상품 정보 변경',null,null,403,null,'Y',to_date('25/04/14','RR/MM/DD'),null,null,14,null);
Insert into SYSTEM.NOTIFICATIONS (ID,MESSAGE,BOARD_ID,VET_BOARD_ID,ORDER_ID,QNA_ID,READ_YN,CREATED_AT,PARENT_COMMENT_ID,REVIEW_ID,PRODUCT_ID,COMMENT_ID) values (137,'게시글에 댓글이 등록되었습니다.',482,null,null,null,'Y',to_date('25/04/14','RR/MM/DD'),null,null,null,543);
Insert into SYSTEM.NOTIFICATIONS (ID,MESSAGE,BOARD_ID,VET_BOARD_ID,ORDER_ID,QNA_ID,READ_YN,CREATED_AT,PARENT_COMMENT_ID,REVIEW_ID,PRODUCT_ID,COMMENT_ID) values (138,'게시글에 댓글이 등록되었습니다.',482,null,null,null,'Y',to_date('25/04/14','RR/MM/DD'),null,null,null,544);
Insert into SYSTEM.NOTIFICATIONS (ID,MESSAGE,BOARD_ID,VET_BOARD_ID,ORDER_ID,QNA_ID,READ_YN,CREATED_AT,PARENT_COMMENT_ID,REVIEW_ID,PRODUCT_ID,COMMENT_ID) values (142,'게시글에 댓글이 등록되었습니다.',502,null,null,null,'N',to_date('25/04/14','RR/MM/DD'),null,null,null,546);
Insert into SYSTEM.NOTIFICATIONS (ID,MESSAGE,BOARD_ID,VET_BOARD_ID,ORDER_ID,QNA_ID,READ_YN,CREATED_AT,PARENT_COMMENT_ID,REVIEW_ID,PRODUCT_ID,COMMENT_ID) values (144,'게시글에 답변이 등록되었습니다.',null,211,null,null,'N',to_date('25/04/14','RR/MM/DD'),null,203,null,null);
Insert into SYSTEM.NOTIFICATIONS (ID,MESSAGE,BOARD_ID,VET_BOARD_ID,ORDER_ID,QNA_ID,READ_YN,CREATED_AT,PARENT_COMMENT_ID,REVIEW_ID,PRODUCT_ID,COMMENT_ID) values (62,'주문 상세상품 정보 변경',null,null,361,null,'Y',to_date('25/04/11','RR/MM/DD'),null,null,null,null);
Insert into SYSTEM.NOTIFICATIONS (ID,MESSAGE,BOARD_ID,VET_BOARD_ID,ORDER_ID,QNA_ID,READ_YN,CREATED_AT,PARENT_COMMENT_ID,REVIEW_ID,PRODUCT_ID,COMMENT_ID) values (65,'대댓글이 등록되었습니다.',448,null,null,null,'Y',to_date('25/04/11','RR/MM/DD'),464,null,null,null);
Insert into SYSTEM.NOTIFICATIONS (ID,MESSAGE,BOARD_ID,VET_BOARD_ID,ORDER_ID,QNA_ID,READ_YN,CREATED_AT,PARENT_COMMENT_ID,REVIEW_ID,PRODUCT_ID,COMMENT_ID) values (67,'게시글에 댓글이 등록되었습니다.',448,null,null,null,'N',to_date('25/04/11','RR/MM/DD'),null,null,null,null);
Insert into SYSTEM.NOTIFICATIONS (ID,MESSAGE,BOARD_ID,VET_BOARD_ID,ORDER_ID,QNA_ID,READ_YN,CREATED_AT,PARENT_COMMENT_ID,REVIEW_ID,PRODUCT_ID,COMMENT_ID) values (72,'게시글에 댓글이 등록되었습니다.',457,null,null,null,'Y',to_date('25/04/11','RR/MM/DD'),null,null,null,null);
Insert into SYSTEM.NOTIFICATIONS (ID,MESSAGE,BOARD_ID,VET_BOARD_ID,ORDER_ID,QNA_ID,READ_YN,CREATED_AT,PARENT_COMMENT_ID,REVIEW_ID,PRODUCT_ID,COMMENT_ID) values (76,'대댓글이 등록되었습니다.',448,null,null,null,'Y',to_date('25/04/11','RR/MM/DD'),464,null,null,null);
Insert into SYSTEM.NOTIFICATIONS (ID,MESSAGE,BOARD_ID,VET_BOARD_ID,ORDER_ID,QNA_ID,READ_YN,CREATED_AT,PARENT_COMMENT_ID,REVIEW_ID,PRODUCT_ID,COMMENT_ID) values (78,'대댓글이 등록되었습니다.',448,null,null,null,'N',to_date('25/04/11','RR/MM/DD'),469,null,null,null);
Insert into SYSTEM.NOTIFICATIONS (ID,MESSAGE,BOARD_ID,VET_BOARD_ID,ORDER_ID,QNA_ID,READ_YN,CREATED_AT,PARENT_COMMENT_ID,REVIEW_ID,PRODUCT_ID,COMMENT_ID) values (85,'게시글에 댓글이 등록되었습니다.',470,null,null,null,'Y',to_date('25/04/11','RR/MM/DD'),null,null,null,null);
Insert into SYSTEM.NOTIFICATIONS (ID,MESSAGE,BOARD_ID,VET_BOARD_ID,ORDER_ID,QNA_ID,READ_YN,CREATED_AT,PARENT_COMMENT_ID,REVIEW_ID,PRODUCT_ID,COMMENT_ID) values (86,'게시글에 답변이 등록되었습니다.',null,189,null,null,'N',to_date('25/04/11','RR/MM/DD'),null,null,null,null);
Insert into SYSTEM.NOTIFICATIONS (ID,MESSAGE,BOARD_ID,VET_BOARD_ID,ORDER_ID,QNA_ID,READ_YN,CREATED_AT,PARENT_COMMENT_ID,REVIEW_ID,PRODUCT_ID,COMMENT_ID) values (94,'대댓글이 등록되었습니다.',470,null,null,null,'Y',to_date('25/04/11','RR/MM/DD'),485,null,null,null);
Insert into SYSTEM.NOTIFICATIONS (ID,MESSAGE,BOARD_ID,VET_BOARD_ID,ORDER_ID,QNA_ID,READ_YN,CREATED_AT,PARENT_COMMENT_ID,REVIEW_ID,PRODUCT_ID,COMMENT_ID) values (96,'답변이 채택되었습니다.',null,190,null,null,'N',to_date('25/04/11','RR/MM/DD'),null,163,null,null);
Insert into SYSTEM.NOTIFICATIONS (ID,MESSAGE,BOARD_ID,VET_BOARD_ID,ORDER_ID,QNA_ID,READ_YN,CREATED_AT,PARENT_COMMENT_ID,REVIEW_ID,PRODUCT_ID,COMMENT_ID) values (97,'게시글에 답변이 등록되었습니다.',null,190,null,null,'Y',to_date('25/04/11','RR/MM/DD'),null,null,null,null);
Insert into SYSTEM.NOTIFICATIONS (ID,MESSAGE,BOARD_ID,VET_BOARD_ID,ORDER_ID,QNA_ID,READ_YN,CREATED_AT,PARENT_COMMENT_ID,REVIEW_ID,PRODUCT_ID,COMMENT_ID) values (101,'게시글에 댓글이 등록되었습니다.',471,null,null,null,'N',to_date('25/04/11','RR/MM/DD'),null,null,null,null);
Insert into SYSTEM.NOTIFICATIONS (ID,MESSAGE,BOARD_ID,VET_BOARD_ID,ORDER_ID,QNA_ID,READ_YN,CREATED_AT,PARENT_COMMENT_ID,REVIEW_ID,PRODUCT_ID,COMMENT_ID) values (107,'상품 문의 답변 등록',null,null,null,21,'N',to_date('25/04/11','RR/MM/DD'),null,null,null,null);
Insert into SYSTEM.NOTIFICATIONS (ID,MESSAGE,BOARD_ID,VET_BOARD_ID,ORDER_ID,QNA_ID,READ_YN,CREATED_AT,PARENT_COMMENT_ID,REVIEW_ID,PRODUCT_ID,COMMENT_ID) values (114,'게시글에 답변이 등록되었습니다.',null,192,null,null,'Y',to_date('25/04/11','RR/MM/DD'),null,null,null,null);
Insert into SYSTEM.NOTIFICATIONS (ID,MESSAGE,BOARD_ID,VET_BOARD_ID,ORDER_ID,QNA_ID,READ_YN,CREATED_AT,PARENT_COMMENT_ID,REVIEW_ID,PRODUCT_ID,COMMENT_ID) values (115,'답변이 채택되었습니다.',null,193,null,null,'Y',to_date('25/04/11','RR/MM/DD'),null,166,null,null);
Insert into SYSTEM.NOTIFICATIONS (ID,MESSAGE,BOARD_ID,VET_BOARD_ID,ORDER_ID,QNA_ID,READ_YN,CREATED_AT,PARENT_COMMENT_ID,REVIEW_ID,PRODUCT_ID,COMMENT_ID) values (125,'상품 문의 답변 등록',null,null,null,24,'Y',to_date('25/04/13','RR/MM/DD'),null,null,9,null);
Insert into SYSTEM.NOTIFICATIONS (ID,MESSAGE,BOARD_ID,VET_BOARD_ID,ORDER_ID,QNA_ID,READ_YN,CREATED_AT,PARENT_COMMENT_ID,REVIEW_ID,PRODUCT_ID,COMMENT_ID) values (153,'상품 문의 답변 등록',null,null,null,25,'N',to_date('25/04/14','RR/MM/DD'),null,null,243,null);
Insert into SYSTEM.NOTIFICATIONS (ID,MESSAGE,BOARD_ID,VET_BOARD_ID,ORDER_ID,QNA_ID,READ_YN,CREATED_AT,PARENT_COMMENT_ID,REVIEW_ID,PRODUCT_ID,COMMENT_ID) values (178,'게시글에 댓글이 등록되었습니다.',526,null,null,null,'Y',to_date('25/04/15','RR/MM/DD'),null,null,null,568);
Insert into SYSTEM.NOTIFICATIONS (ID,MESSAGE,BOARD_ID,VET_BOARD_ID,ORDER_ID,QNA_ID,READ_YN,CREATED_AT,PARENT_COMMENT_ID,REVIEW_ID,PRODUCT_ID,COMMENT_ID) values (188,'대댓글이 등록되었습니다.',530,null,null,null,'Y',to_date('25/04/16','RR/MM/DD'),570,null,null,571);
Insert into SYSTEM.NOTIFICATIONS (ID,MESSAGE,BOARD_ID,VET_BOARD_ID,ORDER_ID,QNA_ID,READ_YN,CREATED_AT,PARENT_COMMENT_ID,REVIEW_ID,PRODUCT_ID,COMMENT_ID) values (190,'답변이 채택되었습니다.',null,226,null,null,'Y',to_date('25/04/16','RR/MM/DD'),null,223,null,null);
Insert into SYSTEM.NOTIFICATIONS (ID,MESSAGE,BOARD_ID,VET_BOARD_ID,ORDER_ID,QNA_ID,READ_YN,CREATED_AT,PARENT_COMMENT_ID,REVIEW_ID,PRODUCT_ID,COMMENT_ID) values (191,'상품 문의 답변 등록',null,null,null,28,'N',to_date('25/04/16','RR/MM/DD'),null,null,243,null);
Insert into SYSTEM.NOTIFICATIONS (ID,MESSAGE,BOARD_ID,VET_BOARD_ID,ORDER_ID,QNA_ID,READ_YN,CREATED_AT,PARENT_COMMENT_ID,REVIEW_ID,PRODUCT_ID,COMMENT_ID) values (192,'주문 상세상품 정보 변경',null,null,445,null,'Y',to_date('25/04/16','RR/MM/DD'),null,null,361,null);
Insert into SYSTEM.NOTIFICATIONS (ID,MESSAGE,BOARD_ID,VET_BOARD_ID,ORDER_ID,QNA_ID,READ_YN,CREATED_AT,PARENT_COMMENT_ID,REVIEW_ID,PRODUCT_ID,COMMENT_ID) values (193,'게시글에 댓글이 등록되었습니다.',539,null,null,null,'N',to_date('25/04/16','RR/MM/DD'),null,null,null,572);
Insert into SYSTEM.NOTIFICATIONS (ID,MESSAGE,BOARD_ID,VET_BOARD_ID,ORDER_ID,QNA_ID,READ_YN,CREATED_AT,PARENT_COMMENT_ID,REVIEW_ID,PRODUCT_ID,COMMENT_ID) values (161,'주문 상세상품 정보 변경',null,null,435,null,'N',to_date('25/04/15','RR/MM/DD'),null,null,14,null);
Insert into SYSTEM.NOTIFICATIONS (ID,MESSAGE,BOARD_ID,VET_BOARD_ID,ORDER_ID,QNA_ID,READ_YN,CREATED_AT,PARENT_COMMENT_ID,REVIEW_ID,PRODUCT_ID,COMMENT_ID) values (164,'주문 상세상품 정보 변경',null,null,437,null,'N',to_date('25/04/15','RR/MM/DD'),null,null,19,null);
Insert into SYSTEM.NOTIFICATIONS (ID,MESSAGE,BOARD_ID,VET_BOARD_ID,ORDER_ID,QNA_ID,READ_YN,CREATED_AT,PARENT_COMMENT_ID,REVIEW_ID,PRODUCT_ID,COMMENT_ID) values (168,'게시글에 댓글이 등록되었습니다.',502,null,null,null,'N',to_date('25/04/15','RR/MM/DD'),null,null,null,561);
Insert into SYSTEM.NOTIFICATIONS (ID,MESSAGE,BOARD_ID,VET_BOARD_ID,ORDER_ID,QNA_ID,READ_YN,CREATED_AT,PARENT_COMMENT_ID,REVIEW_ID,PRODUCT_ID,COMMENT_ID) values (170,'게시글에 댓글이 등록되었습니다.',449,null,null,null,'Y',to_date('25/04/15','RR/MM/DD'),null,null,null,563);
Insert into SYSTEM.NOTIFICATIONS (ID,MESSAGE,BOARD_ID,VET_BOARD_ID,ORDER_ID,QNA_ID,READ_YN,CREATED_AT,PARENT_COMMENT_ID,REVIEW_ID,PRODUCT_ID,COMMENT_ID) values (174,'게시글에 답변이 등록되었습니다.',null,224,null,null,'Y',to_date('25/04/15','RR/MM/DD'),null,221,null,null);
Insert into SYSTEM.NOTIFICATIONS (ID,MESSAGE,BOARD_ID,VET_BOARD_ID,ORDER_ID,QNA_ID,READ_YN,CREATED_AT,PARENT_COMMENT_ID,REVIEW_ID,PRODUCT_ID,COMMENT_ID) values (181,'답변이 채택되었습니다.',null,225,null,null,'Y',to_date('25/04/15','RR/MM/DD'),null,222,null,null);
Insert into SYSTEM.NOTIFICATIONS (ID,MESSAGE,BOARD_ID,VET_BOARD_ID,ORDER_ID,QNA_ID,READ_YN,CREATED_AT,PARENT_COMMENT_ID,REVIEW_ID,PRODUCT_ID,COMMENT_ID) values (182,'상품 문의 답변 등록',null,null,null,27,'Y',to_date('25/04/15','RR/MM/DD'),null,null,10,null);
Insert into SYSTEM.NOTIFICATIONS (ID,MESSAGE,BOARD_ID,VET_BOARD_ID,ORDER_ID,QNA_ID,READ_YN,CREATED_AT,PARENT_COMMENT_ID,REVIEW_ID,PRODUCT_ID,COMMENT_ID) values (64,'게시글에 댓글이 등록되었습니다.',448,null,null,null,'N',to_date('25/04/11','RR/MM/DD'),null,null,null,null);
Insert into SYSTEM.NOTIFICATIONS (ID,MESSAGE,BOARD_ID,VET_BOARD_ID,ORDER_ID,QNA_ID,READ_YN,CREATED_AT,PARENT_COMMENT_ID,REVIEW_ID,PRODUCT_ID,COMMENT_ID) values (66,'대댓글이 등록되었습니다.',448,null,null,null,'N',to_date('25/04/11','RR/MM/DD'),464,null,null,null);
Insert into SYSTEM.NOTIFICATIONS (ID,MESSAGE,BOARD_ID,VET_BOARD_ID,ORDER_ID,QNA_ID,READ_YN,CREATED_AT,PARENT_COMMENT_ID,REVIEW_ID,PRODUCT_ID,COMMENT_ID) values (68,'게시글에 댓글이 등록되었습니다.',447,null,null,null,'Y',to_date('25/04/11','RR/MM/DD'),null,null,null,null);
Insert into SYSTEM.NOTIFICATIONS (ID,MESSAGE,BOARD_ID,VET_BOARD_ID,ORDER_ID,QNA_ID,READ_YN,CREATED_AT,PARENT_COMMENT_ID,REVIEW_ID,PRODUCT_ID,COMMENT_ID) values (69,'상품 문의 답변 등록',null,null,null,22,'Y',to_date('25/04/11','RR/MM/DD'),null,null,null,null);
Insert into SYSTEM.NOTIFICATIONS (ID,MESSAGE,BOARD_ID,VET_BOARD_ID,ORDER_ID,QNA_ID,READ_YN,CREATED_AT,PARENT_COMMENT_ID,REVIEW_ID,PRODUCT_ID,COMMENT_ID) values (136,'답변이 채택되었습니다.',null,201,null,null,'Y',to_date('25/04/14','RR/MM/DD'),null,181,null,null);
Insert into SYSTEM.NOTIFICATIONS (ID,MESSAGE,BOARD_ID,VET_BOARD_ID,ORDER_ID,QNA_ID,READ_YN,CREATED_AT,PARENT_COMMENT_ID,REVIEW_ID,PRODUCT_ID,COMMENT_ID) values (126,'답변이 채택되었습니다.',null,192,null,null,'N',to_date('25/04/14','RR/MM/DD'),null,167,null,null);
Insert into SYSTEM.NOTIFICATIONS (ID,MESSAGE,BOARD_ID,VET_BOARD_ID,ORDER_ID,QNA_ID,READ_YN,CREATED_AT,PARENT_COMMENT_ID,REVIEW_ID,PRODUCT_ID,COMMENT_ID) values (135,'게시글에 답변이 등록되었습니다.',null,201,null,null,'Y',to_date('25/04/14','RR/MM/DD'),null,181,null,null);
Insert into SYSTEM.NOTIFICATIONS (ID,MESSAGE,BOARD_ID,VET_BOARD_ID,ORDER_ID,QNA_ID,READ_YN,CREATED_AT,PARENT_COMMENT_ID,REVIEW_ID,PRODUCT_ID,COMMENT_ID) values (139,'게시글에 답변이 등록되었습니다.',null,204,null,null,'Y',to_date('25/04/14','RR/MM/DD'),null,201,null,null);
Insert into SYSTEM.NOTIFICATIONS (ID,MESSAGE,BOARD_ID,VET_BOARD_ID,ORDER_ID,QNA_ID,READ_YN,CREATED_AT,PARENT_COMMENT_ID,REVIEW_ID,PRODUCT_ID,COMMENT_ID) values (143,'게시글에 댓글이 등록되었습니다.',482,null,null,null,'Y',to_date('25/04/14','RR/MM/DD'),null,null,null,547);
Insert into SYSTEM.NOTIFICATIONS (ID,MESSAGE,BOARD_ID,VET_BOARD_ID,ORDER_ID,QNA_ID,READ_YN,CREATED_AT,PARENT_COMMENT_ID,REVIEW_ID,PRODUCT_ID,COMMENT_ID) values (156,'대댓글이 등록되었습니다.',506,null,null,null,'Y',to_date('25/04/14','RR/MM/DD'),550,null,null,551);
Insert into SYSTEM.NOTIFICATIONS (ID,MESSAGE,BOARD_ID,VET_BOARD_ID,ORDER_ID,QNA_ID,READ_YN,CREATED_AT,PARENT_COMMENT_ID,REVIEW_ID,PRODUCT_ID,COMMENT_ID) values (163,'주문 상세상품 정보 변경',null,null,436,null,'N',to_date('25/04/15','RR/MM/DD'),null,null,20,null);
Insert into SYSTEM.NOTIFICATIONS (ID,MESSAGE,BOARD_ID,VET_BOARD_ID,ORDER_ID,QNA_ID,READ_YN,CREATED_AT,PARENT_COMMENT_ID,REVIEW_ID,PRODUCT_ID,COMMENT_ID) values (166,'주문 상세상품 정보 변경',null,null,438,null,'N',to_date('25/04/15','RR/MM/DD'),null,null,5,null);
Insert into SYSTEM.NOTIFICATIONS (ID,MESSAGE,BOARD_ID,VET_BOARD_ID,ORDER_ID,QNA_ID,READ_YN,CREATED_AT,PARENT_COMMENT_ID,REVIEW_ID,PRODUCT_ID,COMMENT_ID) values (171,'주문 상세상품 정보 변경',null,null,440,null,'N',to_date('25/04/15','RR/MM/DD'),null,null,17,null);
Insert into SYSTEM.NOTIFICATIONS (ID,MESSAGE,BOARD_ID,VET_BOARD_ID,ORDER_ID,QNA_ID,READ_YN,CREATED_AT,PARENT_COMMENT_ID,REVIEW_ID,PRODUCT_ID,COMMENT_ID) values (179,'대댓글이 등록되었습니다.',526,null,null,null,'Y',to_date('25/04/15','RR/MM/DD'),568,null,null,569);
Insert into SYSTEM.NOTIFICATIONS (ID,MESSAGE,BOARD_ID,VET_BOARD_ID,ORDER_ID,QNA_ID,READ_YN,CREATED_AT,PARENT_COMMENT_ID,REVIEW_ID,PRODUCT_ID,COMMENT_ID) values (184,'주문 상세상품 정보 변경',null,null,445,null,'Y',to_date('25/04/15','RR/MM/DD'),null,null,9,null);
Insert into SYSTEM.NOTIFICATIONS (ID,MESSAGE,BOARD_ID,VET_BOARD_ID,ORDER_ID,QNA_ID,READ_YN,CREATED_AT,PARENT_COMMENT_ID,REVIEW_ID,PRODUCT_ID,COMMENT_ID) values (185,'주문 상세상품 정보 변경',null,null,445,null,'Y',to_date('25/04/15','RR/MM/DD'),null,null,9,null);
Insert into SYSTEM.NOTIFICATIONS (ID,MESSAGE,BOARD_ID,VET_BOARD_ID,ORDER_ID,QNA_ID,READ_YN,CREATED_AT,PARENT_COMMENT_ID,REVIEW_ID,PRODUCT_ID,COMMENT_ID) values (61,'게시글에 댓글이 등록되었습니다.',448,null,null,null,'Y',to_date('25/04/11','RR/MM/DD'),null,null,null,null);
Insert into SYSTEM.NOTIFICATIONS (ID,MESSAGE,BOARD_ID,VET_BOARD_ID,ORDER_ID,QNA_ID,READ_YN,CREATED_AT,PARENT_COMMENT_ID,REVIEW_ID,PRODUCT_ID,COMMENT_ID) values (75,'게시글에 댓글이 등록되었습니다.',457,null,null,null,'Y',to_date('25/04/11','RR/MM/DD'),null,null,null,null);
Insert into SYSTEM.NOTIFICATIONS (ID,MESSAGE,BOARD_ID,VET_BOARD_ID,ORDER_ID,QNA_ID,READ_YN,CREATED_AT,PARENT_COMMENT_ID,REVIEW_ID,PRODUCT_ID,COMMENT_ID) values (77,'게시글에 답변이 등록되었습니다.',null,188,null,null,'Y',to_date('25/04/11','RR/MM/DD'),null,null,null,null);
Insert into SYSTEM.NOTIFICATIONS (ID,MESSAGE,BOARD_ID,VET_BOARD_ID,ORDER_ID,QNA_ID,READ_YN,CREATED_AT,PARENT_COMMENT_ID,REVIEW_ID,PRODUCT_ID,COMMENT_ID) values (79,'대댓글이 등록되었습니다.',457,null,null,null,'Y',to_date('25/04/11','RR/MM/DD'),474,null,null,null);
Insert into SYSTEM.NOTIFICATIONS (ID,MESSAGE,BOARD_ID,VET_BOARD_ID,ORDER_ID,QNA_ID,READ_YN,CREATED_AT,PARENT_COMMENT_ID,REVIEW_ID,PRODUCT_ID,COMMENT_ID) values (82,'게시글에 댓글이 등록되었습니다.',447,null,null,null,'N',to_date('25/04/11','RR/MM/DD'),null,null,null,null);
Insert into SYSTEM.NOTIFICATIONS (ID,MESSAGE,BOARD_ID,VET_BOARD_ID,ORDER_ID,QNA_ID,READ_YN,CREATED_AT,PARENT_COMMENT_ID,REVIEW_ID,PRODUCT_ID,COMMENT_ID) values (102,'게시글에 댓글이 등록되었습니다.',471,null,null,null,'Y',to_date('25/04/11','RR/MM/DD'),null,null,null,null);
Insert into SYSTEM.NOTIFICATIONS (ID,MESSAGE,BOARD_ID,VET_BOARD_ID,ORDER_ID,QNA_ID,READ_YN,CREATED_AT,PARENT_COMMENT_ID,REVIEW_ID,PRODUCT_ID,COMMENT_ID) values (103,'상품 문의 답변 등록',null,null,null,23,'Y',to_date('25/04/11','RR/MM/DD'),null,null,null,null);
Insert into SYSTEM.NOTIFICATIONS (ID,MESSAGE,BOARD_ID,VET_BOARD_ID,ORDER_ID,QNA_ID,READ_YN,CREATED_AT,PARENT_COMMENT_ID,REVIEW_ID,PRODUCT_ID,COMMENT_ID) values (104,'상품 문의 답변 등록',null,null,null,23,'Y',to_date('25/04/11','RR/MM/DD'),null,null,null,null);
Insert into SYSTEM.NOTIFICATIONS (ID,MESSAGE,BOARD_ID,VET_BOARD_ID,ORDER_ID,QNA_ID,READ_YN,CREATED_AT,PARENT_COMMENT_ID,REVIEW_ID,PRODUCT_ID,COMMENT_ID) values (105,'게시글에 댓글이 등록되었습니다.',471,null,null,null,'Y',to_date('25/04/11','RR/MM/DD'),null,null,null,null);
Insert into SYSTEM.NOTIFICATIONS (ID,MESSAGE,BOARD_ID,VET_BOARD_ID,ORDER_ID,QNA_ID,READ_YN,CREATED_AT,PARENT_COMMENT_ID,REVIEW_ID,PRODUCT_ID,COMMENT_ID) values (106,'대댓글이 등록되었습니다.',471,null,null,null,'Y',to_date('25/04/11','RR/MM/DD'),495,null,null,null);
Insert into SYSTEM.NOTIFICATIONS (ID,MESSAGE,BOARD_ID,VET_BOARD_ID,ORDER_ID,QNA_ID,READ_YN,CREATED_AT,PARENT_COMMENT_ID,REVIEW_ID,PRODUCT_ID,COMMENT_ID) values (108,'대댓글이 등록되었습니다.',448,null,null,null,'Y',to_date('25/04/11','RR/MM/DD'),469,null,null,null);
Insert into SYSTEM.NOTIFICATIONS (ID,MESSAGE,BOARD_ID,VET_BOARD_ID,ORDER_ID,QNA_ID,READ_YN,CREATED_AT,PARENT_COMMENT_ID,REVIEW_ID,PRODUCT_ID,COMMENT_ID) values (110,'대댓글이 등록되었습니다.',448,null,null,null,'Y',to_date('25/04/11','RR/MM/DD'),466,null,null,null);
Insert into SYSTEM.NOTIFICATIONS (ID,MESSAGE,BOARD_ID,VET_BOARD_ID,ORDER_ID,QNA_ID,READ_YN,CREATED_AT,PARENT_COMMENT_ID,REVIEW_ID,PRODUCT_ID,COMMENT_ID) values (111,'대댓글이 등록되었습니다.',448,null,null,null,'Y',to_date('25/04/11','RR/MM/DD'),466,null,null,null);
Insert into SYSTEM.NOTIFICATIONS (ID,MESSAGE,BOARD_ID,VET_BOARD_ID,ORDER_ID,QNA_ID,READ_YN,CREATED_AT,PARENT_COMMENT_ID,REVIEW_ID,PRODUCT_ID,COMMENT_ID) values (112,'게시글에 답변이 등록되었습니다.',null,192,null,null,'Y',to_date('25/04/11','RR/MM/DD'),null,null,null,null);
Insert into SYSTEM.NOTIFICATIONS (ID,MESSAGE,BOARD_ID,VET_BOARD_ID,ORDER_ID,QNA_ID,READ_YN,CREATED_AT,PARENT_COMMENT_ID,REVIEW_ID,PRODUCT_ID,COMMENT_ID) values (113,'게시글에 답변이 등록되었습니다.',null,193,null,null,'Y',to_date('25/04/11','RR/MM/DD'),null,null,null,null);
REM INSERTING into SYSTEM.ORDER_DETAILS
SET DEFINE OFF;
Insert into SYSTEM.ORDER_DETAILS (ORDER_DETAIL_ID,PRODUCT_ID,QUANTITY,PRICE,ORDER_ID,TRACKING_NUMBER,REFUND_REQUEST_DATE,RETURN_DATE,REFUND_REASON,REFUND_REASON_DETAIL,REFUND_STATUS) values (343,9,2,90,402,'3333-222-1232-33',null,null,null,null,'shipped');
Insert into SYSTEM.ORDER_DETAILS (ORDER_DETAIL_ID,PRODUCT_ID,QUANTITY,PRICE,ORDER_ID,TRACKING_NUMBER,REFUND_REQUEST_DATE,RETURN_DATE,REFUND_REASON,REFUND_REASON_DETAIL,REFUND_STATUS) values (344,14,2,90,402,'3434-3434-222-111',null,null,null,null,'delivered');
Insert into SYSTEM.ORDER_DETAILS (ORDER_DETAIL_ID,PRODUCT_ID,QUANTITY,PRICE,ORDER_ID,TRACKING_NUMBER,REFUND_REQUEST_DATE,RETURN_DATE,REFUND_REASON,REFUND_REASON_DETAIL,REFUND_STATUS) values (345,9,1,45,403,'4342-2323-222-1122122',null,null,null,null,'shipped');
Insert into SYSTEM.ORDER_DETAILS (ORDER_DETAIL_ID,PRODUCT_ID,QUANTITY,PRICE,ORDER_ID,TRACKING_NUMBER,REFUND_REQUEST_DATE,RETURN_DATE,REFUND_REASON,REFUND_REASON_DETAIL,REFUND_STATUS) values (346,14,1,45,403,'4342-2323-222-112213',null,null,null,null,'delivered');
Insert into SYSTEM.ORDER_DETAILS (ORDER_DETAIL_ID,PRODUCT_ID,QUANTITY,PRICE,ORDER_ID,TRACKING_NUMBER,REFUND_REQUEST_DATE,RETURN_DATE,REFUND_REASON,REFUND_REASON_DETAIL,REFUND_STATUS) values (355,14,5,225,410,null,null,null,null,null,'none');
Insert into SYSTEM.ORDER_DETAILS (ORDER_DETAIL_ID,PRODUCT_ID,QUANTITY,PRICE,ORDER_ID,TRACKING_NUMBER,REFUND_REQUEST_DATE,RETURN_DATE,REFUND_REASON,REFUND_REASON_DETAIL,REFUND_STATUS) values (358,9,1,50,366,null,to_date('25/04/14','RR/MM/DD'),null,'단순 변심','싫어요','exchange');
Insert into SYSTEM.ORDER_DETAILS (ORDER_DETAIL_ID,PRODUCT_ID,QUANTITY,PRICE,ORDER_ID,TRACKING_NUMBER,REFUND_REQUEST_DATE,RETURN_DATE,REFUND_REASON,REFUND_REASON_DETAIL,REFUND_STATUS) values (360,9,2,90,418,null,null,null,null,null,'none');
Insert into SYSTEM.ORDER_DETAILS (ORDER_DETAIL_ID,PRODUCT_ID,QUANTITY,PRICE,ORDER_ID,TRACKING_NUMBER,REFUND_REQUEST_DATE,RETURN_DATE,REFUND_REASON,REFUND_REASON_DETAIL,REFUND_STATUS) values (303,9,1,45,364,null,null,null,null,null,'none');
Insert into SYSTEM.ORDER_DETAILS (ORDER_DETAIL_ID,PRODUCT_ID,QUANTITY,PRICE,ORDER_ID,TRACKING_NUMBER,REFUND_REQUEST_DATE,RETURN_DATE,REFUND_REASON,REFUND_REASON_DETAIL,REFUND_STATUS) values (321,6,2,24000,381,null,null,null,null,null,'none');
Insert into SYSTEM.ORDER_DETAILS (ORDER_DETAIL_ID,PRODUCT_ID,QUANTITY,PRICE,ORDER_ID,TRACKING_NUMBER,REFUND_REQUEST_DATE,RETURN_DATE,REFUND_REASON,REFUND_REASON_DETAIL,REFUND_STATUS) values (306,9,1,50,366,null,to_date('25/04/15','RR/MM/DD'),null,'상품 불량','11','return');
Insert into SYSTEM.ORDER_DETAILS (ORDER_DETAIL_ID,PRODUCT_ID,QUANTITY,PRICE,ORDER_ID,TRACKING_NUMBER,REFUND_REQUEST_DATE,RETURN_DATE,REFUND_REASON,REFUND_REASON_DETAIL,REFUND_STATUS) values (348,7,5,31500,405,null,null,null,null,null,'none');
Insert into SYSTEM.ORDER_DETAILS (ORDER_DETAIL_ID,PRODUCT_ID,QUANTITY,PRICE,ORDER_ID,TRACKING_NUMBER,REFUND_REQUEST_DATE,RETURN_DATE,REFUND_REASON,REFUND_REASON_DETAIL,REFUND_STATUS) values (366,19,1,6000,437,'5678-567-56789',to_date('25/04/15','RR/MM/DD'),null,'상품 불량','000','exchange');
Insert into SYSTEM.ORDER_DETAILS (ORDER_DETAIL_ID,PRODUCT_ID,QUANTITY,PRICE,ORDER_ID,TRACKING_NUMBER,REFUND_REQUEST_DATE,RETURN_DATE,REFUND_REASON,REFUND_REASON_DETAIL,REFUND_STATUS) values (367,5,1,6000,438,'4567-456-45678',to_date('25/04/16','RR/MM/DD'),null,'상품 불량','반품요청','exchange');
Insert into SYSTEM.ORDER_DETAILS (ORDER_DETAIL_ID,PRODUCT_ID,QUANTITY,PRICE,ORDER_ID,TRACKING_NUMBER,REFUND_REQUEST_DATE,RETURN_DATE,REFUND_REASON,REFUND_REASON_DETAIL,REFUND_STATUS) values (301,9,1,50,361,'3423423-234234-2342',null,null,null,null,'delivered');
Insert into SYSTEM.ORDER_DETAILS (ORDER_DETAIL_ID,PRODUCT_ID,QUANTITY,PRICE,ORDER_ID,TRACKING_NUMBER,REFUND_REQUEST_DATE,RETURN_DATE,REFUND_REASON,REFUND_REASON_DETAIL,REFUND_STATUS) values (305,19,1,6000,365,null,null,null,null,null,'exchange');
Insert into SYSTEM.ORDER_DETAILS (ORDER_DETAIL_ID,PRODUCT_ID,QUANTITY,PRICE,ORDER_ID,TRACKING_NUMBER,REFUND_REQUEST_DATE,RETURN_DATE,REFUND_REASON,REFUND_REASON_DETAIL,REFUND_STATUS) values (347,9,10,450,404,null,null,null,null,null,'none');
Insert into SYSTEM.ORDER_DETAILS (ORDER_DETAIL_ID,PRODUCT_ID,QUANTITY,PRICE,ORDER_ID,TRACKING_NUMBER,REFUND_REQUEST_DATE,RETURN_DATE,REFUND_REASON,REFUND_REASON_DETAIL,REFUND_STATUS) values (357,14,2,90,411,null,null,null,null,null,'none');
Insert into SYSTEM.ORDER_DETAILS (ORDER_DETAIL_ID,PRODUCT_ID,QUANTITY,PRICE,ORDER_ID,TRACKING_NUMBER,REFUND_REQUEST_DATE,RETURN_DATE,REFUND_REASON,REFUND_REASON_DETAIL,REFUND_STATUS) values (368,6,1,12000,439,null,null,null,null,null,'none');
Insert into SYSTEM.ORDER_DETAILS (ORDER_DETAIL_ID,PRODUCT_ID,QUANTITY,PRICE,ORDER_ID,TRACKING_NUMBER,REFUND_REQUEST_DATE,RETURN_DATE,REFUND_REASON,REFUND_REASON_DETAIL,REFUND_STATUS) values (371,9,2,90,444,null,null,null,null,null,'none');
Insert into SYSTEM.ORDER_DETAILS (ORDER_DETAIL_ID,PRODUCT_ID,QUANTITY,PRICE,ORDER_ID,TRACKING_NUMBER,REFUND_REQUEST_DATE,RETURN_DATE,REFUND_REASON,REFUND_REASON_DETAIL,REFUND_STATUS) values (372,361,1,99,445,'333-33-22-11',null,null,null,null,'exchanged');
Insert into SYSTEM.ORDER_DETAILS (ORDER_DETAIL_ID,PRODUCT_ID,QUANTITY,PRICE,ORDER_ID,TRACKING_NUMBER,REFUND_REQUEST_DATE,RETURN_DATE,REFUND_REASON,REFUND_REASON_DETAIL,REFUND_STATUS) values (373,9,1,45,445,null,to_date('25/04/15','RR/MM/DD'),null,'상품 불량','11','exchange');
Insert into SYSTEM.ORDER_DETAILS (ORDER_DETAIL_ID,PRODUCT_ID,QUANTITY,PRICE,ORDER_ID,TRACKING_NUMBER,REFUND_REQUEST_DATE,RETURN_DATE,REFUND_REASON,REFUND_REASON_DETAIL,REFUND_STATUS) values (374,14,2,90,447,null,null,null,null,null,'none');
Insert into SYSTEM.ORDER_DETAILS (ORDER_DETAIL_ID,PRODUCT_ID,QUANTITY,PRICE,ORDER_ID,TRACKING_NUMBER,REFUND_REQUEST_DATE,RETURN_DATE,REFUND_REASON,REFUND_REASON_DETAIL,REFUND_STATUS) values (302,14,1,50,362,null,null,null,null,null,'none');
Insert into SYSTEM.ORDER_DETAILS (ORDER_DETAIL_ID,PRODUCT_ID,QUANTITY,PRICE,ORDER_ID,TRACKING_NUMBER,REFUND_REQUEST_DATE,RETURN_DATE,REFUND_REASON,REFUND_REASON_DETAIL,REFUND_STATUS) values (304,14,1,50,365,null,null,null,null,null,'none');
Insert into SYSTEM.ORDER_DETAILS (ORDER_DETAIL_ID,PRODUCT_ID,QUANTITY,PRICE,ORDER_ID,TRACKING_NUMBER,REFUND_REQUEST_DATE,RETURN_DATE,REFUND_REASON,REFUND_REASON_DETAIL,REFUND_STATUS) values (359,9,2,90,417,null,null,null,null,null,'none');
Insert into SYSTEM.ORDER_DETAILS (ORDER_DETAIL_ID,PRODUCT_ID,QUANTITY,PRICE,ORDER_ID,TRACKING_NUMBER,REFUND_REQUEST_DATE,RETURN_DATE,REFUND_REASON,REFUND_REASON_DETAIL,REFUND_STATUS) values (363,9,1,50,435,'1234-123-12345',null,null,null,null,'shipped');
Insert into SYSTEM.ORDER_DETAILS (ORDER_DETAIL_ID,PRODUCT_ID,QUANTITY,PRICE,ORDER_ID,TRACKING_NUMBER,REFUND_REQUEST_DATE,RETURN_DATE,REFUND_REASON,REFUND_REASON_DETAIL,REFUND_STATUS) values (364,14,1,50,435,'1234-123-12345',null,null,null,null,'delivered');
Insert into SYSTEM.ORDER_DETAILS (ORDER_DETAIL_ID,PRODUCT_ID,QUANTITY,PRICE,ORDER_ID,TRACKING_NUMBER,REFUND_REQUEST_DATE,RETURN_DATE,REFUND_REASON,REFUND_REASON_DETAIL,REFUND_STATUS) values (369,17,1,45000,440,'20252025',null,null,null,null,'shipped');
Insert into SYSTEM.ORDER_DETAILS (ORDER_DETAIL_ID,PRODUCT_ID,QUANTITY,PRICE,ORDER_ID,TRACKING_NUMBER,REFUND_REQUEST_DATE,RETURN_DATE,REFUND_REASON,REFUND_REASON_DETAIL,REFUND_STATUS) values (370,9,5,225,441,null,null,null,null,null,'none');
Insert into SYSTEM.ORDER_DETAILS (ORDER_DETAIL_ID,PRODUCT_ID,QUANTITY,PRICE,ORDER_ID,TRACKING_NUMBER,REFUND_REQUEST_DATE,RETURN_DATE,REFUND_REASON,REFUND_REASON_DETAIL,REFUND_STATUS) values (341,14,1,45,401,null,null,null,null,null,'none');
Insert into SYSTEM.ORDER_DETAILS (ORDER_DETAIL_ID,PRODUCT_ID,QUANTITY,PRICE,ORDER_ID,TRACKING_NUMBER,REFUND_REQUEST_DATE,RETURN_DATE,REFUND_REASON,REFUND_REASON_DETAIL,REFUND_STATUS) values (342,9,1,45,401,'444-34342-3232-222',null,null,null,null,'exchange');
Insert into SYSTEM.ORDER_DETAILS (ORDER_DETAIL_ID,PRODUCT_ID,QUANTITY,PRICE,ORDER_ID,TRACKING_NUMBER,REFUND_REQUEST_DATE,RETURN_DATE,REFUND_REASON,REFUND_REASON_DETAIL,REFUND_STATUS) values (350,3,6,97200,407,null,null,null,null,null,'shipped');
Insert into SYSTEM.ORDER_DETAILS (ORDER_DETAIL_ID,PRODUCT_ID,QUANTITY,PRICE,ORDER_ID,TRACKING_NUMBER,REFUND_REQUEST_DATE,RETURN_DATE,REFUND_REASON,REFUND_REASON_DETAIL,REFUND_STATUS) values (351,4,5,99000,407,null,null,null,null,null,'shipped');
Insert into SYSTEM.ORDER_DETAILS (ORDER_DETAIL_ID,PRODUCT_ID,QUANTITY,PRICE,ORDER_ID,TRACKING_NUMBER,REFUND_REQUEST_DATE,RETURN_DATE,REFUND_REASON,REFUND_REASON_DETAIL,REFUND_STATUS) values (352,22,9,80190,407,null,null,null,null,null,'shipped');
Insert into SYSTEM.ORDER_DETAILS (ORDER_DETAIL_ID,PRODUCT_ID,QUANTITY,PRICE,ORDER_ID,TRACKING_NUMBER,REFUND_REQUEST_DATE,RETURN_DATE,REFUND_REASON,REFUND_REASON_DETAIL,REFUND_STATUS) values (353,24,1,270000,408,null,null,null,null,null,'exchange');
Insert into SYSTEM.ORDER_DETAILS (ORDER_DETAIL_ID,PRODUCT_ID,QUANTITY,PRICE,ORDER_ID,TRACKING_NUMBER,REFUND_REQUEST_DATE,RETURN_DATE,REFUND_REASON,REFUND_REASON_DETAIL,REFUND_STATUS) values (354,11,1,40950,409,'4444-333-22-42-121',null,null,null,null,'exchanged');
Insert into SYSTEM.ORDER_DETAILS (ORDER_DETAIL_ID,PRODUCT_ID,QUANTITY,PRICE,ORDER_ID,TRACKING_NUMBER,REFUND_REQUEST_DATE,RETURN_DATE,REFUND_REASON,REFUND_REASON_DETAIL,REFUND_STATUS) values (356,9,1,50,366,null,to_date('25/04/14','RR/MM/DD'),null,'상품 불량','물품이 불량이에요','exchange');
Insert into SYSTEM.ORDER_DETAILS (ORDER_DETAIL_ID,PRODUCT_ID,QUANTITY,PRICE,ORDER_ID,TRACKING_NUMBER,REFUND_REQUEST_DATE,RETURN_DATE,REFUND_REASON,REFUND_REASON_DETAIL,REFUND_STATUS) values (361,14,2,90,427,null,null,null,null,null,'none');
Insert into SYSTEM.ORDER_DETAILS (ORDER_DETAIL_ID,PRODUCT_ID,QUANTITY,PRICE,ORDER_ID,TRACKING_NUMBER,REFUND_REQUEST_DATE,RETURN_DATE,REFUND_REASON,REFUND_REASON_DETAIL,REFUND_STATUS) values (362,9,1,45,427,null,null,null,null,null,'none');
Insert into SYSTEM.ORDER_DETAILS (ORDER_DETAIL_ID,PRODUCT_ID,QUANTITY,PRICE,ORDER_ID,TRACKING_NUMBER,REFUND_REQUEST_DATE,RETURN_DATE,REFUND_REASON,REFUND_REASON_DETAIL,REFUND_STATUS) values (365,20,1,5000,436,'4321-321-54321',null,null,null,null,'delivered');
Insert into SYSTEM.ORDER_DETAILS (ORDER_DETAIL_ID,PRODUCT_ID,QUANTITY,PRICE,ORDER_ID,TRACKING_NUMBER,REFUND_REQUEST_DATE,RETURN_DATE,REFUND_REASON,REFUND_REASON_DETAIL,REFUND_STATUS) values (307,9,1,45,367,null,null,null,null,null,'none');
Insert into SYSTEM.ORDER_DETAILS (ORDER_DETAIL_ID,PRODUCT_ID,QUANTITY,PRICE,ORDER_ID,TRACKING_NUMBER,REFUND_REQUEST_DATE,RETURN_DATE,REFUND_REASON,REFUND_REASON_DETAIL,REFUND_STATUS) values (349,2,10,225000,406,null,null,null,null,null,'delivered');
REM INSERTING into SYSTEM.ORDERS
SET DEFINE OFF;
Insert into SYSTEM.ORDERS (ORDER_ID,TOTAL_PRICE,ORDER_STATUS,ORDERED_AT,USER_ID,RECEIVER_NAME,RECEIVER_PHONE,RECEIVER_ADDR,PAYMENT_METHOD,REFUND_STATUS,DELIVERY_MESSAGE,UPDATED_AT,REFUND_REQUEST_DATE) values (402,2180,'paid',to_date('25/04/14','RR/MM/DD'),'as789','신수빈','01024720208','인천광역시 남동구 백범로247번길 37, 우리집! (만수동, 동남아파트), 21542','card-우리카드 + point','N','부분 포인트 사용 테스트 입니다.',to_date('25/04/14','RR/MM/DD'),null);
Insert into SYSTEM.ORDERS (ORDER_ID,TOTAL_PRICE,ORDER_STATUS,ORDERED_AT,USER_ID,RECEIVER_NAME,RECEIVER_PHONE,RECEIVER_ADDR,PAYMENT_METHOD,REFUND_STATUS,DELIVERY_MESSAGE,UPDATED_AT,REFUND_REQUEST_DATE) values (403,2090,'paid',to_date('25/04/14','RR/MM/DD'),'as789','신수빈','01024720208','인천 남동구 백범로247번길 37, 우리집!, 21542','point_only','N','전체 포인트 사용 테스트 입니다.',to_date('25/04/14','RR/MM/DD'),null);
Insert into SYSTEM.ORDERS (ORDER_ID,TOTAL_PRICE,ORDER_STATUS,ORDERED_AT,USER_ID,RECEIVER_NAME,RECEIVER_PHONE,RECEIVER_ADDR,PAYMENT_METHOD,REFUND_STATUS,DELIVERY_MESSAGE,UPDATED_AT,REFUND_REQUEST_DATE) values (410,2225,'canceled',to_date('25/04/14','RR/MM/DD'),'aa','방대한','01055551111','서울시 종로구','point','Y','문 앞에 놓아주세요',to_date('25/04/14','RR/MM/DD'),to_date('25/04/14','RR/MM/DD'));
Insert into SYSTEM.ORDERS (ORDER_ID,TOTAL_PRICE,ORDER_STATUS,ORDERED_AT,USER_ID,RECEIVER_NAME,RECEIVER_PHONE,RECEIVER_ADDR,PAYMENT_METHOD,REFUND_STATUS,DELIVERY_MESSAGE,UPDATED_AT,REFUND_REQUEST_DATE) values (418,2090,'paid',to_date('25/04/15','RR/MM/DD'),'aa','방대한','01055551111','서울시 종로구','point_only','N',null,to_date('25/04/15','RR/MM/DD'),null);
Insert into SYSTEM.ORDERS (ORDER_ID,TOTAL_PRICE,ORDER_STATUS,ORDERED_AT,USER_ID,RECEIVER_NAME,RECEIVER_PHONE,RECEIVER_ADDR,PAYMENT_METHOD,REFUND_STATUS,DELIVERY_MESSAGE,UPDATED_AT,REFUND_REQUEST_DATE) values (364,2045,'paid',to_date('25/04/11','RR/MM/DD'),'dh112800','박재원','01058087953','인천광역시 서구 서곶로 818, 113동 (당하동), 22677','point_only','N','문 앞에 놓아주세요',to_date('25/04/11','RR/MM/DD'),null);
Insert into SYSTEM.ORDERS (ORDER_ID,TOTAL_PRICE,ORDER_STATUS,ORDERED_AT,USER_ID,RECEIVER_NAME,RECEIVER_PHONE,RECEIVER_ADDR,PAYMENT_METHOD,REFUND_STATUS,DELIVERY_MESSAGE,UPDATED_AT,REFUND_REQUEST_DATE) values (381,26000,'paid',to_date('25/04/13','RR/MM/DD'),'aa','방대한','01055551111','서울시 종로구','point_only','N',null,to_date('25/04/13','RR/MM/DD'),null);
Insert into SYSTEM.ORDERS (ORDER_ID,TOTAL_PRICE,ORDER_STATUS,ORDERED_AT,USER_ID,RECEIVER_NAME,RECEIVER_PHONE,RECEIVER_ADDR,PAYMENT_METHOD,REFUND_STATUS,DELIVERY_MESSAGE,UPDATED_AT,REFUND_REQUEST_DATE) values (405,31500,'paid',to_date('25/04/14','RR/MM/DD'),'glodstone2','거북왕','01043489188','인천광역시 남동구 인주대로676번길 2-1, 구두수선대 (구월동), 21578','point_only','N',null,to_date('25/04/14','RR/MM/DD'),null);
Insert into SYSTEM.ORDERS (ORDER_ID,TOTAL_PRICE,ORDER_STATUS,ORDERED_AT,USER_ID,RECEIVER_NAME,RECEIVER_PHONE,RECEIVER_ADDR,PAYMENT_METHOD,REFUND_STATUS,DELIVERY_MESSAGE,UPDATED_AT,REFUND_REQUEST_DATE) values (437,8000,'paid',to_date('25/04/08','RR/MM/DD'),'gyodong','한교동','01027200081','인천광역시 부평구 부평공원로 51-1, 11 (부평동, 부평파크빌), 21405','point_only','N','문 앞에 놓아주세요',to_date('25/04/15','RR/MM/DD'),null);
Insert into SYSTEM.ORDERS (ORDER_ID,TOTAL_PRICE,ORDER_STATUS,ORDERED_AT,USER_ID,RECEIVER_NAME,RECEIVER_PHONE,RECEIVER_ADDR,PAYMENT_METHOD,REFUND_STATUS,DELIVERY_MESSAGE,UPDATED_AT,REFUND_REQUEST_DATE) values (438,8000,'paid',to_date('25/04/08','RR/MM/DD'),'gyodong','한교동','01027200081','인천광역시 부평구 부평공원로 51-1, 11 (부평동, 부평파크빌), 21405','point_only','N',null,to_date('25/04/15','RR/MM/DD'),null);
Insert into SYSTEM.ORDERS (ORDER_ID,TOTAL_PRICE,ORDER_STATUS,ORDERED_AT,USER_ID,RECEIVER_NAME,RECEIVER_PHONE,RECEIVER_ADDR,PAYMENT_METHOD,REFUND_STATUS,DELIVERY_MESSAGE,UPDATED_AT,REFUND_REQUEST_DATE) values (361,2050,'paid',to_date('25/04/11','RR/MM/DD'),'glodstone2','손오공','01011111111','인천 강화군 선원면 대문고개로 20,평양식당,23043','point','N','김정은 놀아줄때 쓸꺼에요',to_date('25/04/11','RR/MM/DD'),null);
Insert into SYSTEM.ORDERS (ORDER_ID,TOTAL_PRICE,ORDER_STATUS,ORDERED_AT,USER_ID,RECEIVER_NAME,RECEIVER_PHONE,RECEIVER_ADDR,PAYMENT_METHOD,REFUND_STATUS,DELIVERY_MESSAGE,UPDATED_AT,REFUND_REQUEST_DATE) values (366,2150,'paid',to_date('25/04/11','RR/MM/DD'),'aa','방','01000001234','경기 안산시 상록구 부한정길 15,,15208','point_only','N','문 앞에 놓아주세요',to_date('25/04/11','RR/MM/DD'),null);
Insert into SYSTEM.ORDERS (ORDER_ID,TOTAL_PRICE,ORDER_STATUS,ORDERED_AT,USER_ID,RECEIVER_NAME,RECEIVER_PHONE,RECEIVER_ADDR,PAYMENT_METHOD,REFUND_STATUS,DELIVERY_MESSAGE,UPDATED_AT,REFUND_REQUEST_DATE) values (365,8050,'paid',to_date('25/04/11','RR/MM/DD'),'aa','방대한','01055551111','서울시 종로구','point_only','N',null,to_date('25/04/11','RR/MM/DD'),null);
Insert into SYSTEM.ORDERS (ORDER_ID,TOTAL_PRICE,ORDER_STATUS,ORDERED_AT,USER_ID,RECEIVER_NAME,RECEIVER_PHONE,RECEIVER_ADDR,PAYMENT_METHOD,REFUND_STATUS,DELIVERY_MESSAGE,UPDATED_AT,REFUND_REQUEST_DATE) values (404,2450,'paid',to_date('25/04/14','RR/MM/DD'),'glodstone2','거북왕','01043489188','인천광역시 남동구 인주대로676번길 2-1, 구두수선대 (구월동), 21578','point_only','N',null,to_date('25/04/14','RR/MM/DD'),null);
Insert into SYSTEM.ORDERS (ORDER_ID,TOTAL_PRICE,ORDER_STATUS,ORDERED_AT,USER_ID,RECEIVER_NAME,RECEIVER_PHONE,RECEIVER_ADDR,PAYMENT_METHOD,REFUND_STATUS,DELIVERY_MESSAGE,UPDATED_AT,REFUND_REQUEST_DATE) values (411,2090,'canceled',to_date('25/04/14','RR/MM/DD'),'test1414','홍순이','01012341234','인천광역시 부평구 부평대로 지하7, 6층 (부평동), 21389','point','Y','문 앞에 놓아주세요',to_date('25/04/14','RR/MM/DD'),to_date('25/04/14','RR/MM/DD'));
Insert into SYSTEM.ORDERS (ORDER_ID,TOTAL_PRICE,ORDER_STATUS,ORDERED_AT,USER_ID,RECEIVER_NAME,RECEIVER_PHONE,RECEIVER_ADDR,PAYMENT_METHOD,REFUND_STATUS,DELIVERY_MESSAGE,UPDATED_AT,REFUND_REQUEST_DATE) values (439,14000,'paid',to_date('25/04/14','RR/MM/DD'),'gyodong','한교동','01027200081','인천광역시 부평구 부평공원로 51-1, 11 (부평동, 부평파크빌), 21405','point_only','N',null,to_date('25/04/15','RR/MM/DD'),null);
Insert into SYSTEM.ORDERS (ORDER_ID,TOTAL_PRICE,ORDER_STATUS,ORDERED_AT,USER_ID,RECEIVER_NAME,RECEIVER_PHONE,RECEIVER_ADDR,PAYMENT_METHOD,REFUND_STATUS,DELIVERY_MESSAGE,UPDATED_AT,REFUND_REQUEST_DATE) values (444,2090,'canceled',to_date('25/04/15','RR/MM/DD'),'gyodong','한교동','01027200081','인천 남동구 백범로 455-1,7호,21504','point','N','문 앞에 놓아주세요',to_date('25/04/15','RR/MM/DD'),to_date('25/04/15','RR/MM/DD'));
Insert into SYSTEM.ORDERS (ORDER_ID,TOTAL_PRICE,ORDER_STATUS,ORDERED_AT,USER_ID,RECEIVER_NAME,RECEIVER_PHONE,RECEIVER_ADDR,PAYMENT_METHOD,REFUND_STATUS,DELIVERY_MESSAGE,UPDATED_AT,REFUND_REQUEST_DATE) values (445,2144,'paid',to_date('25/04/15','RR/MM/DD'),'aa','방대한','01055551111','서울시 종로구','point_only','N',null,to_date('25/04/15','RR/MM/DD'),null);
Insert into SYSTEM.ORDERS (ORDER_ID,TOTAL_PRICE,ORDER_STATUS,ORDERED_AT,USER_ID,RECEIVER_NAME,RECEIVER_PHONE,RECEIVER_ADDR,PAYMENT_METHOD,REFUND_STATUS,DELIVERY_MESSAGE,UPDATED_AT,REFUND_REQUEST_DATE) values (447,2090,'canceled',to_date('25/04/16','RR/MM/DD'),'test1313','홍길순','01012341234','인천 남동구 백범로 455-1,5층,21504','point','Y','문 앞에 놓아주세요',to_date('25/04/16','RR/MM/DD'),to_date('25/04/16','RR/MM/DD'));
Insert into SYSTEM.ORDERS (ORDER_ID,TOTAL_PRICE,ORDER_STATUS,ORDERED_AT,USER_ID,RECEIVER_NAME,RECEIVER_PHONE,RECEIVER_ADDR,PAYMENT_METHOD,REFUND_STATUS,DELIVERY_MESSAGE,UPDATED_AT,REFUND_REQUEST_DATE) values (362,2050,'canceled',to_date('25/04/11','RR/MM/DD'),'hong','홍영은','01027200081','인천 남동구 백범로 455-1, 111, 21504','point','Y','11',to_date('25/04/11','RR/MM/DD'),to_date('25/04/11','RR/MM/DD'));
Insert into SYSTEM.ORDERS (ORDER_ID,TOTAL_PRICE,ORDER_STATUS,ORDERED_AT,USER_ID,RECEIVER_NAME,RECEIVER_PHONE,RECEIVER_ADDR,PAYMENT_METHOD,REFUND_STATUS,DELIVERY_MESSAGE,UPDATED_AT,REFUND_REQUEST_DATE) values (435,2100,'paid',to_date('25/04/01','RR/MM/DD'),'gyodong','한교동','01027200081','인천광역시 부평구 부평공원로 51-1, 11 (부평동, 부평파크빌), 21405','point_only','N','문 앞에 놓아주세요',to_date('25/04/15','RR/MM/DD'),null);
Insert into SYSTEM.ORDERS (ORDER_ID,TOTAL_PRICE,ORDER_STATUS,ORDERED_AT,USER_ID,RECEIVER_NAME,RECEIVER_PHONE,RECEIVER_ADDR,PAYMENT_METHOD,REFUND_STATUS,DELIVERY_MESSAGE,UPDATED_AT,REFUND_REQUEST_DATE) values (440,45000,'paid',to_date('25/04/14','RR/MM/DD'),'gyodong','한교동','01027200081','인천광역시 부평구 부평공원로 51-1, 11 (부평동, 부평파크빌), 21405','point_only','N',null,to_date('25/04/15','RR/MM/DD'),null);
Insert into SYSTEM.ORDERS (ORDER_ID,TOTAL_PRICE,ORDER_STATUS,ORDERED_AT,USER_ID,RECEIVER_NAME,RECEIVER_PHONE,RECEIVER_ADDR,PAYMENT_METHOD,REFUND_STATUS,DELIVERY_MESSAGE,UPDATED_AT,REFUND_REQUEST_DATE) values (441,2225,'cancel',to_date('25/04/15','RR/MM/DD'),'aa','방대한','01055551111','서울시 종로구','point_only','N',null,to_date('25/04/15','RR/MM/DD'),to_date('25/04/15','RR/MM/DD'));
Insert into SYSTEM.ORDERS (ORDER_ID,TOTAL_PRICE,ORDER_STATUS,ORDERED_AT,USER_ID,RECEIVER_NAME,RECEIVER_PHONE,RECEIVER_ADDR,PAYMENT_METHOD,REFUND_STATUS,DELIVERY_MESSAGE,UPDATED_AT,REFUND_REQUEST_DATE) values (401,2090,'paid',to_date('25/04/14','RR/MM/DD'),'as789','신수빈','01024720208','인천광역시 남동구 백범로247번길 37, 우리집! (만수동, 동남아파트), 21542','card-우리카드','N','카드결제 테스트 입니다.',to_date('25/04/14','RR/MM/DD'),null);
Insert into SYSTEM.ORDERS (ORDER_ID,TOTAL_PRICE,ORDER_STATUS,ORDERED_AT,USER_ID,RECEIVER_NAME,RECEIVER_PHONE,RECEIVER_ADDR,PAYMENT_METHOD,REFUND_STATUS,DELIVERY_MESSAGE,UPDATED_AT,REFUND_REQUEST_DATE) values (417,2090,'paid',to_date('25/04/15','RR/MM/DD'),'aa','방대한','01055551111','서울시 종로구','point_only','N','문 앞에 놓아주세요',to_date('25/04/15','RR/MM/DD'),null);
Insert into SYSTEM.ORDERS (ORDER_ID,TOTAL_PRICE,ORDER_STATUS,ORDERED_AT,USER_ID,RECEIVER_NAME,RECEIVER_PHONE,RECEIVER_ADDR,PAYMENT_METHOD,REFUND_STATUS,DELIVERY_MESSAGE,UPDATED_AT,REFUND_REQUEST_DATE) values (407,276390,'paid',to_date('25/04/14','RR/MM/DD'),'glodstone2','거북왕','01043489188','인천광역시 남동구 인주대로676번길 2-1, 구두수선대 (구월동), 21578','point_only','N',null,to_date('25/04/14','RR/MM/DD'),null);
Insert into SYSTEM.ORDERS (ORDER_ID,TOTAL_PRICE,ORDER_STATUS,ORDERED_AT,USER_ID,RECEIVER_NAME,RECEIVER_PHONE,RECEIVER_ADDR,PAYMENT_METHOD,REFUND_STATUS,DELIVERY_MESSAGE,UPDATED_AT,REFUND_REQUEST_DATE) values (408,270000,'paid',to_date('25/04/14','RR/MM/DD'),'glodstone2','거북왕','01043489188','인천광역시 남동구 인주대로676번길 2-1, 구두수선대 (구월동), 21578','point_only','N',null,to_date('25/04/14','RR/MM/DD'),null);
Insert into SYSTEM.ORDERS (ORDER_ID,TOTAL_PRICE,ORDER_STATUS,ORDERED_AT,USER_ID,RECEIVER_NAME,RECEIVER_PHONE,RECEIVER_ADDR,PAYMENT_METHOD,REFUND_STATUS,DELIVERY_MESSAGE,UPDATED_AT,REFUND_REQUEST_DATE) values (409,40950,'paid',to_date('25/04/14','RR/MM/DD'),'glodstone2','거북왕','01043489188','인천광역시 남동구 인주대로676번길 2-1, 구두수선대 (구월동), 21578','point_only','N',null,to_date('25/04/14','RR/MM/DD'),null);
Insert into SYSTEM.ORDERS (ORDER_ID,TOTAL_PRICE,ORDER_STATUS,ORDERED_AT,USER_ID,RECEIVER_NAME,RECEIVER_PHONE,RECEIVER_ADDR,PAYMENT_METHOD,REFUND_STATUS,DELIVERY_MESSAGE,UPDATED_AT,REFUND_REQUEST_DATE) values (427,2135,'paid',to_date('25/04/15','RR/MM/DD'),'as789','신수빈','01024720208','인천광역시 남동구 백범로247번길 37, 우리집! (만수동, 동남아파트), 21542','card-우리카드 + point','N','주문 늘리기!',to_date('25/04/15','RR/MM/DD'),null);
Insert into SYSTEM.ORDERS (ORDER_ID,TOTAL_PRICE,ORDER_STATUS,ORDERED_AT,USER_ID,RECEIVER_NAME,RECEIVER_PHONE,RECEIVER_ADDR,PAYMENT_METHOD,REFUND_STATUS,DELIVERY_MESSAGE,UPDATED_AT,REFUND_REQUEST_DATE) values (436,7000,'paid',to_date('25/04/05','RR/MM/DD'),'gyodong','한교동','01027200081','인천광역시 부평구 부평공원로 51-1, 11 (부평동, 부평파크빌), 21405','point_only','N','경비실에 맡겨주세요',to_date('25/04/15','RR/MM/DD'),null);
Insert into SYSTEM.ORDERS (ORDER_ID,TOTAL_PRICE,ORDER_STATUS,ORDERED_AT,USER_ID,RECEIVER_NAME,RECEIVER_PHONE,RECEIVER_ADDR,PAYMENT_METHOD,REFUND_STATUS,DELIVERY_MESSAGE,UPDATED_AT,REFUND_REQUEST_DATE) values (367,2045,'paid',to_date('25/04/11','RR/MM/DD'),'dh112800','박재원','01058087953','인천광역시 서구 서곶로 818, 113동 (당하동), 22677','point_only','N',null,to_date('25/04/11','RR/MM/DD'),null);
Insert into SYSTEM.ORDERS (ORDER_ID,TOTAL_PRICE,ORDER_STATUS,ORDERED_AT,USER_ID,RECEIVER_NAME,RECEIVER_PHONE,RECEIVER_ADDR,PAYMENT_METHOD,REFUND_STATUS,DELIVERY_MESSAGE,UPDATED_AT,REFUND_REQUEST_DATE) values (406,225000,'paid',to_date('25/04/14','RR/MM/DD'),'glodstone2','거북왕','01043489188','인천광역시 남동구 인주대로676번길 2-1, 구두수선대 (구월동), 21578','point_only','N',null,to_date('25/04/14','RR/MM/DD'),null);
REM INSERTING into SYSTEM.PARTNER
SET DEFINE OFF;
Insert into SYSTEM.PARTNER (PARTNER_ID,PARTNER_DETAIL_ID,SELLER_ID) values (1,1,1001);
Insert into SYSTEM.PARTNER (PARTNER_ID,PARTNER_DETAIL_ID,SELLER_ID) values (2,2,1002);
Insert into SYSTEM.PARTNER (PARTNER_ID,PARTNER_DETAIL_ID,SELLER_ID) values (3,3,1003);
Insert into SYSTEM.PARTNER (PARTNER_ID,PARTNER_DETAIL_ID,SELLER_ID) values (4,4,1004);
Insert into SYSTEM.PARTNER (PARTNER_ID,PARTNER_DETAIL_ID,SELLER_ID) values (5,5,1005);
REM INSERTING into SYSTEM.PARTNER_DETAIL
SET DEFINE OFF;
Insert into SYSTEM.PARTNER_DETAIL (PARTNER_DETAIL_ID,NAME,ADDRESS,PHONE_NUMBER,WEBSITE_URL,OPENING_HOURS,REGULAR_HOLIDAY,CATEGORY_CODE,NX,NY) values (8,'잘해줄게','강화군 길상면 해안남로 336-1',null,'http://blog.naver.com/choi_0625',null,null,1,'126.516810027134','37.6079561148462');
Insert into SYSTEM.PARTNER_DETAIL (PARTNER_DETAIL_ID,NAME,ADDRESS,PHONE_NUMBER,WEBSITE_URL,OPENING_HOURS,REGULAR_HOLIDAY,CATEGORY_CODE,NX,NY) values (13,'마리아하우스','강화군 강화읍 시리미로313번길 66','0507-1344-7636','입실 15:00 / 퇴실 11:00','연중무휴','연중무휴',1,'126.448072114558','37.7346005933977');
Insert into SYSTEM.PARTNER_DETAIL (PARTNER_DETAIL_ID,NAME,ADDRESS,PHONE_NUMBER,WEBSITE_URL,OPENING_HOURS,REGULAR_HOLIDAY,CATEGORY_CODE,NX,NY) values (18,'로맨틱큐브펜션','강화군 길상면 해안남로 664-11',null,'http://www.romanticcube.com','입실 15:00 / 퇴실 11:00',null,1,'126.491251662418','37.6024420054323');
Insert into SYSTEM.PARTNER_DETAIL (PARTNER_DETAIL_ID,NAME,ADDRESS,PHONE_NUMBER,WEBSITE_URL,OPENING_HOURS,REGULAR_HOLIDAY,CATEGORY_CODE,NX,NY) values (23,'연미정 회전오리','강화군 선원면 고식이길 112-2','032-933-5295',null,'12:00~20:40, 브레이크타임 14:30~17:00','수요일 휴무',2,'126.50112476394','37.7318146919178');
Insert into SYSTEM.PARTNER_DETAIL (PARTNER_DETAIL_ID,NAME,ADDRESS,PHONE_NUMBER,WEBSITE_URL,OPENING_HOURS,REGULAR_HOLIDAY,CATEGORY_CODE,NX,NY) values (29,'외포리꽃게집','강화군 내가면 중앙로 1206','032-933-9395','http://www.wonzo7.com/','09:30~20:30','수요일 휴무',2,'126.390397853689','37.7048849746398');
Insert into SYSTEM.PARTNER_DETAIL (PARTNER_DETAIL_ID,NAME,ADDRESS,PHONE_NUMBER,WEBSITE_URL,OPENING_HOURS,REGULAR_HOLIDAY,CATEGORY_CODE,NX,NY) values (35,'2번창고','강화군 불은면 강화동로 680','032-937-3634','https://www.instagram.com/2beonchanggo/','10:00~21:00','화요일 휴무',2,'126.4783362296','37.6951598853126');
Insert into SYSTEM.PARTNER_DETAIL (PARTNER_DETAIL_ID,NAME,ADDRESS,PHONE_NUMBER,WEBSITE_URL,OPENING_HOURS,REGULAR_HOLIDAY,CATEGORY_CODE,NX,NY) values (40,'앤드하리','강화군 길상면 동검길63번길 66',null,null,'11:00~19:00, 주말 20시까지',null,2,'126.519163583951','37.5910182428217');
Insert into SYSTEM.PARTNER_DETAIL (PARTNER_DETAIL_ID,NAME,ADDRESS,PHONE_NUMBER,WEBSITE_URL,OPENING_HOURS,REGULAR_HOLIDAY,CATEGORY_CODE,NX,NY) values (44,'송월동동화마을','중구 자유공원서로37번길 22',null,null,null,null,3,'126.620646985287','37.4775351556296');
Insert into SYSTEM.PARTNER_DETAIL (PARTNER_DETAIL_ID,NAME,ADDRESS,PHONE_NUMBER,WEBSITE_URL,OPENING_HOURS,REGULAR_HOLIDAY,CATEGORY_CODE,NX,NY) values (48,'하나개해수욕장','중구 하나개로 129',null,'http://hanagae.com/',null,null,3,'126.41252609021','37.3845023660363');
Insert into SYSTEM.PARTNER_DETAIL (PARTNER_DETAIL_ID,NAME,ADDRESS,PHONE_NUMBER,WEBSITE_URL,OPENING_HOURS,REGULAR_HOLIDAY,CATEGORY_CODE,NX,NY) values (51,'로얄엠포리움호텔','중구 은하수로 35','032-752-5996','http://www.royalemporium.co.kr/','입실 15:00 / 퇴실 12:00','연중무휴',1,'126.578278001961','37.4918415293456');
Insert into SYSTEM.PARTNER_DETAIL (PARTNER_DETAIL_ID,NAME,ADDRESS,PHONE_NUMBER,WEBSITE_URL,OPENING_HOURS,REGULAR_HOLIDAY,CATEGORY_CODE,NX,NY) values (57,'어부신광호','중구 선녀바위로55번길 14','032-746-4560',null,'09:00~22:00','연중무휴',2,'126.379121476742','37.4418485519849');
Insert into SYSTEM.PARTNER_DETAIL (PARTNER_DETAIL_ID,NAME,ADDRESS,PHONE_NUMBER,WEBSITE_URL,OPENING_HOURS,REGULAR_HOLIDAY,CATEGORY_CODE,NX,NY) values (61,'어울림펜션','중구 용유서로348번길 11-8','032-747-0170',null,null,null,1,'126.374047102043','37.4497406779062');
Insert into SYSTEM.PARTNER_DETAIL (PARTNER_DETAIL_ID,NAME,ADDRESS,PHONE_NUMBER,WEBSITE_URL,OPENING_HOURS,REGULAR_HOLIDAY,CATEGORY_CODE,NX,NY) values (65,'음식남녀','중구 우현로72번길 3-11','032-777-6179','https://www.instagram.com/_edmw/','12:00~21:00, 15:00~17:00 브레이크 타임','월, 화 휴무',2,'126.63053792186','37.4737520933001');
Insert into SYSTEM.PARTNER_DETAIL (PARTNER_DETAIL_ID,NAME,ADDRESS,PHONE_NUMBER,WEBSITE_URL,OPENING_HOURS,REGULAR_HOLIDAY,CATEGORY_CODE,NX,NY) values (72,'마당개 애견카페','중구 중산로29번길 144-16','032-747-1698',null,'12:00 - 22:00','화요일 휴무',2,'126.552906308632','37.5115930924533');
Insert into SYSTEM.PARTNER_DETAIL (PARTNER_DETAIL_ID,NAME,ADDRESS,PHONE_NUMBER,WEBSITE_URL,OPENING_HOURS,REGULAR_HOLIDAY,CATEGORY_CODE,NX,NY) values (77,'upio','중구 홍예문로 82','070-8860-3888','https://www.instagram.com/upio.coffee','11:00~20:00','연중무휴',2,'126.628407121958','37.4762955258835');
Insert into SYSTEM.PARTNER_DETAIL (PARTNER_DETAIL_ID,NAME,ADDRESS,PHONE_NUMBER,WEBSITE_URL,OPENING_HOURS,REGULAR_HOLIDAY,CATEGORY_CODE,NX,NY) values (82,'카페 메이벨','중구 화랑목로100번길 54',null,'instagram.com/cafe_maybell','11:00~21:00','연중무휴',2,'126.499734225264','37.495203185656');
Insert into SYSTEM.PARTNER_DETAIL (PARTNER_DETAIL_ID,NAME,ADDRESS,PHONE_NUMBER,WEBSITE_URL,OPENING_HOURS,REGULAR_HOLIDAY,CATEGORY_CODE,NX,NY) values (86,'견과류 Dog','중구 논골길 5',null,'https://www.instagram.com/dognyou_official','06:00~21:00',null,2,'126.539957243218','37.510098890242');
Insert into SYSTEM.PARTNER_DETAIL (PARTNER_DETAIL_ID,NAME,ADDRESS,PHONE_NUMBER,WEBSITE_URL,OPENING_HOURS,REGULAR_HOLIDAY,CATEGORY_CODE,NX,NY) values (91,'엘빈','미추홀구 한나루로 511','032.279.5950','https://www.instagram.com/alvin_dogcafe/','13:00~22:00, 주말 21시까지','월요일 휴무',2,'126.667454098644','37.452651402593');
Insert into SYSTEM.PARTNER_DETAIL (PARTNER_DETAIL_ID,NAME,ADDRESS,PHONE_NUMBER,WEBSITE_URL,OPENING_HOURS,REGULAR_HOLIDAY,CATEGORY_CODE,NX,NY) values (98,'키다리아저씨사진관 부평점','부평구 시장로 36','070-7795-6502',null,'10:30~21:00',null,4,'126.726313096353','37.4938338853846');
Insert into SYSTEM.PARTNER_DETAIL (PARTNER_DETAIL_ID,NAME,ADDRESS,PHONE_NUMBER,WEBSITE_URL,OPENING_HOURS,REGULAR_HOLIDAY,CATEGORY_CODE,NX,NY) values (103,'하비파크','남동구 만의골로195번길 46','032-473-8188','https://blog.naver.com/noppi9908','11:00~22:00','연중무휴',3,'126.771397267647','37.4605950546594');
Insert into SYSTEM.PARTNER_DETAIL (PARTNER_DETAIL_ID,NAME,ADDRESS,PHONE_NUMBER,WEBSITE_URL,OPENING_HOURS,REGULAR_HOLIDAY,CATEGORY_CODE,NX,NY) values (110,'언더독스쿨','남동구 은봉로315번길 4','032-441-1120','https://blog.naver.com/underdog88','07:00~20:00','목요일 휴무',2,'126.724794662214','37.4060984625557');
Insert into SYSTEM.PARTNER_DETAIL (PARTNER_DETAIL_ID,NAME,ADDRESS,PHONE_NUMBER,WEBSITE_URL,OPENING_HOURS,REGULAR_HOLIDAY,CATEGORY_CODE,NX,NY) values (118,'피트어패트','연수구 인천타워대로 257 A동 3층',null,'https://www.instagram.com/pitapat_0701','11:00~20:00','연중무휴',2,'126.633308276601','37.3937618144703');
Insert into SYSTEM.PARTNER_DETAIL (PARTNER_DETAIL_ID,NAME,ADDRESS,PHONE_NUMBER,WEBSITE_URL,OPENING_HOURS,REGULAR_HOLIDAY,CATEGORY_CODE,NX,NY) values (138,'계양꽃마루 반려견 놀이터','계양구 봉오대로 855',null,null,'동절기 10:00~20:00 하절기 10:00~21:00','매주 월요일',3,'126.743886857643','37.5324631060687');
Insert into SYSTEM.PARTNER_DETAIL (PARTNER_DETAIL_ID,NAME,ADDRESS,PHONE_NUMBER,WEBSITE_URL,OPENING_HOURS,REGULAR_HOLIDAY,CATEGORY_CODE,NX,NY) values (143,'스튜디오 팝콘','계양구 도두리로 33 상산빌딩 3층','032-555-7055',null,'10:00~19:00',null,4,'126.738106252804','37.5340890744771');
Insert into SYSTEM.PARTNER_DETAIL (PARTNER_DETAIL_ID,NAME,ADDRESS,PHONE_NUMBER,WEBSITE_URL,OPENING_HOURS,REGULAR_HOLIDAY,CATEGORY_CODE,NX,NY) values (148,'모모카라반','옹진군 영흥면 영흥로757번길 176',null,'https://www.momocaravan.com','입실 15:00, 퇴실 11:00','연중무휴',1,'126.447652729967','37.2673151309939');
Insert into SYSTEM.PARTNER_DETAIL (PARTNER_DETAIL_ID,NAME,ADDRESS,PHONE_NUMBER,WEBSITE_URL,OPENING_HOURS,REGULAR_HOLIDAY,CATEGORY_CODE,NX,NY) values (153,'종이학 펜션','옹진군 영흥면 선재로186번길 78','0507-0261-0040','https://www.jongihak.kr','입실 15:00~퇴실 11:00','연중무휴',1,'126.525962859119','37.248583381243');
Insert into SYSTEM.PARTNER_DETAIL (PARTNER_DETAIL_ID,NAME,ADDRESS,PHONE_NUMBER,WEBSITE_URL,OPENING_HOURS,REGULAR_HOLIDAY,CATEGORY_CODE,NX,NY) values (66,'문차이나','중구 차이나타운로 20','032-881-4096','http://moonchina.modoo.at/','10:30~21:00','월요일 휴무',2,'126.619108535569','37.4775566056606');
Insert into SYSTEM.PARTNER_DETAIL (PARTNER_DETAIL_ID,NAME,ADDRESS,PHONE_NUMBER,WEBSITE_URL,OPENING_HOURS,REGULAR_HOLIDAY,CATEGORY_CODE,NX,NY) values (100,'늘솔길공원','남동구 앵고개로 783','032-453-2857',null,null,null,3,'126.720831175859','37.394445488333');
Insert into SYSTEM.PARTNER_DETAIL (PARTNER_DETAIL_ID,NAME,ADDRESS,PHONE_NUMBER,WEBSITE_URL,OPENING_HOURS,REGULAR_HOLIDAY,CATEGORY_CODE,NX,NY) values (116,'송도도그파크','연수구 센트럴로 350','032-770-4227',null,'3월 1일~11월 30일',null,3,'126.632509720043','37.4078537544174');
Insert into SYSTEM.PARTNER_DETAIL (PARTNER_DETAIL_ID,NAME,ADDRESS,PHONE_NUMBER,WEBSITE_URL,OPENING_HOURS,REGULAR_HOLIDAY,CATEGORY_CODE,NX,NY) values (159,'백슬동물병원','남동구 구월동 1130 CGV 홈플러스','032-437-7582',null,'매일 10:00~18:30','일요일휴무',4,'126.7018874','37.45193027');
Insert into SYSTEM.PARTNER_DETAIL (PARTNER_DETAIL_ID,NAME,ADDRESS,PHONE_NUMBER,WEBSITE_URL,OPENING_HOURS,REGULAR_HOLIDAY,CATEGORY_CODE,NX,NY) values (160,'Central 동물병원','인천광역시 연수구 송도동 23-4 더샵센트럴파크2차상가 C동 128호','032-815-7582','https://blog.naver.com/central7582','월~금 10:00~20:00 토,일,공휴일 10:30~17:00 점심시간 12:00~13:00',null,4,'126.6410144','37.39451065');
Insert into SYSTEM.PARTNER_DETAIL (PARTNER_DETAIL_ID,NAME,ADDRESS,PHONE_NUMBER,WEBSITE_URL,OPENING_HOURS,REGULAR_HOLIDAY,CATEGORY_CODE,NX,NY) values (161,'24시 더원 동물병원','인천광역시 서구 원당동 1043-9 정석프라자','032-569-6677','https://blog.naver.com/theoneah','매일 00:00~24:00 휴게시간 12:30~14:00','연중무휴',4,'126.711932','37.592946');
Insert into SYSTEM.PARTNER_DETAIL (PARTNER_DETAIL_ID,NAME,ADDRESS,PHONE_NUMBER,WEBSITE_URL,OPENING_HOURS,REGULAR_HOLIDAY,CATEGORY_CODE,NX,NY) values (162,'소나무동물메디컬 센터','계양구 효성동 75-3 효성동메트하임 101동 101호','032-556-9990','https://blog.naver.com/sonamu_amc','월-토 10:00~20:00 일 10:00~18:00','연중무휴',4,'126.7108368','37.52974311');
Insert into SYSTEM.PARTNER_DETAIL (PARTNER_DETAIL_ID,NAME,ADDRESS,PHONE_NUMBER,WEBSITE_URL,OPENING_HOURS,REGULAR_HOLIDAY,CATEGORY_CODE,NX,NY) values (163,'계양SKY동물메디컬센터','계양구 작전동 901-3 세종팰리스','032-275-7575','https://gy.skyamg.com/','매일 10:00~22:00, 야간응급진료 22:00~익일10:00',null,4,'126.7342535','37.53135307');
Insert into SYSTEM.PARTNER_DETAIL (PARTNER_DETAIL_ID,NAME,ADDRESS,PHONE_NUMBER,WEBSITE_URL,OPENING_HOURS,REGULAR_HOLIDAY,CATEGORY_CODE,NX,NY) values (164,'삼성동물종합병원','미추홀구 주안동 678-7','032-868-2526',null,'월-금 10:00~20:00 야간응급진료 21:30~09:00 일요일 가능','연중무휴',4,'126.6673406','37.45253781');
Insert into SYSTEM.PARTNER_DETAIL (PARTNER_DETAIL_ID,NAME,ADDRESS,PHONE_NUMBER,WEBSITE_URL,OPENING_HOURS,REGULAR_HOLIDAY,CATEGORY_CODE,NX,NY) values (12,'동막해수욕장','강화군 화도면 해안남로 1481',null,'https://www.dongmakbeach.co.kr/',null,'연중무휴
',3,'126.458109105244','37.5927439058835');
Insert into SYSTEM.PARTNER_DETAIL (PARTNER_DETAIL_ID,NAME,ADDRESS,PHONE_NUMBER,WEBSITE_URL,OPENING_HOURS,REGULAR_HOLIDAY,CATEGORY_CODE,NX,NY) values (1,'강화풍물시장','강화군 강화읍 중앙로 17-9','032-934-1318',null,null,'1, 3주 월요일 휴무
',3,'126.49286919839','37.7414215493574');
Insert into SYSTEM.PARTNER_DETAIL (PARTNER_DETAIL_ID,NAME,ADDRESS,PHONE_NUMBER,WEBSITE_URL,OPENING_HOURS,REGULAR_HOLIDAY,CATEGORY_CODE,NX,NY) values (2,'멍숲','강화군 불은면 중앙로 576-2',null,'http://instagram.com/mungforest/','예약시 시간 확인','연중무휴',3,'126.450051177689','37.7115391937966');
Insert into SYSTEM.PARTNER_DETAIL (PARTNER_DETAIL_ID,NAME,ADDRESS,PHONE_NUMBER,WEBSITE_URL,OPENING_HOURS,REGULAR_HOLIDAY,CATEGORY_CODE,NX,NY) values (3,'로만티카애견리조트','강화군 화도면 해안남로 1986',null,'http://www.romantica2010.com/','입실 15:00 / 퇴실 11:00','화요일',1,'126.411654243159','37.6041869942439');
Insert into SYSTEM.PARTNER_DETAIL (PARTNER_DETAIL_ID,NAME,ADDRESS,PHONE_NUMBER,WEBSITE_URL,OPENING_HOURS,REGULAR_HOLIDAY,CATEGORY_CODE,NX,NY) values (4,'위플독','강화군 길상면 해안남로 368-18',null,'https://wpdog.modoo.at/','입실 15:00 / 퇴실 11:00','연중무휴',1,'126.51419268907','37.6066985914543');
Insert into SYSTEM.PARTNER_DETAIL (PARTNER_DETAIL_ID,NAME,ADDRESS,PHONE_NUMBER,WEBSITE_URL,OPENING_HOURS,REGULAR_HOLIDAY,CATEGORY_CODE,NX,NY) values (5,'아리엘펜션','강화군 선원면 더리미길 33-39','032-933-9110','http://www.arielps.com','입실 15:00 / 퇴실 11:00','연중무휴',1,'126.511832166286','37.7200962732375');
Insert into SYSTEM.PARTNER_DETAIL (PARTNER_DETAIL_ID,NAME,ADDRESS,PHONE_NUMBER,WEBSITE_URL,OPENING_HOURS,REGULAR_HOLIDAY,CATEGORY_CODE,NX,NY) values (6,'옥타곤펜션','강화군 선원면 더리미길 33-27',null,'http://www.octagonps.co.kr/','입실 15:00 / 퇴실 11:00','연중무휴',1,'126.511862483028','37.7205233656542');
Insert into SYSTEM.PARTNER_DETAIL (PARTNER_DETAIL_ID,NAME,ADDRESS,PHONE_NUMBER,WEBSITE_URL,OPENING_HOURS,REGULAR_HOLIDAY,CATEGORY_CODE,NX,NY) values (7,'리니스하우스','강화군 양도면 강화남로 1077-23',null,'https://m.blog.naver.com/lenishouse',null,'연중무휴',1,'126.417000020443','37.6905959784336');
Insert into SYSTEM.PARTNER_DETAIL (PARTNER_DETAIL_ID,NAME,ADDRESS,PHONE_NUMBER,WEBSITE_URL,OPENING_HOURS,REGULAR_HOLIDAY,CATEGORY_CODE,NX,NY) values (9,'무무펜션','강화군 화도면 해안남로1066번길 26',null,'http://mumuhouse.com','입실 15:00 / 퇴실 11:00','연중무휴',1,'126.459994787607','37.6198792403817');
Insert into SYSTEM.PARTNER_DETAIL (PARTNER_DETAIL_ID,NAME,ADDRESS,PHONE_NUMBER,WEBSITE_URL,OPENING_HOURS,REGULAR_HOLIDAY,CATEGORY_CODE,NX,NY) values (10,'어나더153','강화군 화도면 해안남로1669-12',null,'https://www.another153.net/','입실 15:00 / 퇴실 11:00','연중무휴',1,'126.437672039055','37.5944153995028');
Insert into SYSTEM.PARTNER_DETAIL (PARTNER_DETAIL_ID,NAME,ADDRESS,PHONE_NUMBER,WEBSITE_URL,OPENING_HOURS,REGULAR_HOLIDAY,CATEGORY_CODE,NX,NY) values (11,'놀러오시개펜션','강화군 화도면 해안남로 1938',null,'http://playdog.topbest.kr/','입실 15:00 / 퇴실 11:00','연중무휴',1,'126.415124243991','37.6080288929752');
Insert into SYSTEM.PARTNER_DETAIL (PARTNER_DETAIL_ID,NAME,ADDRESS,PHONE_NUMBER,WEBSITE_URL,OPENING_HOURS,REGULAR_HOLIDAY,CATEGORY_CODE,NX,NY) values (14,'터펜션','강화군 화도면 해안남로 2297-26',null,'http://teopension.co.kr/','입실 15:00 / 퇴실 11:00','연중무휴',1,'126.384840569419','37.6112636696257');
Insert into SYSTEM.PARTNER_DETAIL (PARTNER_DETAIL_ID,NAME,ADDRESS,PHONE_NUMBER,WEBSITE_URL,OPENING_HOURS,REGULAR_HOLIDAY,CATEGORY_CODE,NX,NY) values (15,'뷰나인펜션','강화군 화도면 해안남로 2709-8','0507-1355-4515','http://www.view9.co.kr/','입실 15:00 / 퇴실 11:00','연중무휴',1,'126.378063967035','37.6360662784715');
Insert into SYSTEM.PARTNER_DETAIL (PARTNER_DETAIL_ID,NAME,ADDRESS,PHONE_NUMBER,WEBSITE_URL,OPENING_HOURS,REGULAR_HOLIDAY,CATEGORY_CODE,NX,NY) values (16,'펜션투유','강화군 삼산면 삼산북로 379-7','0507-0261-0039','http://toyoulove.modoo.at','입실 15:00 / 퇴실 11:00','연중무휴',1,'126.330524685124','37.7015007412747');
Insert into SYSTEM.PARTNER_DETAIL (PARTNER_DETAIL_ID,NAME,ADDRESS,PHONE_NUMBER,WEBSITE_URL,OPENING_HOURS,REGULAR_HOLIDAY,CATEGORY_CODE,NX,NY) values (17,'석모도풍차마을펜션','강화군 삼산면 삼산남로 630-18',null,'http://풍차마을.com/','입실 15:00 / 퇴실 12:00','연중무휴',1,'126.335623842183','37.6751959998767');
Insert into SYSTEM.PARTNER_DETAIL (PARTNER_DETAIL_ID,NAME,ADDRESS,PHONE_NUMBER,WEBSITE_URL,OPENING_HOURS,REGULAR_HOLIDAY,CATEGORY_CODE,NX,NY) values (19,'향기정원펜션','강화군 화도면 해안남로 2166-41',null,'https://aromagarden.co.kr','입실 15:00 / 퇴실 11:00',null,1,'126.400707786688','37.6071825339116');
Insert into SYSTEM.PARTNER_DETAIL (PARTNER_DETAIL_ID,NAME,ADDRESS,PHONE_NUMBER,WEBSITE_URL,OPENING_HOURS,REGULAR_HOLIDAY,CATEGORY_CODE,NX,NY) values (20,'강화캠핑파크','강화군 길상면 신촌로146번길 14-11','070-4147-1021','https://www.instagram.com/campingpark_kh','입실 14:00 / 퇴실 11:00','연중무휴',1,'126.516459707991','37.6267627256884');
Insert into SYSTEM.PARTNER_DETAIL (PARTNER_DETAIL_ID,NAME,ADDRESS,PHONE_NUMBER,WEBSITE_URL,OPENING_HOURS,REGULAR_HOLIDAY,CATEGORY_CODE,NX,NY) values (21,'마리원캠프','강화군 길상면 장흥로101번길 6',null,'http://mariwon.modoo.at/','입실 13:00 / 퇴실 12:00','연중무휴',1,'126.510626530726','37.6154146304128');
Insert into SYSTEM.PARTNER_DETAIL (PARTNER_DETAIL_ID,NAME,ADDRESS,PHONE_NUMBER,WEBSITE_URL,OPENING_HOURS,REGULAR_HOLIDAY,CATEGORY_CODE,NX,NY) values (22,'농가의식탁','강화군 선원면 해안동로 1037-8',null,'https://www.instagram.com/nongga_house','일~금 11:00~18:30(브레이크 타임 15:30~17:00), 토요일은 1시간 연장','화요일 휴무',2,'126.514820267929','37.7081838842712');
Insert into SYSTEM.PARTNER_DETAIL (PARTNER_DETAIL_ID,NAME,ADDRESS,PHONE_NUMBER,WEBSITE_URL,OPENING_HOURS,REGULAR_HOLIDAY,CATEGORY_CODE,NX,NY) values (24,'토러스 한정식','강화군 길상면 길상로25번길 27','032-937-5493',null,null,null,2,'126.52019495709','37.6351415720698');
Insert into SYSTEM.PARTNER_DETAIL (PARTNER_DETAIL_ID,NAME,ADDRESS,PHONE_NUMBER,WEBSITE_URL,OPENING_HOURS,REGULAR_HOLIDAY,CATEGORY_CODE,NX,NY) values (25,'칠보식당','강화군 길상면 전등사로77번길 49','032-937-4545',null,'06:00~20:00',null,2,'126.487785383733','37.6328401843436');
Insert into SYSTEM.PARTNER_DETAIL (PARTNER_DETAIL_ID,NAME,ADDRESS,PHONE_NUMBER,WEBSITE_URL,OPENING_HOURS,REGULAR_HOLIDAY,CATEGORY_CODE,NX,NY) values (26,'삼보식당','강화군 삼산면 매음리 636','032-932-5177',null,'08:00~20:00','연중무휴',2,'126.317536985759','37.6864218739719');
Insert into SYSTEM.PARTNER_DETAIL (PARTNER_DETAIL_ID,NAME,ADDRESS,PHONE_NUMBER,WEBSITE_URL,OPENING_HOURS,REGULAR_HOLIDAY,CATEGORY_CODE,NX,NY) values (27,'동문식당','강화군 길상면 전등사로77번길 45','032-937-5332',null,'월~금 11:00~17:00 토·일 09:30~18:00','비정기 휴무',2,'126.488117516546','37.6330265061563');
Insert into SYSTEM.PARTNER_DETAIL (PARTNER_DETAIL_ID,NAME,ADDRESS,PHONE_NUMBER,WEBSITE_URL,OPENING_HOURS,REGULAR_HOLIDAY,CATEGORY_CODE,NX,NY) values (28,'삼랑성 시골밥상','강화군 길상면 전등사로77번길 7-26','032-937-5711',null,'06:00~22:00','연중무휴',2,'126.490672205469','37.6339718747158');
Insert into SYSTEM.PARTNER_DETAIL (PARTNER_DETAIL_ID,NAME,ADDRESS,PHONE_NUMBER,WEBSITE_URL,OPENING_HOURS,REGULAR_HOLIDAY,CATEGORY_CODE,NX,NY) values (30,'바베큐캠프','강화군 불은면 덕진로227번길 49','032-937-9450','https://www.instagram.com/barbecue_camp_2003','12:00~21:00','화, 수요일 휴무',2,'126.508691701091','37.6516633541234');
Insert into SYSTEM.PARTNER_DETAIL (PARTNER_DETAIL_ID,NAME,ADDRESS,PHONE_NUMBER,WEBSITE_URL,OPENING_HOURS,REGULAR_HOLIDAY,CATEGORY_CODE,NX,NY) values (32,'꽃게와낙지','강화군 화도면 해안남로2029번길 7','032-937-4606',null,'10:00~22:00','명절 휴무',2,'126.409808825669','37.6003125835581');
Insert into SYSTEM.PARTNER_DETAIL (PARTNER_DETAIL_ID,NAME,ADDRESS,PHONE_NUMBER,WEBSITE_URL,OPENING_HOURS,REGULAR_HOLIDAY,CATEGORY_CODE,NX,NY) values (33,'몬테','강화군 화도면 해안남로 1288-12',null,'https://blog.naver.com/petcafe_monte/',null,null,2,'126.457124600643','37.6012979789608');
Insert into SYSTEM.PARTNER_DETAIL (PARTNER_DETAIL_ID,NAME,ADDRESS,PHONE_NUMBER,WEBSITE_URL,OPENING_HOURS,REGULAR_HOLIDAY,CATEGORY_CODE,NX,NY) values (34,'봉당','강화군 길상면 강화동로 23-16','032-937-7506','https://www.instagram.com/cafe_bongdang/','10:30~21:00','연중무휴',2,'126.49089231646','37.6410471977811');
Insert into SYSTEM.PARTNER_DETAIL (PARTNER_DETAIL_ID,NAME,ADDRESS,PHONE_NUMBER,WEBSITE_URL,OPENING_HOURS,REGULAR_HOLIDAY,CATEGORY_CODE,NX,NY) values (36,'카페느긋','강화군 선원면 강화동로 859',null,'http://instagram.com/cafe_neugeut','11:00~20:00, 토·일 1시간 연장','수요일 휴무',2,'126.482379970729','37.7095414423097');
Insert into SYSTEM.PARTNER_DETAIL (PARTNER_DETAIL_ID,NAME,ADDRESS,PHONE_NUMBER,WEBSITE_URL,OPENING_HOURS,REGULAR_HOLIDAY,CATEGORY_CODE,NX,NY) values (37,'희소식','강화군 선원면 중앙로413번길 6','070-4212-4871','https://www.instagram.com/hee_sosic/','11:00~20:00',null,2,'126.467919157826','37.7142449706517');
Insert into SYSTEM.PARTNER_DETAIL (PARTNER_DETAIL_ID,NAME,ADDRESS,PHONE_NUMBER,WEBSITE_URL,OPENING_HOURS,REGULAR_HOLIDAY,CATEGORY_CODE,NX,NY) values (38,'카페109하우스','강화군 양도면 해안서로 540','032-937-8109','https://cafe109house@naver.com','10:00~20:00, 토·일 1시간 연장','연중무휴',2,'126.400098246304','37.6791103926918');
Insert into SYSTEM.PARTNER_DETAIL (PARTNER_DETAIL_ID,NAME,ADDRESS,PHONE_NUMBER,WEBSITE_URL,OPENING_HOURS,REGULAR_HOLIDAY,CATEGORY_CODE,NX,NY) values (39,'카페 순간의 순간','강화군 삼산면 삼산남로 990','032-933-6990','https://www.instagram.com/cafe_soonsoon','11:00~20:00','월, 화 휴무',2,'126.301308649514','37.6922575006204');
Insert into SYSTEM.PARTNER_DETAIL (PARTNER_DETAIL_ID,NAME,ADDRESS,PHONE_NUMBER,WEBSITE_URL,OPENING_HOURS,REGULAR_HOLIDAY,CATEGORY_CODE,NX,NY) values (41,'흐노니','강화군 길상면 해안남로 328-7','070-4159-4029','https://www.instagram.com/cafe_hnony/','11:00~19:00, 주말은 20시까지','수요일 휴무',2,'126.517617088203','37.608582985676');
Insert into SYSTEM.PARTNER_DETAIL (PARTNER_DETAIL_ID,NAME,ADDRESS,PHONE_NUMBER,WEBSITE_URL,OPENING_HOURS,REGULAR_HOLIDAY,CATEGORY_CODE,NX,NY) values (42,'러브독 애견스쿨','강화군 내가면 강화서로 48',null,'https://blog.naver.com/ska19121','카페 11:00~20:00','연중무휴',4,'126.383035682328','37.7062527216015');
Insert into SYSTEM.PARTNER_DETAIL (PARTNER_DETAIL_ID,NAME,ADDRESS,PHONE_NUMBER,WEBSITE_URL,OPENING_HOURS,REGULAR_HOLIDAY,CATEGORY_CODE,NX,NY) values (43,'자유공원','중구 제물량로232번길 46',null,null,null,null,3,'126.622190750216','37.4754471584453');
Insert into SYSTEM.PARTNER_DETAIL (PARTNER_DETAIL_ID,NAME,ADDRESS,PHONE_NUMBER,WEBSITE_URL,OPENING_HOURS,REGULAR_HOLIDAY,CATEGORY_CODE,NX,NY) values (45,'차이나타운','중구 차이나타운로59번길 12',null,'http://ic-chinatown.co.kr',null,null,3,'126.618679880128','37.4740089590672');
Insert into SYSTEM.PARTNER_DETAIL (PARTNER_DETAIL_ID,NAME,ADDRESS,PHONE_NUMBER,WEBSITE_URL,OPENING_HOURS,REGULAR_HOLIDAY,CATEGORY_CODE,NX,NY) values (46,'씨사이드파크','중구 하늘달빛로2번길 6','032-456-2973',null,null,null,3,'126.565811815577','37.4817529989573');
Insert into SYSTEM.PARTNER_DETAIL (PARTNER_DETAIL_ID,NAME,ADDRESS,PHONE_NUMBER,WEBSITE_URL,OPENING_HOURS,REGULAR_HOLIDAY,CATEGORY_CODE,NX,NY) values (47,'을왕리해수욕장','중구 용유서로302번길 16-15',null,null,null,null,3,'126.377379570369','37.4468676929453');
Insert into SYSTEM.PARTNER_DETAIL (PARTNER_DETAIL_ID,NAME,ADDRESS,PHONE_NUMBER,WEBSITE_URL,OPENING_HOURS,REGULAR_HOLIDAY,CATEGORY_CODE,NX,NY) values (49,'더위크앤리조트','중구 용유서로 379','032-745-0000','https://www.theweekandresort.com',null,null,1,'126.371161238414','37.4511294752953');
Insert into SYSTEM.PARTNER_DETAIL (PARTNER_DETAIL_ID,NAME,ADDRESS,PHONE_NUMBER,WEBSITE_URL,OPENING_HOURS,REGULAR_HOLIDAY,CATEGORY_CODE,NX,NY) values (50,'영종도 에어스카이호텔','중구 은하수로29번길 31','032-720-6201','http://hotelairsky.co.kr',null,'연중무휴',1,'126.580473833531','37.4907904908551');
Insert into SYSTEM.PARTNER_DETAIL (PARTNER_DETAIL_ID,NAME,ADDRESS,PHONE_NUMBER,WEBSITE_URL,OPENING_HOURS,REGULAR_HOLIDAY,CATEGORY_CODE,NX,NY) values (52,'오션솔레뷰호텔','중구 영종진광장로 32','032-746-4162','http://www.oceansoleview.com','입실 15:00 / 퇴실 11:00','연중무휴',1,'126.579365507524','37.4945145312134');
Insert into SYSTEM.PARTNER_DETAIL (PARTNER_DETAIL_ID,NAME,ADDRESS,PHONE_NUMBER,WEBSITE_URL,OPENING_HOURS,REGULAR_HOLIDAY,CATEGORY_CODE,NX,NY) values (53,'에버뷰펜션','중구 용유서로348번길 16',null,'http://www.evervieww.com/','입실 15:00 / 퇴실 11:00','연중무휴',1,'126.375138176142','37.4499107039503');
Insert into SYSTEM.PARTNER_DETAIL (PARTNER_DETAIL_ID,NAME,ADDRESS,PHONE_NUMBER,WEBSITE_URL,OPENING_HOURS,REGULAR_HOLIDAY,CATEGORY_CODE,NX,NY) values (54,'을왕롱비치하우스','중구 용유서로302번길 14-4','032-747-0066','http://www.beachstar.co.kr','입실 15:00 / 퇴실 11:00','연중무휴',1,'126.377350770378','37.4459384296983');
Insert into SYSTEM.PARTNER_DETAIL (PARTNER_DETAIL_ID,NAME,ADDRESS,PHONE_NUMBER,WEBSITE_URL,OPENING_HOURS,REGULAR_HOLIDAY,CATEGORY_CODE,NX,NY) values (55,'비치힐뷰하우스','중구 용유서로348번길 12',null,'http://www.beachview.co.kr','입실 15:00 / 퇴실 11:00','연중무휴',1,'126.374738523304','37.449521881145');
Insert into SYSTEM.PARTNER_DETAIL (PARTNER_DETAIL_ID,NAME,ADDRESS,PHONE_NUMBER,WEBSITE_URL,OPENING_HOURS,REGULAR_HOLIDAY,CATEGORY_CODE,NX,NY) values (56,'블루오션펜션','중구 영종진광장로 52','032-752-9958','http://blueoceanpension.com','입실 15:00 / 퇴실 11:00','연중무휴',1,'126.578970525732','37.4962050228747');
Insert into SYSTEM.PARTNER_DETAIL (PARTNER_DETAIL_ID,NAME,ADDRESS,PHONE_NUMBER,WEBSITE_URL,OPENING_HOURS,REGULAR_HOLIDAY,CATEGORY_CODE,NX,NY) values (58,'하나스토리펜션','중구 용유서로 341',null,'http://hanastory.net/','입실 15:00 / 퇴실 11:00','연중무휴',1,'126.373507920653','37.4485075958923');
Insert into SYSTEM.PARTNER_DETAIL (PARTNER_DETAIL_ID,NAME,ADDRESS,PHONE_NUMBER,WEBSITE_URL,OPENING_HOURS,REGULAR_HOLIDAY,CATEGORY_CODE,NX,NY) values (59,'해둥실펜션','중구 큰무리로 36',null,'https://www.instagram.com/sundungsil','입실 15:00 / 퇴실 11:00','연중무휴',1,'126.409945124985','37.4034424346363');
Insert into SYSTEM.PARTNER_DETAIL (PARTNER_DETAIL_ID,NAME,ADDRESS,PHONE_NUMBER,WEBSITE_URL,OPENING_HOURS,REGULAR_HOLIDAY,CATEGORY_CODE,NX,NY) values (60,'대명펜션','중구 용유서로302번길 14-2','032-746-0270',null,null,null,1,'126.377508224301','37.4458386173673');
Insert into SYSTEM.PARTNER_DETAIL (PARTNER_DETAIL_ID,NAME,ADDRESS,PHONE_NUMBER,WEBSITE_URL,OPENING_HOURS,REGULAR_HOLIDAY,CATEGORY_CODE,NX,NY) values (62,'마음이사무치면꽃이핀다','중구 선녀바위로 15-1',null,'https://cafe.naver.com/masakko','입실 15:00 / 퇴실 12:00',null,1,'126.377500197952','37.4430974609343');
Insert into SYSTEM.PARTNER_DETAIL (PARTNER_DETAIL_ID,NAME,ADDRESS,PHONE_NUMBER,WEBSITE_URL,OPENING_HOURS,REGULAR_HOLIDAY,CATEGORY_CODE,NX,NY) values (63,'왕산가족오토캠핑장','중구 용유서로423번길 60',null,'http://wangsanautocamp.com/','입실 15:00 / 퇴실 11:00','연중무휴',1,'126.366203833964','37.4581517752564');
Insert into SYSTEM.PARTNER_DETAIL (PARTNER_DETAIL_ID,NAME,ADDRESS,PHONE_NUMBER,WEBSITE_URL,OPENING_HOURS,REGULAR_HOLIDAY,CATEGORY_CODE,NX,NY) values (64,'메콩사롱','중구 참외전로158번길 14','032-765-9498','https://www.instagram.com/mekongsarong_gaehangro','11:30~21:00, 15:00~17:00 브레이크 타임','월요일 휴무',2,'126.633177894128','37.4723094294686');
Insert into SYSTEM.PARTNER_DETAIL (PARTNER_DETAIL_ID,NAME,ADDRESS,PHONE_NUMBER,WEBSITE_URL,OPENING_HOURS,REGULAR_HOLIDAY,CATEGORY_CODE,NX,NY) values (67,'바닷가소나무','중구 잠진도길 55','032-746-3263',null,null,'월요일 휴무',2,'126.420471854785','37.4218266646191');
Insert into SYSTEM.PARTNER_DETAIL (PARTNER_DETAIL_ID,NAME,ADDRESS,PHONE_NUMBER,WEBSITE_URL,OPENING_HOURS,REGULAR_HOLIDAY,CATEGORY_CODE,NX,NY) values (68,'어부네','중구 하나개로 142-1','032-752-9597',null,'08:00~20:00, 주말은 22:00까지','연중무휴',2,'126.41071943758','37.3850102871681');
Insert into SYSTEM.PARTNER_DETAIL (PARTNER_DETAIL_ID,NAME,ADDRESS,PHONE_NUMBER,WEBSITE_URL,OPENING_HOURS,REGULAR_HOLIDAY,CATEGORY_CODE,NX,NY) values (69,'영이네물회전문점','중구 예단포1로 2-10','032-752-1137',null,'10:30~21:00','연중무휴',2,'126.502439167743','37.5314534478937');
Insert into SYSTEM.PARTNER_DETAIL (PARTNER_DETAIL_ID,NAME,ADDRESS,PHONE_NUMBER,WEBSITE_URL,OPENING_HOURS,REGULAR_HOLIDAY,CATEGORY_CODE,NX,NY) values (70,'해상궁','중구 마시란로 411','032-752-3303',null,'11:00~21:00','월요일 휴무',2,'126.391952130231','37.4478211393518');
Insert into SYSTEM.PARTNER_DETAIL (PARTNER_DETAIL_ID,NAME,ADDRESS,PHONE_NUMBER,WEBSITE_URL,OPENING_HOURS,REGULAR_HOLIDAY,CATEGORY_CODE,NX,NY) values (71,'BON9','중구 백운로228번길 100','070-7706-3090','https://www.instagram.com/cafe_bon9','11:00~21:00','화요일 휴무',2,'126.526432072321','37.5114746896174');
Insert into SYSTEM.PARTNER_DETAIL (PARTNER_DETAIL_ID,NAME,ADDRESS,PHONE_NUMBER,WEBSITE_URL,OPENING_HOURS,REGULAR_HOLIDAY,CATEGORY_CODE,NX,NY) values (73,'펫38도씨','중구 운중로 99','070-4145-8882','https://pet38c.modoo.at','카페 12:00~19:30 용품점 10:00~19:30 호텔 연중무휴','월요일 휴무',2,'126.544508111467','37.4940858740299');
Insert into SYSTEM.PARTNER_DETAIL (PARTNER_DETAIL_ID,NAME,ADDRESS,PHONE_NUMBER,WEBSITE_URL,OPENING_HOURS,REGULAR_HOLIDAY,CATEGORY_CODE,NX,NY) values (75,'기노스코 개항로점','중구 개항로 65','070-8778-1718','https://www.instagram.com/ginosko_coffee/','12:00~23:00','연중무휴',2,'126.630008045448','37.4722412513755');
Insert into SYSTEM.PARTNER_DETAIL (PARTNER_DETAIL_ID,NAME,ADDRESS,PHONE_NUMBER,WEBSITE_URL,OPENING_HOURS,REGULAR_HOLIDAY,CATEGORY_CODE,NX,NY) values (76,'블루하라','중구 차이나타운51번길 19-1',null,'https://www.instagram.com/blue_hara_cafe','11:00~22:00','연중무휴',2,'126.61801319515091','37.47539210048066');
Insert into SYSTEM.PARTNER_DETAIL (PARTNER_DETAIL_ID,NAME,ADDRESS,PHONE_NUMBER,WEBSITE_URL,OPENING_HOURS,REGULAR_HOLIDAY,CATEGORY_CODE,NX,NY) values (78,'Cafe Arancia','중구 우현로49번길 10-5',null,'https://www.instagram.com/cafe_arancia/','12:00~21:00','수요일 휴무',2,'126.627663920805','37.4718723146392');
Insert into SYSTEM.PARTNER_DETAIL (PARTNER_DETAIL_ID,NAME,ADDRESS,PHONE_NUMBER,WEBSITE_URL,OPENING_HOURS,REGULAR_HOLIDAY,CATEGORY_CODE,NX,NY) values (79,'할리스커피 영종덕교점','중구 잠진도길 55','032-751-3264','https://blog.naver.com/hoyung89123','09:00~21:30','월요일 휴무',2,'126.420471854785','37.4218266646191');
Insert into SYSTEM.PARTNER_DETAIL (PARTNER_DETAIL_ID,NAME,ADDRESS,PHONE_NUMBER,WEBSITE_URL,OPENING_HOURS,REGULAR_HOLIDAY,CATEGORY_CODE,NX,NY) values (80,'구구만다복','중구 차이나타운로 40','032-772-3838',null,'11:00~21:00','연중무휴',2,'126.619426776811','37.4757525587488');
Insert into SYSTEM.PARTNER_DETAIL (PARTNER_DETAIL_ID,NAME,ADDRESS,PHONE_NUMBER,WEBSITE_URL,OPENING_HOURS,REGULAR_HOLIDAY,CATEGORY_CODE,NX,NY) values (81,'아리니','중구 용유서로 297-3','070-4647-4520','http://instagram.com/ahrini_pick','10:00~03:00, 동절기는 11:00~22:00(주말은 자정까지)','연중무휴',2,'126.376048104854','37.444759448219');
Insert into SYSTEM.PARTNER_DETAIL (PARTNER_DETAIL_ID,NAME,ADDRESS,PHONE_NUMBER,WEBSITE_URL,OPENING_HOURS,REGULAR_HOLIDAY,CATEGORY_CODE,NX,NY) values (83,'목현','중구 화랑목로 50-9',null,null,'10:00~21:00','화요일 휴무',2,'126.499102017329','37.4965363260205');
Insert into SYSTEM.PARTNER_DETAIL (PARTNER_DETAIL_ID,NAME,ADDRESS,PHONE_NUMBER,WEBSITE_URL,OPENING_HOURS,REGULAR_HOLIDAY,CATEGORY_CODE,NX,NY) values (84,'하나개팜','중구 하나개로 157','032-752-4324',null,'09:00~21:00','월요일 휴무',2,'126.41095181618','37.3839711374469');
Insert into SYSTEM.PARTNER_DETAIL (PARTNER_DETAIL_ID,NAME,ADDRESS,PHONE_NUMBER,WEBSITE_URL,OPENING_HOURS,REGULAR_HOLIDAY,CATEGORY_CODE,NX,NY) values (85,'개인플레이','중구 운중로48번길 102',null,'instagram.com/gainplay_official','08:00~19:00','연중무휴',2,'126.54022368149','37.4860900207288');
Insert into SYSTEM.PARTNER_DETAIL (PARTNER_DETAIL_ID,NAME,ADDRESS,PHONE_NUMBER,WEBSITE_URL,OPENING_HOURS,REGULAR_HOLIDAY,CATEGORY_CODE,NX,NY) values (87,'놀개나개','중구 운중로14번길 28',null,'https://www.instagram.com/nolgaenagae_official',null,null,2,'126.536835450594','37.4917926410528');
Insert into SYSTEM.PARTNER_DETAIL (PARTNER_DETAIL_ID,NAME,ADDRESS,PHONE_NUMBER,WEBSITE_URL,OPENING_HOURS,REGULAR_HOLIDAY,CATEGORY_CODE,NX,NY) values (88,'멜리애견유치원','중구 월촌길 52',null,'https://www.instagram.com/mellifluous_0605/',null,null,2,'126.566426505009','37.4968794591253');
Insert into SYSTEM.PARTNER_DETAIL (PARTNER_DETAIL_ID,NAME,ADDRESS,PHONE_NUMBER,WEBSITE_URL,OPENING_HOURS,REGULAR_HOLIDAY,CATEGORY_CODE,NX,NY) values (90,'봉봉애견카페','미추홀구 경인로 25 숭의빌딩 302호','032-881-8259','https://www.instagram.com/bong_bong_coffee14','09:00~22:00','연중무휴',2,'126.645832464527','37.4636477379048');
Insert into SYSTEM.PARTNER_DETAIL (PARTNER_DETAIL_ID,NAME,ADDRESS,PHONE_NUMBER,WEBSITE_URL,OPENING_HOURS,REGULAR_HOLIDAY,CATEGORY_CODE,NX,NY) values (92,'펫푸드스쿨','부평구 장제로 196',null,'https://blog.naver.com/gobook11/223028310621',null,null,3,'126.731168500474','37.5029888707226');
Insert into SYSTEM.PARTNER_DETAIL (PARTNER_DETAIL_ID,NAME,ADDRESS,PHONE_NUMBER,WEBSITE_URL,OPENING_HOURS,REGULAR_HOLIDAY,CATEGORY_CODE,NX,NY) values (94,'뛰뛰 강아지놀이터','부평구 경원대로 1358-1','032-710-6402','https://www.instagram.com/ttwittwi_pet__',null,null,2,'126.719828231196','37.4909761051805');
Insert into SYSTEM.PARTNER_DETAIL (PARTNER_DETAIL_ID,NAME,ADDRESS,PHONE_NUMBER,WEBSITE_URL,OPENING_HOURS,REGULAR_HOLIDAY,CATEGORY_CODE,NX,NY) values (95,'멍생멍사','부평구 체육관로 14',null,'https://www.instagram.com/msms0_0v/','11:30~21:00',null,2,'126.73309338626','37.508381141658');
Insert into SYSTEM.PARTNER_DETAIL (PARTNER_DETAIL_ID,NAME,ADDRESS,PHONE_NUMBER,WEBSITE_URL,OPENING_HOURS,REGULAR_HOLIDAY,CATEGORY_CODE,NX,NY) values (96,'펫톡','부평구 부평문화로 70-2','070-7767-6021',null,'11:30~21:00',null,2,'126.723969205821','37.4938868172186');
Insert into SYSTEM.PARTNER_DETAIL (PARTNER_DETAIL_ID,NAME,ADDRESS,PHONE_NUMBER,WEBSITE_URL,OPENING_HOURS,REGULAR_HOLIDAY,CATEGORY_CODE,NX,NY) values (97,'티카페620','부평구 부평문화로71번길 28','070-7311-0620','https://www.instagram.com/teacafe_620','12:00~22:00','월요일 휴무
',2,'126.724267531177','37.4953884968021');
Insert into SYSTEM.PARTNER_DETAIL (PARTNER_DETAIL_ID,NAME,ADDRESS,PHONE_NUMBER,WEBSITE_URL,OPENING_HOURS,REGULAR_HOLIDAY,CATEGORY_CODE,NX,NY) values (99,'인천대공원 반려견놀이터','남동구 무네미로 238','032-465-1525','http://park.incheon.go.kr','인천대공원 05:00~23:00, 동절기는 22시까지 반려동물 놀이터 10:00~20:00, 동절기는 17:30까지',null,3,'126.751967126768','37.4585938313615');
Insert into SYSTEM.PARTNER_DETAIL (PARTNER_DETAIL_ID,NAME,ADDRESS,PHONE_NUMBER,WEBSITE_URL,OPENING_HOURS,REGULAR_HOLIDAY,CATEGORY_CODE,NX,NY) values (101,'인천개공원','남동구 무네미로 201-15','032-461-6021','https://www.instagram.com/incheon_dogpark_hotel/','카페는 주말 12:00~20:00','카페 평일 휴무 호텔링&유치원 평일도 가능',3,'126.747016011777','37.4559340053202');
Insert into SYSTEM.PARTNER_DETAIL (PARTNER_DETAIL_ID,NAME,ADDRESS,PHONE_NUMBER,WEBSITE_URL,OPENING_HOURS,REGULAR_HOLIDAY,CATEGORY_CODE,NX,NY) values (102,'누들박스 송도점','연수구 아트센터대로 131','032-833-8952',null,null,null,2,'126.636895802118','37.3993587408579');
Insert into SYSTEM.PARTNER_DETAIL (PARTNER_DETAIL_ID,NAME,ADDRESS,PHONE_NUMBER,WEBSITE_URL,OPENING_HOURS,REGULAR_HOLIDAY,CATEGORY_CODE,NX,NY) values (104,'한가네오리촌','남동구 수현로14번길 38','032-466-1608','https://hangane1608.modoo.at','11:00~22:00, 월요일 은 17:00~22:00','연중무휴',2,'126.750759640925','37.4651718153404');
Insert into SYSTEM.PARTNER_DETAIL (PARTNER_DETAIL_ID,NAME,ADDRESS,PHONE_NUMBER,WEBSITE_URL,OPENING_HOURS,REGULAR_HOLIDAY,CATEGORY_CODE,NX,NY) values (106,'도그아지트','남동구 만수로111번길 29',null,'https://www.instagram.com/dogagit','호텔은 매일, 24시간 카페는 주말만 13:00~19:00',null,2,'126.736926927103','37.4655426891217');
Insert into SYSTEM.PARTNER_DETAIL (PARTNER_DETAIL_ID,NAME,ADDRESS,PHONE_NUMBER,WEBSITE_URL,OPENING_HOURS,REGULAR_HOLIDAY,CATEGORY_CODE,NX,NY) values (108,'아따멍멍','남동구 선수촌공원로23번길 6-17',null,'https://www.instagram.com/adda_mungmung','12:00~21:00','월요일 휴무',2,'126.709352068202','37.4419041441599');
Insert into SYSTEM.PARTNER_DETAIL (PARTNER_DETAIL_ID,NAME,ADDRESS,PHONE_NUMBER,WEBSITE_URL,OPENING_HOURS,REGULAR_HOLIDAY,CATEGORY_CODE,NX,NY) values (109,'파파독','남동구 남동대로 906 대양빌딩 1층',null,'http://www.instagram.com/pa_pa_d_o_g/','13:00~20:00','월, 목 휴무',2,'126.708494881322','37.4632975139736');
Insert into SYSTEM.PARTNER_DETAIL (PARTNER_DETAIL_ID,NAME,ADDRESS,PHONE_NUMBER,WEBSITE_URL,OPENING_HOURS,REGULAR_HOLIDAY,CATEGORY_CODE,NX,NY) values (111,'제이라이킷','남동구 논현로170번길 5-7',null,'https://www.instagram.com/cafe_j_likeat_','11:00~21:00, 일요일은 13시부터',null,2,'126.72539483569','37.4040956338049');
Insert into SYSTEM.PARTNER_DETAIL (PARTNER_DETAIL_ID,NAME,ADDRESS,PHONE_NUMBER,WEBSITE_URL,OPENING_HOURS,REGULAR_HOLIDAY,CATEGORY_CODE,NX,NY) values (113,'칠링아웃','남동구 성말로44번길 26',null,'http://instagram.com/chillingout.cafe','12:00~22:00',null,2,'126.705212415056','37.4439934295532');
Insert into SYSTEM.PARTNER_DETAIL (PARTNER_DETAIL_ID,NAME,ADDRESS,PHONE_NUMBER,WEBSITE_URL,OPENING_HOURS,REGULAR_HOLIDAY,CATEGORY_CODE,NX,NY) values (114,'이그니토 커피로스터스','남동구 인주대로604번길 49-15','070-4177-7511',null,'12:00~22:00',null,2,'126.704407258031','37.4476119521754');
Insert into SYSTEM.PARTNER_DETAIL (PARTNER_DETAIL_ID,NAME,ADDRESS,PHONE_NUMBER,WEBSITE_URL,OPENING_HOURS,REGULAR_HOLIDAY,CATEGORY_CODE,NX,NY) values (115,'Lowic(로윅)','남동구 성말로32번길 11-4',null,null,'12:00~21:00',null,2,'126.70435743727','37.4446209208685');
Insert into SYSTEM.PARTNER_DETAIL (PARTNER_DETAIL_ID,NAME,ADDRESS,PHONE_NUMBER,WEBSITE_URL,OPENING_HOURS,REGULAR_HOLIDAY,CATEGORY_CODE,NX,NY) values (117,'오크우드 프리미어 인천','연수구 컨벤시아대로 165','032-726-2000','https://www.oakwoodpremier.co.kr','입실 15:00 ~ 퇴실 12:00','연중무휴',1,'126.644442676851','37.3891408885668');
Insert into SYSTEM.PARTNER_DETAIL (PARTNER_DETAIL_ID,NAME,ADDRESS,PHONE_NUMBER,WEBSITE_URL,OPENING_HOURS,REGULAR_HOLIDAY,CATEGORY_CODE,NX,NY) values (119,'흥륜사 쉼터','연수구 청량로46번길 38','032-832-1130',null,null,null,2,'126.659451540165','37.4151673267457');
Insert into SYSTEM.PARTNER_DETAIL (PARTNER_DETAIL_ID,NAME,ADDRESS,PHONE_NUMBER,WEBSITE_URL,OPENING_HOURS,REGULAR_HOLIDAY,CATEGORY_CODE,NX,NY) values (120,'비스트로 콩스탕스','연수구 컨벤시아대로 60','032-859-0985','http://bistroconstance.itrocks.kr','12:00~02:00','연중무휴',2,'126.650666499516','37.3975857583899');
Insert into SYSTEM.PARTNER_DETAIL (PARTNER_DETAIL_ID,NAME,ADDRESS,PHONE_NUMBER,WEBSITE_URL,OPENING_HOURS,REGULAR_HOLIDAY,CATEGORY_CODE,NX,NY) values (121,'오지아뜰리에','연수구 송도과학로28번길 50 132호','032-233-1102',null,'월-금 11:00~20:00 토-일 09:00~20:00','매주 화요일',2,'126.657657591796','37.3793159725333');
Insert into SYSTEM.PARTNER_DETAIL (PARTNER_DETAIL_ID,NAME,ADDRESS,PHONE_NUMBER,WEBSITE_URL,OPENING_HOURS,REGULAR_HOLIDAY,CATEGORY_CODE,NX,NY) values (122,'댕댕쓰','연수구 한나루로 87 주문빌딩 5층',null,'https://www.instagram.com/dangdang.st','애견카페는 토요일만 11:00~19:00 평일은 유치원만 8시부터',null,2,'126.647451369218','37.4225772298244');
Insert into SYSTEM.PARTNER_DETAIL (PARTNER_DETAIL_ID,NAME,ADDRESS,PHONE_NUMBER,WEBSITE_URL,OPENING_HOURS,REGULAR_HOLIDAY,CATEGORY_CODE,NX,NY) values (123,'앙쥬레브 송도점 (구 바로나도 송도점)','연수구 송도과학로16번길 33-2 B동 3층',null,'http://www.instagram.com/baronadosd','카페 14:00~21:00(주말은 10:30~) 유치원/호텔/놀이방 매일 09:00~21:00',null,2,'126.660231759735','37.3804450761613');
Insert into SYSTEM.PARTNER_DETAIL (PARTNER_DETAIL_ID,NAME,ADDRESS,PHONE_NUMBER,WEBSITE_URL,OPENING_HOURS,REGULAR_HOLIDAY,CATEGORY_CODE,NX,NY) values (124,'컵피','연수구 송도과학로28번길 8 1층',null,'https://www.instagram.com/cupi_official','10:00~22:00','연중무휴',2,'126.66063408484','37.3824430719809');
Insert into SYSTEM.PARTNER_DETAIL (PARTNER_DETAIL_ID,NAME,ADDRESS,PHONE_NUMBER,WEBSITE_URL,OPENING_HOURS,REGULAR_HOLIDAY,CATEGORY_CODE,NX,NY) values (125,'드림파크','서구 거월로 61','0507-0261-2651','https://www.dreamparkcf.com',null,'매주 월요일',3,'126.66063408484','37.5813062');
Insert into SYSTEM.PARTNER_DETAIL (PARTNER_DETAIL_ID,NAME,ADDRESS,PHONE_NUMBER,WEBSITE_URL,OPENING_HOURS,REGULAR_HOLIDAY,CATEGORY_CODE,NX,NY) values (126,'그린도그 청라','서구 청라에메랄드로 79 커낼에비뉴 지하 1층 A26','070-4793-2020','https://www.instagram.com/cafe_greendog','11:00~22:00',null,2,'126.655684541211','37.5323137588511');
Insert into SYSTEM.PARTNER_DETAIL (PARTNER_DETAIL_ID,NAME,ADDRESS,PHONE_NUMBER,WEBSITE_URL,OPENING_HOURS,REGULAR_HOLIDAY,CATEGORY_CODE,NX,NY) values (127,'누닝펫푸드카페','서구 청라커낼로 270','050-6781-2840',null,'12:00~20:00','매주 월, 화요일',2,'126.644964478604','37.5325339360697');
Insert into SYSTEM.PARTNER_DETAIL (PARTNER_DETAIL_ID,NAME,ADDRESS,PHONE_NUMBER,WEBSITE_URL,OPENING_HOURS,REGULAR_HOLIDAY,CATEGORY_CODE,NX,NY) values (128,'똑똑개세요','서구 염곡로498번안길 28 청담프라자 5층',null,'https://www.instagram.com/ddogddog_school/','유치원놀이방 07:30~19:00 카페 14:00~19:00(주말, 공휴일)',null,2,'126.671277672701','37.5275926350431');
Insert into SYSTEM.PARTNER_DETAIL (PARTNER_DETAIL_ID,NAME,ADDRESS,PHONE_NUMBER,WEBSITE_URL,OPENING_HOURS,REGULAR_HOLIDAY,CATEGORY_CODE,NX,NY) values (129,'마이달링독','서구 청라에메랄드로102번길 8-18 청라캐널큐브 8층',null,'https://www.instagram.com/mydarlingdog_/','13:00~21:00','월요일 휴무',2,'126.658502668762','37.5334107063146');
Insert into SYSTEM.PARTNER_DETAIL (PARTNER_DETAIL_ID,NAME,ADDRESS,PHONE_NUMBER,WEBSITE_URL,OPENING_HOURS,REGULAR_HOLIDAY,CATEGORY_CODE,NX,NY) values (130,'피카 에스프레소 바','연수구 하모니로 158 D동 102호','032-212-5340','https://www.instagram.com/fikaespressobar','화-금 09:00~20:00 주말 11:00~20:00','매주 월요일',2,'126.64225604799','37.3832947004154');
Insert into SYSTEM.PARTNER_DETAIL (PARTNER_DETAIL_ID,NAME,ADDRESS,PHONE_NUMBER,WEBSITE_URL,OPENING_HOURS,REGULAR_HOLIDAY,CATEGORY_CODE,NX,NY) values (131,'잉글리쉬로즈 송도','연수구 센트럴로 232 더샵센트럴파크1차 상가 E동 175, 176호','032-221-2055','https://www.instagram.com/englishrose_flowercafe','평일 09:30~22:00 주말 10:00~22:00','연중무휴',2,'126.636641328932','37.3974223046224');
Insert into SYSTEM.PARTNER_DETAIL (PARTNER_DETAIL_ID,NAME,ADDRESS,PHONE_NUMBER,WEBSITE_URL,OPENING_HOURS,REGULAR_HOLIDAY,CATEGORY_CODE,NX,NY) values (132,'도그의 하루','연수구 컨벤시아대로 81 드림시티 3층 314호','032-859-7676',null,'화-금 12:00~21:30 주말 12:00~21:00','매주 월요일',2,'126.650165044813','37.3949423122559');
Insert into SYSTEM.PARTNER_DETAIL (PARTNER_DETAIL_ID,NAME,ADDRESS,PHONE_NUMBER,WEBSITE_URL,OPENING_HOURS,REGULAR_HOLIDAY,CATEGORY_CODE,NX,NY) values (133,'멍멍으르렁컹컹','연수구 새말로 82',null,'https://www.instagram.com/meongkeong/',null,null,2,'126.678673811049','37.4189843136654');
Insert into SYSTEM.PARTNER_DETAIL (PARTNER_DETAIL_ID,NAME,ADDRESS,PHONE_NUMBER,WEBSITE_URL,OPENING_HOURS,REGULAR_HOLIDAY,CATEGORY_CODE,NX,NY) values (134,'스퀘어독스','서구 담지로8번길 13','032-568-1063','https://www.squaredogs.co.kr','화-금 16:00~21:00 토-일 12:00~21:00','매주 월요일',2,'126.660875949085','37.5307725782114');
Insert into SYSTEM.PARTNER_DETAIL (PARTNER_DETAIL_ID,NAME,ADDRESS,PHONE_NUMBER,WEBSITE_URL,OPENING_HOURS,REGULAR_HOLIDAY,CATEGORY_CODE,NX,NY) values (135,'어스독 인천','서구 원적로 141-8',null,null,'12:00~21:00','연중무휴',2,'126.68605452515','37.4986342265447');
Insert into SYSTEM.PARTNER_DETAIL (PARTNER_DETAIL_ID,NAME,ADDRESS,PHONE_NUMBER,WEBSITE_URL,OPENING_HOURS,REGULAR_HOLIDAY,CATEGORY_CODE,NX,NY) values (136,'오미네커피 청라스퀘어7','서구 청라루비로 76 B125호','070-4652-0299','https://www.instagram.com/omine_coffee/','11:00~22:00','월요일 휴무',2,'126.642099544013','37.5322840014817');
Insert into SYSTEM.PARTNER_DETAIL (PARTNER_DETAIL_ID,NAME,ADDRESS,PHONE_NUMBER,WEBSITE_URL,OPENING_HOURS,REGULAR_HOLIDAY,CATEGORY_CODE,NX,NY) values (137,'칸지독','서구 중봉대로586번길 9-19','032-563-0818','https://www.instagram.com/kanjidog','13:00~21:00','목요일 휴무',2,'126.651957853115','37.5326145796046');
Insert into SYSTEM.PARTNER_DETAIL (PARTNER_DETAIL_ID,NAME,ADDRESS,PHONE_NUMBER,WEBSITE_URL,OPENING_HOURS,REGULAR_HOLIDAY,CATEGORY_CODE,NX,NY) values (139,'다남숲멍빌리지','계양구 역골로43번길 7-4',null,null,'동절기 11:00~18:00 하절기 11:00~20:00','월요일 휴무',2,'126.723235305443','37.5639475005061');
Insert into SYSTEM.PARTNER_DETAIL (PARTNER_DETAIL_ID,NAME,ADDRESS,PHONE_NUMBER,WEBSITE_URL,OPENING_HOURS,REGULAR_HOLIDAY,CATEGORY_CODE,NX,NY) values (140,'개떼놀이터 인천점','계양구 다남로 278','0507-0261-2679',null,'11:00~22:00(평일 브레이크 타임 16:00~17:00)','매주 수요일
',2,'126.708887334012','37.5702794092666');
Insert into SYSTEM.PARTNER_DETAIL (PARTNER_DETAIL_ID,NAME,ADDRESS,PHONE_NUMBER,WEBSITE_URL,OPENING_HOURS,REGULAR_HOLIDAY,CATEGORY_CODE,NX,NY) values (141,'카페65도씨 인천계양점','계양구 도두리로 14 맘모스타운 1층','032-551-6232',null,'월-목 10:00~15:00 금-일 10:00~17:00','연중무휴',2,'126.735566643338','37.5337192316197');
Insert into SYSTEM.PARTNER_DETAIL (PARTNER_DETAIL_ID,NAME,ADDRESS,PHONE_NUMBER,WEBSITE_URL,OPENING_HOURS,REGULAR_HOLIDAY,CATEGORY_CODE,NX,NY) values (142,'위드티쳐','계양구 성안길 2','032-555-5351',null,'11:00~20:00','연중무휴',4,'126.72703469346','37.5814185689977');
Insert into SYSTEM.PARTNER_DETAIL (PARTNER_DETAIL_ID,NAME,ADDRESS,PHONE_NUMBER,WEBSITE_URL,OPENING_HOURS,REGULAR_HOLIDAY,CATEGORY_CODE,NX,NY) values (144,'글램독 애견펜션 영흥도점','옹진군 영흥면 영흥남로9번길 123',null,'http://glamdog02.co.kr/',null,null,1,'126.481073028187','37.2483599312427');
Insert into SYSTEM.PARTNER_DETAIL (PARTNER_DETAIL_ID,NAME,ADDRESS,PHONE_NUMBER,WEBSITE_URL,OPENING_HOURS,REGULAR_HOLIDAY,CATEGORY_CODE,NX,NY) values (145,'라르고펜션','옹진군 영흥면 영흥로757번길 178',null,'https://www.라르고.com','입실 15:00, 퇴실 11:00','연중무휴',1,'126.447796234582','37.2669771932079');
Insert into SYSTEM.PARTNER_DETAIL (PARTNER_DETAIL_ID,NAME,ADDRESS,PHONE_NUMBER,WEBSITE_URL,OPENING_HOURS,REGULAR_HOLIDAY,CATEGORY_CODE,NX,NY) values (146,'로마스파펜션','옹진군 영흥면 선재로306번길 27-87','0505-765-0475','http://romaspa.co.kr/',null,null,1,'126.518101587688','37.2563293857725');
Insert into SYSTEM.PARTNER_DETAIL (PARTNER_DETAIL_ID,NAME,ADDRESS,PHONE_NUMBER,WEBSITE_URL,OPENING_HOURS,REGULAR_HOLIDAY,CATEGORY_CODE,NX,NY) values (147,'리틀미코노스','옹진군 영흥면 선재로 76-10','1600-1526','https://www.littlemykonos.co.kr',null,null,1,'126.531750046592','37.2353935956282 ');
Insert into SYSTEM.PARTNER_DETAIL (PARTNER_DETAIL_ID,NAME,ADDRESS,PHONE_NUMBER,WEBSITE_URL,OPENING_HOURS,REGULAR_HOLIDAY,CATEGORY_CODE,NX,NY) values (149,'스테이독애견펜션','옹진군 영흥면 선재로 264',null,'https://blog.naver.com/mj9746',null,null,1,'126.521834315024','37.2505672611193');
Insert into SYSTEM.PARTNER_DETAIL (PARTNER_DETAIL_ID,NAME,ADDRESS,PHONE_NUMBER,WEBSITE_URL,OPENING_HOURS,REGULAR_HOLIDAY,CATEGORY_CODE,NX,NY) values (150,'선재도 아리랑힐 호텔리조트','옹진군 영흥면 선재로 318-38','032-880-1771','https://blog.naver.com/ablash',null,null,1,'126.516845308671','37.2547727741226');
Insert into SYSTEM.PARTNER_DETAIL (PARTNER_DETAIL_ID,NAME,ADDRESS,PHONE_NUMBER,WEBSITE_URL,OPENING_HOURS,REGULAR_HOLIDAY,CATEGORY_CODE,NX,NY) values (151,'올라펜션','옹진군 영흥면 선재로 76-10',null,'https://www.littlemykonos.co.kr/','15:00 입실, 11:00 퇴실','연중무휴',1,'126.5311418','37.2359971');
Insert into SYSTEM.PARTNER_DETAIL (PARTNER_DETAIL_ID,NAME,ADDRESS,PHONE_NUMBER,WEBSITE_URL,OPENING_HOURS,REGULAR_HOLIDAY,CATEGORY_CODE,NX,NY) values (152,'측도펜션','옹진군 영흥면 선재로95번길 273',null,'http://www.seonjaedo.co.kr/cheukdo/',null,null,1,'126.517670512316','37.2332719992051');
Insert into SYSTEM.PARTNER_DETAIL (PARTNER_DETAIL_ID,NAME,ADDRESS,PHONE_NUMBER,WEBSITE_URL,OPENING_HOURS,REGULAR_HOLIDAY,CATEGORY_CODE,NX,NY) values (154,'러블리펫108펜션','옹진군 영흥면 선재로 76-27',null,'https://www.lovely-pet108.co.kr','입실 15:00~퇴실 11:00',null,1,'126.530907036304','37.2364784433157');
Insert into SYSTEM.PARTNER_DETAIL (PARTNER_DETAIL_ID,NAME,ADDRESS,PHONE_NUMBER,WEBSITE_URL,OPENING_HOURS,REGULAR_HOLIDAY,CATEGORY_CODE,NX,NY) values (156,'뻘다방','옹진군 영흥면 선재로 55','032-889-8300','https://www.mudcoffee.co.kr','10:00~20:30(브레이크 타임 14:30~15:00)','매주 화요일',2,'126.531274839432','37.2341897303881');
Insert into SYSTEM.PARTNER_DETAIL (PARTNER_DETAIL_ID,NAME,ADDRESS,PHONE_NUMBER,WEBSITE_URL,OPENING_HOURS,REGULAR_HOLIDAY,CATEGORY_CODE,NX,NY) values (157,'선재리 커피집','용진군 영흥면 선재로34번길 79',null,'https://www.instagram.com/sun_j_coffeezip','수-금 12:00~19:00 토-일 11:00~19:00 (주문 마감 18:30)','매주 월, 화요일',2,'126.5379465','37.233939');
Insert into SYSTEM.PARTNER_DETAIL (PARTNER_DETAIL_ID,NAME,ADDRESS,PHONE_NUMBER,WEBSITE_URL,OPENING_HOURS,REGULAR_HOLIDAY,CATEGORY_CODE,NX,NY) values (158,'개이득 애견수영장카페','옹진군 영흥면 선재로 76-10 리틀미코노스 303동',null,'https://www.instagram.com/gaeidk__cafe','11:00~19:00','화, 수요일 휴무',2,'126.531750046592','37.2353935956282');
Insert into SYSTEM.PARTNER_DETAIL (PARTNER_DETAIL_ID,NAME,ADDRESS,PHONE_NUMBER,WEBSITE_URL,OPENING_HOURS,REGULAR_HOLIDAY,CATEGORY_CODE,NX,NY) values (74,'브라운핸즈 개항로','중구 개항로 73-1','032-777-7506','http://www.instagram.com/brownhands_incheon','12:00 - 21:30, 화요일은 18시까지','월요일 휴무',2,'126.630785274485','37.4719594152797');
Insert into SYSTEM.PARTNER_DETAIL (PARTNER_DETAIL_ID,NAME,ADDRESS,PHONE_NUMBER,WEBSITE_URL,OPENING_HOURS,REGULAR_HOLIDAY,CATEGORY_CODE,NX,NY) values (89,'피트어패트 인하점','미추홀구 인하로134번길 9',null,'https://www.instagram.com/pitapat_inha','11:00~20:00','월요일 휴무',2,'126.662716795511','37.448987537617');
Insert into SYSTEM.PARTNER_DETAIL (PARTNER_DETAIL_ID,NAME,ADDRESS,PHONE_NUMBER,WEBSITE_URL,OPENING_HOURS,REGULAR_HOLIDAY,CATEGORY_CODE,NX,NY) values (107,'펫피','남동구 덕골로 158-14','032-472-0812','http://www.petp.co.kr/','11:00~21:00','월요일 휴무',2,'126.726843062479','37.4303654990206');
Insert into SYSTEM.PARTNER_DETAIL (PARTNER_DETAIL_ID,NAME,ADDRESS,PHONE_NUMBER,WEBSITE_URL,OPENING_HOURS,REGULAR_HOLIDAY,CATEGORY_CODE,NX,NY) values (93,'그래잇','부평구 부평문화로65번길 19',null,'https://www.instagram.com/gr___eat','12:00~21:00','인스타그램 공지',2,'126.72338162599','37.4949642152421');
Insert into SYSTEM.PARTNER_DETAIL (PARTNER_DETAIL_ID,NAME,ADDRESS,PHONE_NUMBER,WEBSITE_URL,OPENING_HOURS,REGULAR_HOLIDAY,CATEGORY_CODE,NX,NY) values (105,'필스너하우스 인천시청점','남동구 예술로204번길 27','032-433-2414',null,'16:00~03:00',null,2,'126.703123145662','37.4523530048741');
Insert into SYSTEM.PARTNER_DETAIL (PARTNER_DETAIL_ID,NAME,ADDRESS,PHONE_NUMBER,WEBSITE_URL,OPENING_HOURS,REGULAR_HOLIDAY,CATEGORY_CODE,NX,NY) values (112,'구월노르딕','남동구 미래로 6',null,null,'08:00~21:00, 주말은 10:00~19:00',null,2,'126.705073094753','37.4506396602081');
REM INSERTING into SYSTEM.PAYMENT
SET DEFINE OFF;
Insert into SYSTEM.PAYMENT (PAYMENT_ID,PAYMENT_CODE,DESCRIPTION,AMOUNT,PAYMENT_METHOD,INSTALLMENT,SUBSCRIPTION_PERIOD,PAYMENT_DATE,PAYMENT_STATUS,IS_CANCELED,CANCEL_DATE,ORDER_ID,DONATION_ID,USER_ID,USED_POINT,MEMBERSHIP_ID) values (366,'membership_1744361311818','멍냥꽁냥1개월 멤버십',100,'card-현대카드',0,1,to_timestamp('25/04/11 17:48:52.000000000','RR/MM/DD HH24:MI:SSXFF'),'paid','N',null,363,null,'dh112800',null,64);
Insert into SYSTEM.PAYMENT (PAYMENT_ID,PAYMENT_CODE,DESCRIPTION,AMOUNT,PAYMENT_METHOD,INSTALLMENT,SUBSCRIPTION_PERIOD,PAYMENT_DATE,PAYMENT_STATUS,IS_CANCELED,CANCEL_DATE,ORDER_ID,DONATION_ID,USER_ID,USED_POINT,MEMBERSHIP_ID) values (367,'free_order_1744361520741','상품 구매 포인트 결제',2045,'point_only',null,null,to_timestamp('25/04/11 17:51:55.000000000','RR/MM/DD HH24:MI:SSXFF'),'paid','N',null,364,null,'dh112800',2045,null);
Insert into SYSTEM.PAYMENT (PAYMENT_ID,PAYMENT_CODE,DESCRIPTION,AMOUNT,PAYMENT_METHOD,INSTALLMENT,SUBSCRIPTION_PERIOD,PAYMENT_DATE,PAYMENT_STATUS,IS_CANCELED,CANCEL_DATE,ORDER_ID,DONATION_ID,USER_ID,USED_POINT,MEMBERSHIP_ID) values (372,'free_order_1744363492759','상품 구매 포인트 결제',2150,'point_only',null,null,to_timestamp('25/04/11 18:24:53.000000000','RR/MM/DD HH24:MI:SSXFF'),'paid','N',null,366,null,'aa',2150,null);
Insert into SYSTEM.PAYMENT (PAYMENT_ID,PAYMENT_CODE,DESCRIPTION,AMOUNT,PAYMENT_METHOD,INSTALLMENT,SUBSCRIPTION_PERIOD,PAYMENT_DATE,PAYMENT_STATUS,IS_CANCELED,CANCEL_DATE,ORDER_ID,DONATION_ID,USER_ID,USED_POINT,MEMBERSHIP_ID) values (373,'free_order_1744363683901','상품 구매 포인트 결제',2045,'point_only',null,null,to_timestamp('25/04/11 18:27:58.000000000','RR/MM/DD HH24:MI:SSXFF'),'paid','N',null,367,null,'dh112800',2045,null);
Insert into SYSTEM.PAYMENT (PAYMENT_ID,PAYMENT_CODE,DESCRIPTION,AMOUNT,PAYMENT_METHOD,INSTALLMENT,SUBSCRIPTION_PERIOD,PAYMENT_DATE,PAYMENT_STATUS,IS_CANCELED,CANCEL_DATE,ORDER_ID,DONATION_ID,USER_ID,USED_POINT,MEMBERSHIP_ID) values (380,'point_donation_1744366784717','사단법인 한국동물구조관리협회 후원 포인트 결제',5000000,'point_only',null,null,to_timestamp('25/04/11 19:19:38.000000000','RR/MM/DD HH24:MI:SSXFF'),'paid','N',null,null,131,'dh112800',5000000,null);
Insert into SYSTEM.PAYMENT (PAYMENT_ID,PAYMENT_CODE,DESCRIPTION,AMOUNT,PAYMENT_METHOD,INSTALLMENT,SUBSCRIPTION_PERIOD,PAYMENT_DATE,PAYMENT_STATUS,IS_CANCELED,CANCEL_DATE,ORDER_ID,DONATION_ID,USER_ID,USED_POINT,MEMBERSHIP_ID) values (381,'point_donation_1744367138377','종합 유기견 보호센터 후원 포인트 결제',3000000,'point_only',null,null,to_timestamp('25/04/11 19:25:32.000000000','RR/MM/DD HH24:MI:SSXFF'),'paid','N',null,null,132,'user1004',3000000,null);
Insert into SYSTEM.PAYMENT (PAYMENT_ID,PAYMENT_CODE,DESCRIPTION,AMOUNT,PAYMENT_METHOD,INSTALLMENT,SUBSCRIPTION_PERIOD,PAYMENT_DATE,PAYMENT_STATUS,IS_CANCELED,CANCEL_DATE,ORDER_ID,DONATION_ID,USER_ID,USED_POINT,MEMBERSHIP_ID) values (382,'point_donation_1744367154276','동물자유연대 후원 포인트 결제',2000000,'point_only',null,null,to_timestamp('25/04/11 19:25:48.000000000','RR/MM/DD HH24:MI:SSXFF'),'paid','N',null,null,133,'user1004',2000000,null);
Insert into SYSTEM.PAYMENT (PAYMENT_ID,PAYMENT_CODE,DESCRIPTION,AMOUNT,PAYMENT_METHOD,INSTALLMENT,SUBSCRIPTION_PERIOD,PAYMENT_DATE,PAYMENT_STATUS,IS_CANCELED,CANCEL_DATE,ORDER_ID,DONATION_ID,USER_ID,USED_POINT,MEMBERSHIP_ID) values (425,'free_order_1744610726472','상품 구매 포인트 결제',2450,'point_only',null,null,to_timestamp('25/04/14 15:05:26.000000000','RR/MM/DD HH24:MI:SSXFF'),'paid','N',null,404,null,'glodstone2',2450,null);
Insert into SYSTEM.PAYMENT (PAYMENT_ID,PAYMENT_CODE,DESCRIPTION,AMOUNT,PAYMENT_METHOD,INSTALLMENT,SUBSCRIPTION_PERIOD,PAYMENT_DATE,PAYMENT_STATUS,IS_CANCELED,CANCEL_DATE,ORDER_ID,DONATION_ID,USER_ID,USED_POINT,MEMBERSHIP_ID) values (431,'free_order_1744611006609','상품 구매 포인트 결제',40950,'point_only',null,null,to_timestamp('25/04/14 15:10:06.000000000','RR/MM/DD HH24:MI:SSXFF'),'paid','N',null,409,null,'glodstone2',40950,null);
Insert into SYSTEM.PAYMENT (PAYMENT_ID,PAYMENT_CODE,DESCRIPTION,AMOUNT,PAYMENT_METHOD,INSTALLMENT,SUBSCRIPTION_PERIOD,PAYMENT_DATE,PAYMENT_STATUS,IS_CANCELED,CANCEL_DATE,ORDER_ID,DONATION_ID,USER_ID,USED_POINT,MEMBERSHIP_ID) values (434,'merchant_1744625818116','상품 구매 결제',2090,'point',0,null,to_timestamp('25/04/14 19:17:23.000000000','RR/MM/DD HH24:MI:SSXFF'),'paid','N',null,411,null,'test1414',0,null);
Insert into SYSTEM.PAYMENT (PAYMENT_ID,PAYMENT_CODE,DESCRIPTION,AMOUNT,PAYMENT_METHOD,INSTALLMENT,SUBSCRIPTION_PERIOD,PAYMENT_DATE,PAYMENT_STATUS,IS_CANCELED,CANCEL_DATE,ORDER_ID,DONATION_ID,USER_ID,USED_POINT,MEMBERSHIP_ID) values (435,'point_donation_1744625943523','도그마루 민간동물보호시설 후원 포인트 결제',1000,'point_only',null,null,to_timestamp('25/04/14 19:19:03.000000000','RR/MM/DD HH24:MI:SSXFF'),'paid','N',null,null,148,'aa',1000,null);
Insert into SYSTEM.PAYMENT (PAYMENT_ID,PAYMENT_CODE,DESCRIPTION,AMOUNT,PAYMENT_METHOD,INSTALLMENT,SUBSCRIPTION_PERIOD,PAYMENT_DATE,PAYMENT_STATUS,IS_CANCELED,CANCEL_DATE,ORDER_ID,DONATION_ID,USER_ID,USED_POINT,MEMBERSHIP_ID) values (437,'membership_1744636151168','멍냥꽁냥1개월 멤버십',100,'card-현대카드',0,1,to_timestamp('25/04/14 22:09:39.000000000','RR/MM/DD HH24:MI:SSXFF'),'paid','N',null,413,null,'user1004',null,85);
Insert into SYSTEM.PAYMENT (PAYMENT_ID,PAYMENT_CODE,DESCRIPTION,AMOUNT,PAYMENT_METHOD,INSTALLMENT,SUBSCRIPTION_PERIOD,PAYMENT_DATE,PAYMENT_STATUS,IS_CANCELED,CANCEL_DATE,ORDER_ID,DONATION_ID,USER_ID,USED_POINT,MEMBERSHIP_ID) values (438,'point_donation_1744636246797','도그마루 민간동물보호시설 후원 포인트 결제',10000,'point_only',null,null,to_timestamp('25/04/14 22:10:46.000000000','RR/MM/DD HH24:MI:SSXFF'),'paid','N',null,null,149,'user1004',10000,null);
Insert into SYSTEM.PAYMENT (PAYMENT_ID,PAYMENT_CODE,DESCRIPTION,AMOUNT,PAYMENT_METHOD,INSTALLMENT,SUBSCRIPTION_PERIOD,PAYMENT_DATE,PAYMENT_STATUS,IS_CANCELED,CANCEL_DATE,ORDER_ID,DONATION_ID,USER_ID,USED_POINT,MEMBERSHIP_ID) values (444,'free_order_1744649611777','상품 구매 포인트 결제',2090,'point_only',null,null,to_timestamp('25/04/15 01:53:31.000000000','RR/MM/DD HH24:MI:SSXFF'),'paid','N',null,417,null,'aa',2090,null);
Insert into SYSTEM.PAYMENT (PAYMENT_ID,PAYMENT_CODE,DESCRIPTION,AMOUNT,PAYMENT_METHOD,INSTALLMENT,SUBSCRIPTION_PERIOD,PAYMENT_DATE,PAYMENT_STATUS,IS_CANCELED,CANCEL_DATE,ORDER_ID,DONATION_ID,USER_ID,USED_POINT,MEMBERSHIP_ID) values (464,'point_donation_1744678915227','동물자유연대 후원 포인트 결제',5000,'point_only',null,null,to_timestamp('25/04/15 10:01:54.000000000','RR/MM/DD HH24:MI:SSXFF'),'paid','N',null,null,162,'user1004',5000,null);
Insert into SYSTEM.PAYMENT (PAYMENT_ID,PAYMENT_CODE,DESCRIPTION,AMOUNT,PAYMENT_METHOD,INSTALLMENT,SUBSCRIPTION_PERIOD,PAYMENT_DATE,PAYMENT_STATUS,IS_CANCELED,CANCEL_DATE,ORDER_ID,DONATION_ID,USER_ID,USED_POINT,MEMBERSHIP_ID) values (481,'free_order_1744683324136','상품 구매 포인트 결제',8000,'point_only',null,null,to_timestamp('25/04/15 11:15:25.000000000','RR/MM/DD HH24:MI:SSXFF'),'paid','N',null,437,null,'gyodong',8000,null);
Insert into SYSTEM.PAYMENT (PAYMENT_ID,PAYMENT_CODE,DESCRIPTION,AMOUNT,PAYMENT_METHOD,INSTALLMENT,SUBSCRIPTION_PERIOD,PAYMENT_DATE,PAYMENT_STATUS,IS_CANCELED,CANCEL_DATE,ORDER_ID,DONATION_ID,USER_ID,USED_POINT,MEMBERSHIP_ID) values (482,'free_order_1744683337960','상품 구매 포인트 결제',8000,'point_only',null,null,to_timestamp('25/04/15 11:15:39.000000000','RR/MM/DD HH24:MI:SSXFF'),'paid','N',null,438,null,'gyodong',8000,null);
Insert into SYSTEM.PAYMENT (PAYMENT_ID,PAYMENT_CODE,DESCRIPTION,AMOUNT,PAYMENT_METHOD,INSTALLMENT,SUBSCRIPTION_PERIOD,PAYMENT_DATE,PAYMENT_STATUS,IS_CANCELED,CANCEL_DATE,ORDER_ID,DONATION_ID,USER_ID,USED_POINT,MEMBERSHIP_ID) values (489,'point_donation_1744687416291','도그마루 민간동물보호시설 후원 포인트 결제',10000,'point_only',null,null,to_timestamp('25/04/15 12:23:36.000000000','RR/MM/DD HH24:MI:SSXFF'),'paid','N',null,null,168,'aa',10000,null);
Insert into SYSTEM.PAYMENT (PAYMENT_ID,PAYMENT_CODE,DESCRIPTION,AMOUNT,PAYMENT_METHOD,INSTALLMENT,SUBSCRIPTION_PERIOD,PAYMENT_DATE,PAYMENT_STATUS,IS_CANCELED,CANCEL_DATE,ORDER_ID,DONATION_ID,USER_ID,USED_POINT,MEMBERSHIP_ID) values (493,'merchant_1744700201762','상품 구매 결제',2090,'point',0,null,to_timestamp('25/04/15 15:57:11.000000000','RR/MM/DD HH24:MI:SSXFF'),'paid','N',null,444,null,'gyodong',1000,null);
Insert into SYSTEM.PAYMENT (PAYMENT_ID,PAYMENT_CODE,DESCRIPTION,AMOUNT,PAYMENT_METHOD,INSTALLMENT,SUBSCRIPTION_PERIOD,PAYMENT_DATE,PAYMENT_STATUS,IS_CANCELED,CANCEL_DATE,ORDER_ID,DONATION_ID,USER_ID,USED_POINT,MEMBERSHIP_ID) values (497,'merchant_1744766058199','상품 구매 결제',2090,'point',0,null,to_timestamp('25/04/16 10:14:42.000000000','RR/MM/DD HH24:MI:SSXFF'),'paid','N',null,447,null,'test1313',1000,null);
Insert into SYSTEM.PAYMENT (PAYMENT_ID,PAYMENT_CODE,DESCRIPTION,AMOUNT,PAYMENT_METHOD,INSTALLMENT,SUBSCRIPTION_PERIOD,PAYMENT_DATE,PAYMENT_STATUS,IS_CANCELED,CANCEL_DATE,ORDER_ID,DONATION_ID,USER_ID,USED_POINT,MEMBERSHIP_ID) values (498,'merchant_1744766230489','도그마루 민간동물보호시설 후원 결제',1000,'point',0,null,to_timestamp('25/04/16 10:17:37.000000000','RR/MM/DD HH24:MI:SSXFF'),'paid','N',null,null,171,'gyodong',0,null);
Insert into SYSTEM.PAYMENT (PAYMENT_ID,PAYMENT_CODE,DESCRIPTION,AMOUNT,PAYMENT_METHOD,INSTALLMENT,SUBSCRIPTION_PERIOD,PAYMENT_DATE,PAYMENT_STATUS,IS_CANCELED,CANCEL_DATE,ORDER_ID,DONATION_ID,USER_ID,USED_POINT,MEMBERSHIP_ID) values (363,'merchant_1744358973490','상품 구매 결제',2050,'point',0,null,to_timestamp('25/04/11 17:10:06.000000000','RR/MM/DD HH24:MI:SSXFF'),'paid','N',null,362,null,'hong',0,null);
Insert into SYSTEM.PAYMENT (PAYMENT_ID,PAYMENT_CODE,DESCRIPTION,AMOUNT,PAYMENT_METHOD,INSTALLMENT,SUBSCRIPTION_PERIOD,PAYMENT_DATE,PAYMENT_STATUS,IS_CANCELED,CANCEL_DATE,ORDER_ID,DONATION_ID,USER_ID,USED_POINT,MEMBERSHIP_ID) values (364,'merchant_1744359184888','도그마루 민간동물보호시설 후원 결제',1000,'point',0,null,to_timestamp('25/04/11 17:13:30.000000000','RR/MM/DD HH24:MI:SSXFF'),'paid','N',null,null,122,'hong',2,null);
Insert into SYSTEM.PAYMENT (PAYMENT_ID,PAYMENT_CODE,DESCRIPTION,AMOUNT,PAYMENT_METHOD,INSTALLMENT,SUBSCRIPTION_PERIOD,PAYMENT_DATE,PAYMENT_STATUS,IS_CANCELED,CANCEL_DATE,ORDER_ID,DONATION_ID,USER_ID,USED_POINT,MEMBERSHIP_ID) values (422,'merchant_1744593348088','상품 구매 결제',2180,'card-우리카드 + point',0,null,to_timestamp('25/04/14 10:16:14.000000000','RR/MM/DD HH24:MI:SSXFF'),'paid','N',null,402,null,'as789',180,null);
Insert into SYSTEM.PAYMENT (PAYMENT_ID,PAYMENT_CODE,DESCRIPTION,AMOUNT,PAYMENT_METHOD,INSTALLMENT,SUBSCRIPTION_PERIOD,PAYMENT_DATE,PAYMENT_STATUS,IS_CANCELED,CANCEL_DATE,ORDER_ID,DONATION_ID,USER_ID,USED_POINT,MEMBERSHIP_ID) values (443,'membership_1744636998311','멍냥꽁냥6개월 멤버십',100,'card-현대카드',0,6,to_timestamp('25/04/14 22:23:44.000000000','RR/MM/DD HH24:MI:SSXFF'),'paid','N',null,416,null,'user1004',null,88);
Insert into SYSTEM.PAYMENT (PAYMENT_ID,PAYMENT_CODE,DESCRIPTION,AMOUNT,PAYMENT_METHOD,INSTALLMENT,SUBSCRIPTION_PERIOD,PAYMENT_DATE,PAYMENT_STATUS,IS_CANCELED,CANCEL_DATE,ORDER_ID,DONATION_ID,USER_ID,USED_POINT,MEMBERSHIP_ID) values (466,'point_donation_1744679153192','도그마루 민간동물보호시설 후원 포인트 결제',5000,'point_only',null,null,to_timestamp('25/04/15 10:05:52.000000000','RR/MM/DD HH24:MI:SSXFF'),'paid','N',null,null,163,'user1004',5000,null);
Insert into SYSTEM.PAYMENT (PAYMENT_ID,PAYMENT_CODE,DESCRIPTION,AMOUNT,PAYMENT_METHOD,INSTALLMENT,SUBSCRIPTION_PERIOD,PAYMENT_DATE,PAYMENT_STATUS,IS_CANCELED,CANCEL_DATE,ORDER_ID,DONATION_ID,USER_ID,USED_POINT,MEMBERSHIP_ID) values (468,'membership_1744679287531','멍냥꽁냥1개월 멤버십',100,'point',0,1,to_timestamp('25/04/15 10:08:36.000000000','RR/MM/DD HH24:MI:SSXFF'),'paid','N',null,425,null,'glodstone2',null,94);
Insert into SYSTEM.PAYMENT (PAYMENT_ID,PAYMENT_CODE,DESCRIPTION,AMOUNT,PAYMENT_METHOD,INSTALLMENT,SUBSCRIPTION_PERIOD,PAYMENT_DATE,PAYMENT_STATUS,IS_CANCELED,CANCEL_DATE,ORDER_ID,DONATION_ID,USER_ID,USED_POINT,MEMBERSHIP_ID) values (474,'membership_1744679912013','멍냥꽁냥1개월 멤버십',100,'point',0,1,to_timestamp('25/04/15 10:19:04.000000000','RR/MM/DD HH24:MI:SSXFF'),'paid','N',null,430,null,'user1004',null,98);
Insert into SYSTEM.PAYMENT (PAYMENT_ID,PAYMENT_CODE,DESCRIPTION,AMOUNT,PAYMENT_METHOD,INSTALLMENT,SUBSCRIPTION_PERIOD,PAYMENT_DATE,PAYMENT_STATUS,IS_CANCELED,CANCEL_DATE,ORDER_ID,DONATION_ID,USER_ID,USED_POINT,MEMBERSHIP_ID) values (475,'membership_1744680233900','멍냥꽁냥1개월 멤버십',100,'point',0,1,to_timestamp('25/04/15 10:24:13.000000000','RR/MM/DD HH24:MI:SSXFF'),'paid','N',null,431,null,'user1004',null,99);
Insert into SYSTEM.PAYMENT (PAYMENT_ID,PAYMENT_CODE,DESCRIPTION,AMOUNT,PAYMENT_METHOD,INSTALLMENT,SUBSCRIPTION_PERIOD,PAYMENT_DATE,PAYMENT_STATUS,IS_CANCELED,CANCEL_DATE,ORDER_ID,DONATION_ID,USER_ID,USED_POINT,MEMBERSHIP_ID) values (476,'membership_1744680308212','멍냥꽁냥1개월 멤버십',100,'point',0,1,to_timestamp('25/04/15 10:25:31.000000000','RR/MM/DD HH24:MI:SSXFF'),'paid','N',null,432,null,'user1004',null,100);
Insert into SYSTEM.PAYMENT (PAYMENT_ID,PAYMENT_CODE,DESCRIPTION,AMOUNT,PAYMENT_METHOD,INSTALLMENT,SUBSCRIPTION_PERIOD,PAYMENT_DATE,PAYMENT_STATUS,IS_CANCELED,CANCEL_DATE,ORDER_ID,DONATION_ID,USER_ID,USED_POINT,MEMBERSHIP_ID) values (477,'membership_1744680507228','멍냥꽁냥1개월 멤버십',100,'point',0,1,to_timestamp('25/04/15 10:28:44.000000000','RR/MM/DD HH24:MI:SSXFF'),'paid','N',null,433,null,'user1004',null,101);
Insert into SYSTEM.PAYMENT (PAYMENT_ID,PAYMENT_CODE,DESCRIPTION,AMOUNT,PAYMENT_METHOD,INSTALLMENT,SUBSCRIPTION_PERIOD,PAYMENT_DATE,PAYMENT_STATUS,IS_CANCELED,CANCEL_DATE,ORDER_ID,DONATION_ID,USER_ID,USED_POINT,MEMBERSHIP_ID) values (361,'merchant_1744358710528','상품 구매 결제',2050,'point',0,null,to_timestamp('25/04/11 17:06:08.000000000','RR/MM/DD HH24:MI:SSXFF'),'paid','N',null,361,null,'glodstone2',0,null);
Insert into SYSTEM.PAYMENT (PAYMENT_ID,PAYMENT_CODE,DESCRIPTION,AMOUNT,PAYMENT_METHOD,INSTALLMENT,SUBSCRIPTION_PERIOD,PAYMENT_DATE,PAYMENT_STATUS,IS_CANCELED,CANCEL_DATE,ORDER_ID,DONATION_ID,USER_ID,USED_POINT,MEMBERSHIP_ID) values (401,'free_order_1744534172263','상품 구매 포인트 결제',26000,'point_only',null,null,to_timestamp('25/04/13 17:49:32.000000000','RR/MM/DD HH24:MI:SSXFF'),'paid','N',null,381,null,'aa',26000,null);
Insert into SYSTEM.PAYMENT (PAYMENT_ID,PAYMENT_CODE,DESCRIPTION,AMOUNT,PAYMENT_METHOD,INSTALLMENT,SUBSCRIPTION_PERIOD,PAYMENT_DATE,PAYMENT_STATUS,IS_CANCELED,CANCEL_DATE,ORDER_ID,DONATION_ID,USER_ID,USED_POINT,MEMBERSHIP_ID) values (369,'point_donation_1744362515208','동물자유연대 후원 포인트 결제',1000,'point_only',null,null,to_timestamp('25/04/11 18:08:36.000000000','RR/MM/DD HH24:MI:SSXFF'),'paid','N',null,null,125,'aa',1000,null);
Insert into SYSTEM.PAYMENT (PAYMENT_ID,PAYMENT_CODE,DESCRIPTION,AMOUNT,PAYMENT_METHOD,INSTALLMENT,SUBSCRIPTION_PERIOD,PAYMENT_DATE,PAYMENT_STATUS,IS_CANCELED,CANCEL_DATE,ORDER_ID,DONATION_ID,USER_ID,USED_POINT,MEMBERSHIP_ID) values (371,'free_order_1744363193168','상품 구매 포인트 결제',8050,'point_only',null,null,to_timestamp('25/04/11 18:19:54.000000000','RR/MM/DD HH24:MI:SSXFF'),'paid','N',null,365,null,'aa',8050,null);
Insert into SYSTEM.PAYMENT (PAYMENT_ID,PAYMENT_CODE,DESCRIPTION,AMOUNT,PAYMENT_METHOD,INSTALLMENT,SUBSCRIPTION_PERIOD,PAYMENT_DATE,PAYMENT_STATUS,IS_CANCELED,CANCEL_DATE,ORDER_ID,DONATION_ID,USER_ID,USED_POINT,MEMBERSHIP_ID) values (376,'membership_1744366304063','멍냥꽁냥6개월 멤버십',100,'card-우리카드',0,6,to_timestamp('25/04/11 19:12:06.000000000','RR/MM/DD HH24:MI:SSXFF'),'paid','N',null,369,null,'as789',null,68);
Insert into SYSTEM.PAYMENT (PAYMENT_ID,PAYMENT_CODE,DESCRIPTION,AMOUNT,PAYMENT_METHOD,INSTALLMENT,SUBSCRIPTION_PERIOD,PAYMENT_DATE,PAYMENT_STATUS,IS_CANCELED,CANCEL_DATE,ORDER_ID,DONATION_ID,USER_ID,USED_POINT,MEMBERSHIP_ID) values (377,'membership_donation_1744366636874','동물자유연대 멤버십 후원 결제',5000,'membership_donate',null,null,to_timestamp('25/04/11 19:17:17.000000000','RR/MM/DD HH24:MI:SSXFF'),'paid','N',null,null,128,'as789',0,null);
Insert into SYSTEM.PAYMENT (PAYMENT_ID,PAYMENT_CODE,DESCRIPTION,AMOUNT,PAYMENT_METHOD,INSTALLMENT,SUBSCRIPTION_PERIOD,PAYMENT_DATE,PAYMENT_STATUS,IS_CANCELED,CANCEL_DATE,ORDER_ID,DONATION_ID,USER_ID,USED_POINT,MEMBERSHIP_ID) values (379,'point_donation_1744366760488','동물권행동 카라 후원 포인트 결제',1000000,'point_only',null,null,to_timestamp('25/04/11 19:19:14.000000000','RR/MM/DD HH24:MI:SSXFF'),'paid','N',null,null,130,'dh112800',1000000,null);
Insert into SYSTEM.PAYMENT (PAYMENT_ID,PAYMENT_CODE,DESCRIPTION,AMOUNT,PAYMENT_METHOD,INSTALLMENT,SUBSCRIPTION_PERIOD,PAYMENT_DATE,PAYMENT_STATUS,IS_CANCELED,CANCEL_DATE,ORDER_ID,DONATION_ID,USER_ID,USED_POINT,MEMBERSHIP_ID) values (426,'free_order_1744610796488','상품 구매 포인트 결제',31500,'point_only',null,null,to_timestamp('25/04/14 15:06:36.000000000','RR/MM/DD HH24:MI:SSXFF'),'paid','N',null,405,null,'glodstone2',31500,null);
Insert into SYSTEM.PAYMENT (PAYMENT_ID,PAYMENT_CODE,DESCRIPTION,AMOUNT,PAYMENT_METHOD,INSTALLMENT,SUBSCRIPTION_PERIOD,PAYMENT_DATE,PAYMENT_STATUS,IS_CANCELED,CANCEL_DATE,ORDER_ID,DONATION_ID,USER_ID,USED_POINT,MEMBERSHIP_ID) values (428,'point_donation_1744610885501','사단법인 한국동물구조관리협회 후원 포인트 결제',1000,'point_only',null,null,to_timestamp('25/04/14 15:08:05.000000000','RR/MM/DD HH24:MI:SSXFF'),'paid','N',null,null,146,'as789',1000,null);
Insert into SYSTEM.PAYMENT (PAYMENT_ID,PAYMENT_CODE,DESCRIPTION,AMOUNT,PAYMENT_METHOD,INSTALLMENT,SUBSCRIPTION_PERIOD,PAYMENT_DATE,PAYMENT_STATUS,IS_CANCELED,CANCEL_DATE,ORDER_ID,DONATION_ID,USER_ID,USED_POINT,MEMBERSHIP_ID) values (430,'free_order_1744610938296','상품 구매 포인트 결제',270000,'point_only',null,null,to_timestamp('25/04/14 15:08:58.000000000','RR/MM/DD HH24:MI:SSXFF'),'paid','N',null,408,null,'glodstone2',270000,null);
Insert into SYSTEM.PAYMENT (PAYMENT_ID,PAYMENT_CODE,DESCRIPTION,AMOUNT,PAYMENT_METHOD,INSTALLMENT,SUBSCRIPTION_PERIOD,PAYMENT_DATE,PAYMENT_STATUS,IS_CANCELED,CANCEL_DATE,ORDER_ID,DONATION_ID,USER_ID,USED_POINT,MEMBERSHIP_ID) values (433,'point_donation_1744624110614','도그마루 민간동물보호시설 후원 포인트 결제',1000,'point_only',null,null,to_timestamp('25/04/14 18:48:31.000000000','RR/MM/DD HH24:MI:SSXFF'),'paid','N',null,null,147,'aa',1000,null);
Insert into SYSTEM.PAYMENT (PAYMENT_ID,PAYMENT_CODE,DESCRIPTION,AMOUNT,PAYMENT_METHOD,INSTALLMENT,SUBSCRIPTION_PERIOD,PAYMENT_DATE,PAYMENT_STATUS,IS_CANCELED,CANCEL_DATE,ORDER_ID,DONATION_ID,USER_ID,USED_POINT,MEMBERSHIP_ID) values (441,'membership_1744636466467','멍냥꽁냥1개월 멤버십',100,'card-현대카드',0,1,to_timestamp('25/04/14 22:14:51.000000000','RR/MM/DD HH24:MI:SSXFF'),'paid','N',null,415,null,'user1004',null,87);
Insert into SYSTEM.PAYMENT (PAYMENT_ID,PAYMENT_CODE,DESCRIPTION,AMOUNT,PAYMENT_METHOD,INSTALLMENT,SUBSCRIPTION_PERIOD,PAYMENT_DATE,PAYMENT_STATUS,IS_CANCELED,CANCEL_DATE,ORDER_ID,DONATION_ID,USER_ID,USED_POINT,MEMBERSHIP_ID) values (483,'free_order_1744683371863','상품 구매 포인트 결제',14000,'point_only',null,null,to_timestamp('25/04/15 11:16:13.000000000','RR/MM/DD HH24:MI:SSXFF'),'paid','N',null,439,null,'gyodong',14000,null);
Insert into SYSTEM.PAYMENT (PAYMENT_ID,PAYMENT_CODE,DESCRIPTION,AMOUNT,PAYMENT_METHOD,INSTALLMENT,SUBSCRIPTION_PERIOD,PAYMENT_DATE,PAYMENT_STATUS,IS_CANCELED,CANCEL_DATE,ORDER_ID,DONATION_ID,USER_ID,USED_POINT,MEMBERSHIP_ID) values (490,'membership_1744694871749','멍냥꽁냥1개월 멤버십',100,'point',0,1,to_timestamp('25/04/15 14:28:16.000000000','RR/MM/DD HH24:MI:SSXFF'),'paid','N',null,442,null,'gyodong',null,103);
Insert into SYSTEM.PAYMENT (PAYMENT_ID,PAYMENT_CODE,DESCRIPTION,AMOUNT,PAYMENT_METHOD,INSTALLMENT,SUBSCRIPTION_PERIOD,PAYMENT_DATE,PAYMENT_STATUS,IS_CANCELED,CANCEL_DATE,ORDER_ID,DONATION_ID,USER_ID,USED_POINT,MEMBERSHIP_ID) values (362,'membership_donation_1744358931733','사단법인 한국동물구조관리협회 멤버십 후원 결제',5000,'membership_donate',null,null,to_timestamp('25/04/11 17:08:52.000000000','RR/MM/DD HH24:MI:SSXFF'),'paid','N',null,null,121,'suika',0,null);
Insert into SYSTEM.PAYMENT (PAYMENT_ID,PAYMENT_CODE,DESCRIPTION,AMOUNT,PAYMENT_METHOD,INSTALLMENT,SUBSCRIPTION_PERIOD,PAYMENT_DATE,PAYMENT_STATUS,IS_CANCELED,CANCEL_DATE,ORDER_ID,DONATION_ID,USER_ID,USED_POINT,MEMBERSHIP_ID) values (365,'merchant_1744359226956','동물자유연대 후원 결제',1000,'point',0,null,to_timestamp('25/04/11 17:14:20.000000000','RR/MM/DD HH24:MI:SSXFF'),'paid','N',null,null,123,'suika',0,null);
Insert into SYSTEM.PAYMENT (PAYMENT_ID,PAYMENT_CODE,DESCRIPTION,AMOUNT,PAYMENT_METHOD,INSTALLMENT,SUBSCRIPTION_PERIOD,PAYMENT_DATE,PAYMENT_STATUS,IS_CANCELED,CANCEL_DATE,ORDER_ID,DONATION_ID,USER_ID,USED_POINT,MEMBERSHIP_ID) values (378,'point_donation_1744366717704','종합 유기견 보호센터 후원 포인트 결제',500000,'point_only',null,null,to_timestamp('25/04/11 19:18:31.000000000','RR/MM/DD HH24:MI:SSXFF'),'paid','N',null,null,129,'dh112800',500000,null);
Insert into SYSTEM.PAYMENT (PAYMENT_ID,PAYMENT_CODE,DESCRIPTION,AMOUNT,PAYMENT_METHOD,INSTALLMENT,SUBSCRIPTION_PERIOD,PAYMENT_DATE,PAYMENT_STATUS,IS_CANCELED,CANCEL_DATE,ORDER_ID,DONATION_ID,USER_ID,USED_POINT,MEMBERSHIP_ID) values (421,'merchant_1744593236982','상품 구매 결제',2090,'card-우리카드',0,null,to_timestamp('25/04/14 10:14:27.000000000','RR/MM/DD HH24:MI:SSXFF'),'paid','N',null,401,null,'as789',0,null);
Insert into SYSTEM.PAYMENT (PAYMENT_ID,PAYMENT_CODE,DESCRIPTION,AMOUNT,PAYMENT_METHOD,INSTALLMENT,SUBSCRIPTION_PERIOD,PAYMENT_DATE,PAYMENT_STATUS,IS_CANCELED,CANCEL_DATE,ORDER_ID,DONATION_ID,USER_ID,USED_POINT,MEMBERSHIP_ID) values (424,'point_donation_1744610473726','동물자유연대 후원 포인트 결제',1000,'point_only',null,null,to_timestamp('25/04/14 15:01:14.000000000','RR/MM/DD HH24:MI:SSXFF'),'paid','N',null,null,145,'as789',1000,null);
Insert into SYSTEM.PAYMENT (PAYMENT_ID,PAYMENT_CODE,DESCRIPTION,AMOUNT,PAYMENT_METHOD,INSTALLMENT,SUBSCRIPTION_PERIOD,PAYMENT_DATE,PAYMENT_STATUS,IS_CANCELED,CANCEL_DATE,ORDER_ID,DONATION_ID,USER_ID,USED_POINT,MEMBERSHIP_ID) values (436,'membership_1744635682011','멍냥꽁냥1개월 멤버십',100,'card-현대카드',0,1,to_timestamp('25/04/14 22:01:53.000000000','RR/MM/DD HH24:MI:SSXFF'),'paid','N',null,412,null,'user1004',null,84);
Insert into SYSTEM.PAYMENT (PAYMENT_ID,PAYMENT_CODE,DESCRIPTION,AMOUNT,PAYMENT_METHOD,INSTALLMENT,SUBSCRIPTION_PERIOD,PAYMENT_DATE,PAYMENT_STATUS,IS_CANCELED,CANCEL_DATE,ORDER_ID,DONATION_ID,USER_ID,USED_POINT,MEMBERSHIP_ID) values (439,'membership_1744636267842','멍냥꽁냥1개월 멤버십',100,'card-현대카드',0,1,to_timestamp('25/04/14 22:11:29.000000000','RR/MM/DD HH24:MI:SSXFF'),'paid','N',null,414,null,'user1004',null,86);
Insert into SYSTEM.PAYMENT (PAYMENT_ID,PAYMENT_CODE,DESCRIPTION,AMOUNT,PAYMENT_METHOD,INSTALLMENT,SUBSCRIPTION_PERIOD,PAYMENT_DATE,PAYMENT_STATUS,IS_CANCELED,CANCEL_DATE,ORDER_ID,DONATION_ID,USER_ID,USED_POINT,MEMBERSHIP_ID) values (440,'point_donation_1744636405991','도그마루 민간동물보호시설 후원 포인트 결제',5000,'point_only',null,null,to_timestamp('25/04/14 22:13:25.000000000','RR/MM/DD HH24:MI:SSXFF'),'paid','N',null,null,150,'user1004',5000,null);
Insert into SYSTEM.PAYMENT (PAYMENT_ID,PAYMENT_CODE,DESCRIPTION,AMOUNT,PAYMENT_METHOD,INSTALLMENT,SUBSCRIPTION_PERIOD,PAYMENT_DATE,PAYMENT_STATUS,IS_CANCELED,CANCEL_DATE,ORDER_ID,DONATION_ID,USER_ID,USED_POINT,MEMBERSHIP_ID) values (442,'point_donation_1744636981940','동물자유연대 후원 포인트 결제',5000,'point_only',null,null,to_timestamp('25/04/14 22:23:01.000000000','RR/MM/DD HH24:MI:SSXFF'),'paid','N',null,null,151,'user1004',5000,null);
Insert into SYSTEM.PAYMENT (PAYMENT_ID,PAYMENT_CODE,DESCRIPTION,AMOUNT,PAYMENT_METHOD,INSTALLMENT,SUBSCRIPTION_PERIOD,PAYMENT_DATE,PAYMENT_STATUS,IS_CANCELED,CANCEL_DATE,ORDER_ID,DONATION_ID,USER_ID,USED_POINT,MEMBERSHIP_ID) values (461,'membership_1744677241489','멍냥꽁냥1개월 멤버십',100,'card-현대카드',0,1,to_timestamp('25/04/15 09:34:24.000000000','RR/MM/DD HH24:MI:SSXFF'),'paid','N',null,421,null,'user1004',null,89);
Insert into SYSTEM.PAYMENT (PAYMENT_ID,PAYMENT_CODE,DESCRIPTION,AMOUNT,PAYMENT_METHOD,INSTALLMENT,SUBSCRIPTION_PERIOD,PAYMENT_DATE,PAYMENT_STATUS,IS_CANCELED,CANCEL_DATE,ORDER_ID,DONATION_ID,USER_ID,USED_POINT,MEMBERSHIP_ID) values (462,'point_donation_1744677329169','종합 유기견 보호센터 후원 포인트 결제',10000,'point_only',null,null,to_timestamp('25/04/15 09:35:28.000000000','RR/MM/DD HH24:MI:SSXFF'),'paid','N',null,null,161,'user1004',10000,null);
Insert into SYSTEM.PAYMENT (PAYMENT_ID,PAYMENT_CODE,DESCRIPTION,AMOUNT,PAYMENT_METHOD,INSTALLMENT,SUBSCRIPTION_PERIOD,PAYMENT_DATE,PAYMENT_STATUS,IS_CANCELED,CANCEL_DATE,ORDER_ID,DONATION_ID,USER_ID,USED_POINT,MEMBERSHIP_ID) values (467,'membership_1744679144821','멍냥꽁냥1개월 멤버십',100,'card-현대카드',0,1,to_timestamp('25/04/15 10:06:19.000000000','RR/MM/DD HH24:MI:SSXFF'),'paid','N',null,424,null,'user1004',null,93);
Insert into SYSTEM.PAYMENT (PAYMENT_ID,PAYMENT_CODE,DESCRIPTION,AMOUNT,PAYMENT_METHOD,INSTALLMENT,SUBSCRIPTION_PERIOD,PAYMENT_DATE,PAYMENT_STATUS,IS_CANCELED,CANCEL_DATE,ORDER_ID,DONATION_ID,USER_ID,USED_POINT,MEMBERSHIP_ID) values (473,'point_donation_1744679826138','동물권행동 카라 후원 포인트 결제',5000,'point_only',null,null,to_timestamp('25/04/15 10:17:04.000000000','RR/MM/DD HH24:MI:SSXFF'),'paid','N',null,null,164,'user1004',5000,null);
Insert into SYSTEM.PAYMENT (PAYMENT_ID,PAYMENT_CODE,DESCRIPTION,AMOUNT,PAYMENT_METHOD,INSTALLMENT,SUBSCRIPTION_PERIOD,PAYMENT_DATE,PAYMENT_STATUS,IS_CANCELED,CANCEL_DATE,ORDER_ID,DONATION_ID,USER_ID,USED_POINT,MEMBERSHIP_ID) values (478,'membership_1744681523228','멍냥꽁냥1개월 멤버십',100,'point',0,1,to_timestamp('25/04/15 10:46:13.000000000','RR/MM/DD HH24:MI:SSXFF'),'paid','N',null,434,null,'user1004',null,102);
Insert into SYSTEM.PAYMENT (PAYMENT_ID,PAYMENT_CODE,DESCRIPTION,AMOUNT,PAYMENT_METHOD,INSTALLMENT,SUBSCRIPTION_PERIOD,PAYMENT_DATE,PAYMENT_STATUS,IS_CANCELED,CANCEL_DATE,ORDER_ID,DONATION_ID,USER_ID,USED_POINT,MEMBERSHIP_ID) values (479,'free_order_1744683180459','상품 구매 포인트 결제',2100,'point_only',null,null,to_timestamp('25/04/15 11:13:02.000000000','RR/MM/DD HH24:MI:SSXFF'),'paid','N',null,435,null,'gyodong',2100,null);
Insert into SYSTEM.PAYMENT (PAYMENT_ID,PAYMENT_CODE,DESCRIPTION,AMOUNT,PAYMENT_METHOD,INSTALLMENT,SUBSCRIPTION_PERIOD,PAYMENT_DATE,PAYMENT_STATUS,IS_CANCELED,CANCEL_DATE,ORDER_ID,DONATION_ID,USER_ID,USED_POINT,MEMBERSHIP_ID) values (480,'free_order_1744683305861','상품 구매 포인트 결제',7000,'point_only',null,null,to_timestamp('25/04/15 11:15:07.000000000','RR/MM/DD HH24:MI:SSXFF'),'paid','N',null,436,null,'gyodong',7000,null);
Insert into SYSTEM.PAYMENT (PAYMENT_ID,PAYMENT_CODE,DESCRIPTION,AMOUNT,PAYMENT_METHOD,INSTALLMENT,SUBSCRIPTION_PERIOD,PAYMENT_DATE,PAYMENT_STATUS,IS_CANCELED,CANCEL_DATE,ORDER_ID,DONATION_ID,USER_ID,USED_POINT,MEMBERSHIP_ID) values (492,'membership_1744699838309','멍냥꽁냥1개월 멤버십',100,'point',0,1,to_timestamp('25/04/15 15:51:04.000000000','RR/MM/DD HH24:MI:SSXFF'),'paid','N',null,443,null,'gyodong',null,104);
Insert into SYSTEM.PAYMENT (PAYMENT_ID,PAYMENT_CODE,DESCRIPTION,AMOUNT,PAYMENT_METHOD,INSTALLMENT,SUBSCRIPTION_PERIOD,PAYMENT_DATE,PAYMENT_STATUS,IS_CANCELED,CANCEL_DATE,ORDER_ID,DONATION_ID,USER_ID,USED_POINT,MEMBERSHIP_ID) values (495,'free_order_1744701779479','상품 구매 포인트 결제',2144,'point_only',null,null,to_timestamp('25/04/15 16:22:59.000000000','RR/MM/DD HH24:MI:SSXFF'),'paid','N',null,445,null,'aa',2144,null);
Insert into SYSTEM.PAYMENT (PAYMENT_ID,PAYMENT_CODE,DESCRIPTION,AMOUNT,PAYMENT_METHOD,INSTALLMENT,SUBSCRIPTION_PERIOD,PAYMENT_DATE,PAYMENT_STATUS,IS_CANCELED,CANCEL_DATE,ORDER_ID,DONATION_ID,USER_ID,USED_POINT,MEMBERSHIP_ID) values (368,'membership_donation_1744362183514','사단법인 한국동물구조관리협회 멤버십 후원 결제',5000,'membership_donate',null,null,to_timestamp('25/04/11 18:03:04.000000000','RR/MM/DD HH24:MI:SSXFF'),'paid','N',null,null,124,'glodstone2',0,null);
Insert into SYSTEM.PAYMENT (PAYMENT_ID,PAYMENT_CODE,DESCRIPTION,AMOUNT,PAYMENT_METHOD,INSTALLMENT,SUBSCRIPTION_PERIOD,PAYMENT_DATE,PAYMENT_STATUS,IS_CANCELED,CANCEL_DATE,ORDER_ID,DONATION_ID,USER_ID,USED_POINT,MEMBERSHIP_ID) values (374,'merchant_1744364910238','도그마루 민간동물보호시설 후원 결제',1000,'card-현대카드 + point',0,null,to_timestamp('25/04/11 18:49:00.000000000','RR/MM/DD HH24:MI:SSXFF'),'paid','N',null,null,127,'dh112800',100,null);
Insert into SYSTEM.PAYMENT (PAYMENT_ID,PAYMENT_CODE,DESCRIPTION,AMOUNT,PAYMENT_METHOD,INSTALLMENT,SUBSCRIPTION_PERIOD,PAYMENT_DATE,PAYMENT_STATUS,IS_CANCELED,CANCEL_DATE,ORDER_ID,DONATION_ID,USER_ID,USED_POINT,MEMBERSHIP_ID) values (423,'free_order_1744593424020','상품 구매 포인트 결제',2090,'point_only',null,null,to_timestamp('25/04/14 10:17:08.000000000','RR/MM/DD HH24:MI:SSXFF'),'paid','N',null,403,null,'as789',2090,null);
Insert into SYSTEM.PAYMENT (PAYMENT_ID,PAYMENT_CODE,DESCRIPTION,AMOUNT,PAYMENT_METHOD,INSTALLMENT,SUBSCRIPTION_PERIOD,PAYMENT_DATE,PAYMENT_STATUS,IS_CANCELED,CANCEL_DATE,ORDER_ID,DONATION_ID,USER_ID,USED_POINT,MEMBERSHIP_ID) values (427,'free_order_1744610825675','상품 구매 포인트 결제',225000,'point_only',null,null,to_timestamp('25/04/14 15:07:05.000000000','RR/MM/DD HH24:MI:SSXFF'),'paid','N',null,406,null,'glodstone2',225000,null);
Insert into SYSTEM.PAYMENT (PAYMENT_ID,PAYMENT_CODE,DESCRIPTION,AMOUNT,PAYMENT_METHOD,INSTALLMENT,SUBSCRIPTION_PERIOD,PAYMENT_DATE,PAYMENT_STATUS,IS_CANCELED,CANCEL_DATE,ORDER_ID,DONATION_ID,USER_ID,USED_POINT,MEMBERSHIP_ID) values (429,'free_order_1744610890237','상품 구매 포인트 결제',276390,'point_only',null,null,to_timestamp('25/04/14 15:08:10.000000000','RR/MM/DD HH24:MI:SSXFF'),'paid','N',null,407,null,'glodstone2',276390,null);
Insert into SYSTEM.PAYMENT (PAYMENT_ID,PAYMENT_CODE,DESCRIPTION,AMOUNT,PAYMENT_METHOD,INSTALLMENT,SUBSCRIPTION_PERIOD,PAYMENT_DATE,PAYMENT_STATUS,IS_CANCELED,CANCEL_DATE,ORDER_ID,DONATION_ID,USER_ID,USED_POINT,MEMBERSHIP_ID) values (432,'merchant_1744623988239','상품 구매 결제',2225,'point',0,null,to_timestamp('25/04/14 18:46:50.000000000','RR/MM/DD HH24:MI:SSXFF'),'paid','N',null,410,null,'aa',2000,null);
Insert into SYSTEM.PAYMENT (PAYMENT_ID,PAYMENT_CODE,DESCRIPTION,AMOUNT,PAYMENT_METHOD,INSTALLMENT,SUBSCRIPTION_PERIOD,PAYMENT_DATE,PAYMENT_STATUS,IS_CANCELED,CANCEL_DATE,ORDER_ID,DONATION_ID,USER_ID,USED_POINT,MEMBERSHIP_ID) values (445,'free_order_1744649853628','상품 구매 포인트 결제',2090,'point_only',null,null,to_timestamp('25/04/15 01:57:33.000000000','RR/MM/DD HH24:MI:SSXFF'),'paid','N',null,418,null,'aa',2090,null);
Insert into SYSTEM.PAYMENT (PAYMENT_ID,PAYMENT_CODE,DESCRIPTION,AMOUNT,PAYMENT_METHOD,INSTALLMENT,SUBSCRIPTION_PERIOD,PAYMENT_DATE,PAYMENT_STATUS,IS_CANCELED,CANCEL_DATE,ORDER_ID,DONATION_ID,USER_ID,USED_POINT,MEMBERSHIP_ID) values (463,'membership_1744677421540','멍냥꽁냥1개월 멤버십',100,'card-현대카드',0,1,to_timestamp('25/04/15 09:37:22.000000000','RR/MM/DD HH24:MI:SSXFF'),'paid','N',null,422,null,'user1004',null,90);
Insert into SYSTEM.PAYMENT (PAYMENT_ID,PAYMENT_CODE,DESCRIPTION,AMOUNT,PAYMENT_METHOD,INSTALLMENT,SUBSCRIPTION_PERIOD,PAYMENT_DATE,PAYMENT_STATUS,IS_CANCELED,CANCEL_DATE,ORDER_ID,DONATION_ID,USER_ID,USED_POINT,MEMBERSHIP_ID) values (465,'membership_1744679024066','멍냥꽁냥1개월 멤버십',100,'card-현대카드',0,1,to_timestamp('25/04/15 10:04:40.000000000','RR/MM/DD HH24:MI:SSXFF'),'paid','N',null,423,null,'user1004',null,92);
Insert into SYSTEM.PAYMENT (PAYMENT_ID,PAYMENT_CODE,DESCRIPTION,AMOUNT,PAYMENT_METHOD,INSTALLMENT,SUBSCRIPTION_PERIOD,PAYMENT_DATE,PAYMENT_STATUS,IS_CANCELED,CANCEL_DATE,ORDER_ID,DONATION_ID,USER_ID,USED_POINT,MEMBERSHIP_ID) values (469,'membership_1744679465364','멍냥꽁냥1개월 멤버십',100,'point',0,1,to_timestamp('25/04/15 10:11:45.000000000','RR/MM/DD HH24:MI:SSXFF'),'paid','N',null,426,null,'user1',null,95);
Insert into SYSTEM.PAYMENT (PAYMENT_ID,PAYMENT_CODE,DESCRIPTION,AMOUNT,PAYMENT_METHOD,INSTALLMENT,SUBSCRIPTION_PERIOD,PAYMENT_DATE,PAYMENT_STATUS,IS_CANCELED,CANCEL_DATE,ORDER_ID,DONATION_ID,USER_ID,USED_POINT,MEMBERSHIP_ID) values (470,'merchant_1744679589082','상품 구매 결제',2135,'card-우리카드 + point',0,null,to_timestamp('25/04/15 10:13:41.000000000','RR/MM/DD HH24:MI:SSXFF'),'paid','N',null,427,null,'as789',747,null);
Insert into SYSTEM.PAYMENT (PAYMENT_ID,PAYMENT_CODE,DESCRIPTION,AMOUNT,PAYMENT_METHOD,INSTALLMENT,SUBSCRIPTION_PERIOD,PAYMENT_DATE,PAYMENT_STATUS,IS_CANCELED,CANCEL_DATE,ORDER_ID,DONATION_ID,USER_ID,USED_POINT,MEMBERSHIP_ID) values (471,'membership_1744679646658','멍냥꽁냥1개월 멤버십',100,'point',0,1,to_timestamp('25/04/15 10:14:29.000000000','RR/MM/DD HH24:MI:SSXFF'),'paid','N',null,428,null,'user1',null,96);
Insert into SYSTEM.PAYMENT (PAYMENT_ID,PAYMENT_CODE,DESCRIPTION,AMOUNT,PAYMENT_METHOD,INSTALLMENT,SUBSCRIPTION_PERIOD,PAYMENT_DATE,PAYMENT_STATUS,IS_CANCELED,CANCEL_DATE,ORDER_ID,DONATION_ID,USER_ID,USED_POINT,MEMBERSHIP_ID) values (472,'membership_1744679783087','멍냥꽁냥1개월 멤버십',100,'point',0,1,to_timestamp('25/04/15 10:16:55.000000000','RR/MM/DD HH24:MI:SSXFF'),'paid','N',null,429,null,'user1',null,97);
Insert into SYSTEM.PAYMENT (PAYMENT_ID,PAYMENT_CODE,DESCRIPTION,AMOUNT,PAYMENT_METHOD,INSTALLMENT,SUBSCRIPTION_PERIOD,PAYMENT_DATE,PAYMENT_STATUS,IS_CANCELED,CANCEL_DATE,ORDER_ID,DONATION_ID,USER_ID,USED_POINT,MEMBERSHIP_ID) values (484,'free_order_1744683411706','상품 구매 포인트 결제',45000,'point_only',null,null,to_timestamp('25/04/15 11:16:53.000000000','RR/MM/DD HH24:MI:SSXFF'),'paid','N',null,440,null,'gyodong',45000,null);
Insert into SYSTEM.PAYMENT (PAYMENT_ID,PAYMENT_CODE,DESCRIPTION,AMOUNT,PAYMENT_METHOD,INSTALLMENT,SUBSCRIPTION_PERIOD,PAYMENT_DATE,PAYMENT_STATUS,IS_CANCELED,CANCEL_DATE,ORDER_ID,DONATION_ID,USER_ID,USED_POINT,MEMBERSHIP_ID) values (485,'point_donation_1744684638915','도그마루 민간동물보호시설 후원 포인트 결제',1000,'point_only',null,null,to_timestamp('25/04/15 11:37:20.000000000','RR/MM/DD HH24:MI:SSXFF'),'paid','N',null,null,165,'gyodong',1000,null);
Insert into SYSTEM.PAYMENT (PAYMENT_ID,PAYMENT_CODE,DESCRIPTION,AMOUNT,PAYMENT_METHOD,INSTALLMENT,SUBSCRIPTION_PERIOD,PAYMENT_DATE,PAYMENT_STATUS,IS_CANCELED,CANCEL_DATE,ORDER_ID,DONATION_ID,USER_ID,USED_POINT,MEMBERSHIP_ID) values (486,'point_donation_1744684697509','동물권행동 카라 후원 포인트 결제',3000,'point_only',null,null,to_timestamp('25/04/15 11:38:19.000000000','RR/MM/DD HH24:MI:SSXFF'),'paid','N',null,null,166,'gyodong',3000,null);
Insert into SYSTEM.PAYMENT (PAYMENT_ID,PAYMENT_CODE,DESCRIPTION,AMOUNT,PAYMENT_METHOD,INSTALLMENT,SUBSCRIPTION_PERIOD,PAYMENT_DATE,PAYMENT_STATUS,IS_CANCELED,CANCEL_DATE,ORDER_ID,DONATION_ID,USER_ID,USED_POINT,MEMBERSHIP_ID) values (487,'point_donation_1744685159134','동물자유연대 후원 포인트 결제',10450,'point_only',null,null,to_timestamp('25/04/15 11:46:00.000000000','RR/MM/DD HH24:MI:SSXFF'),'paid','N',null,null,167,'gyodong',10450,null);
Insert into SYSTEM.PAYMENT (PAYMENT_ID,PAYMENT_CODE,DESCRIPTION,AMOUNT,PAYMENT_METHOD,INSTALLMENT,SUBSCRIPTION_PERIOD,PAYMENT_DATE,PAYMENT_STATUS,IS_CANCELED,CANCEL_DATE,ORDER_ID,DONATION_ID,USER_ID,USED_POINT,MEMBERSHIP_ID) values (488,'free_order_1744687201839','상품 구매 포인트 결제',2225,'point_only',null,null,to_timestamp('25/04/15 12:20:02.000000000','RR/MM/DD HH24:MI:SSXFF'),'paid','N',null,441,null,'aa',2225,null);
Insert into SYSTEM.PAYMENT (PAYMENT_ID,PAYMENT_CODE,DESCRIPTION,AMOUNT,PAYMENT_METHOD,INSTALLMENT,SUBSCRIPTION_PERIOD,PAYMENT_DATE,PAYMENT_STATUS,IS_CANCELED,CANCEL_DATE,ORDER_ID,DONATION_ID,USER_ID,USED_POINT,MEMBERSHIP_ID) values (491,'point_donation_1744694917914','도그마루 민간동물보호시설 후원 포인트 결제',5000,'point_only',null,null,to_timestamp('25/04/15 14:28:37.000000000','RR/MM/DD HH24:MI:SSXFF'),'paid','N',null,null,169,'gyodong',5000,null);
Insert into SYSTEM.PAYMENT (PAYMENT_ID,PAYMENT_CODE,DESCRIPTION,AMOUNT,PAYMENT_METHOD,INSTALLMENT,SUBSCRIPTION_PERIOD,PAYMENT_DATE,PAYMENT_STATUS,IS_CANCELED,CANCEL_DATE,ORDER_ID,DONATION_ID,USER_ID,USED_POINT,MEMBERSHIP_ID) values (494,'membership_donation_1744700395325','도그마루 민간동물보호시설 멤버십 후원 결제',5000,'membership_donate',null,null,to_timestamp('25/04/15 15:59:55.000000000','RR/MM/DD HH24:MI:SSXFF'),'paid','N',null,null,170,'gyodong',0,null);
Insert into SYSTEM.PAYMENT (PAYMENT_ID,PAYMENT_CODE,DESCRIPTION,AMOUNT,PAYMENT_METHOD,INSTALLMENT,SUBSCRIPTION_PERIOD,PAYMENT_DATE,PAYMENT_STATUS,IS_CANCELED,CANCEL_DATE,ORDER_ID,DONATION_ID,USER_ID,USED_POINT,MEMBERSHIP_ID) values (496,'membership_1744765894401','멍냥꽁냥1개월 멤버십',100,'point',0,1,to_timestamp('25/04/16 10:11:56.000000000','RR/MM/DD HH24:MI:SSXFF'),'paid','N',null,446,null,'test1313',null,105);
Insert into SYSTEM.PAYMENT (PAYMENT_ID,PAYMENT_CODE,DESCRIPTION,AMOUNT,PAYMENT_METHOD,INSTALLMENT,SUBSCRIPTION_PERIOD,PAYMENT_DATE,PAYMENT_STATUS,IS_CANCELED,CANCEL_DATE,ORDER_ID,DONATION_ID,USER_ID,USED_POINT,MEMBERSHIP_ID) values (370,'merchant_1744362529446','동물자유연대 후원 결제',10000,'card-우리카드',0,null,to_timestamp('25/04/11 18:09:25.000000000','RR/MM/DD HH24:MI:SSXFF'),'paid','N',null,null,126,'as789',0,null);
Insert into SYSTEM.PAYMENT (PAYMENT_ID,PAYMENT_CODE,DESCRIPTION,AMOUNT,PAYMENT_METHOD,INSTALLMENT,SUBSCRIPTION_PERIOD,PAYMENT_DATE,PAYMENT_STATUS,IS_CANCELED,CANCEL_DATE,ORDER_ID,DONATION_ID,USER_ID,USED_POINT,MEMBERSHIP_ID) values (375,'membership_1744365739550','멍냥꽁냥1개월 멤버십',100,'point',0,1,to_timestamp('25/04/11 19:02:48.000000000','RR/MM/DD HH24:MI:SSXFF'),'paid','N',null,368,null,'coongya',null,66);
REM INSERTING into SYSTEM.POINT
SET DEFINE OFF;
Insert into SYSTEM.POINT (POINT_ID,USAGE_DATE,USE_POINT,CURRENT_POINT,REMARKS,USER_ID) values (416,to_timestamp('25/04/11 17:52:25.000000000','RR/MM/DD HH24:MI:SSXFF'),-2,0,'수의사 상담 point 차감','glodstone2');
Insert into SYSTEM.POINT (POINT_ID,USAGE_DATE,USE_POINT,CURRENT_POINT,REMARKS,USER_ID) values (419,to_timestamp('25/04/11 18:01:19.000000000','RR/MM/DD HH24:MI:SSXFF'),50000,50000,'관리자에 의한 포인트 수정','coongya');
Insert into SYSTEM.POINT (POINT_ID,USAGE_DATE,USE_POINT,CURRENT_POINT,REMARKS,USER_ID) values (423,to_timestamp('25/04/11 18:19:08.000000000','RR/MM/DD HH24:MI:SSXFF'),1000,51000,'수의사 상담 point 적립','coongya');
Insert into SYSTEM.POINT (POINT_ID,USAGE_DATE,USE_POINT,CURRENT_POINT,REMARKS,USER_ID) values (424,to_timestamp('25/04/11 18:19:54.000000000','RR/MM/DD HH24:MI:SSXFF'),-8050,39950,'상품 구매 시 포인트 사용','aa');
Insert into SYSTEM.POINT (POINT_ID,USAGE_DATE,USE_POINT,CURRENT_POINT,REMARKS,USER_ID) values (425,to_timestamp('25/04/11 18:19:55.000000000','RR/MM/DD HH24:MI:SSXFF'),302,40252,'결제 적립 포인트','aa');
Insert into SYSTEM.POINT (POINT_ID,USAGE_DATE,USE_POINT,CURRENT_POINT,REMARKS,USER_ID) values (426,to_timestamp('25/04/11 18:21:22.000000000','RR/MM/DD HH24:MI:SSXFF'),-1111,39141,'수의사 상담 point 차감','aa');
Insert into SYSTEM.POINT (POINT_ID,USAGE_DATE,USE_POINT,CURRENT_POINT,REMARKS,USER_ID) values (427,to_timestamp('25/04/11 18:24:53.000000000','RR/MM/DD HH24:MI:SSXFF'),-2150,36991,'상품 구매 시 포인트 사용','aa');
Insert into SYSTEM.POINT (POINT_ID,USAGE_DATE,USE_POINT,CURRENT_POINT,REMARKS,USER_ID) values (430,to_timestamp('25/04/11 18:27:59.000000000','RR/MM/DD HH24:MI:SSXFF'),2,914,'결제 적립 포인트','dh112800');
Insert into SYSTEM.POINT (POINT_ID,USAGE_DATE,USE_POINT,CURRENT_POINT,REMARKS,USER_ID) values (431,to_timestamp('25/04/11 18:49:00.000000000','RR/MM/DD HH24:MI:SSXFF'),-100,814,'후원 시 포인트 사용','dh112800');
Insert into SYSTEM.POINT (POINT_ID,USAGE_DATE,USE_POINT,CURRENT_POINT,REMARKS,USER_ID) values (441,to_timestamp('25/04/11 19:17:05.000000000','RR/MM/DD HH24:MI:SSXFF'),10000000,10000814,'관리자에 의한 포인트 수정','dh112800');
Insert into SYSTEM.POINT (POINT_ID,USAGE_DATE,USE_POINT,CURRENT_POINT,REMARKS,USER_ID) values (444,to_timestamp('25/04/11 19:19:38.000000000','RR/MM/DD HH24:MI:SSXFF'),-5000000,3500814,'후원 시 포인트 사용','dh112800');
Insert into SYSTEM.POINT (POINT_ID,USAGE_DATE,USE_POINT,CURRENT_POINT,REMARKS,USER_ID) values (447,to_timestamp('25/04/11 19:25:32.000000000','RR/MM/DD HH24:MI:SSXFF'),-3000000,2000000,'후원 시 포인트 사용','user1004');
Insert into SYSTEM.POINT (POINT_ID,USAGE_DATE,USE_POINT,CURRENT_POINT,REMARKS,USER_ID) values (463,to_timestamp('25/04/14 10:00:54.000000000','RR/MM/DD HH24:MI:SSXFF'),0,0,'유저 포인트 정보 생성','user1');
Insert into SYSTEM.POINT (POINT_ID,USAGE_DATE,USE_POINT,CURRENT_POINT,REMARKS,USER_ID) values (472,to_timestamp('25/04/14 14:45:41.000000000','RR/MM/DD HH24:MI:SSXFF'),0,0,'유저 포인트 정보 생성','test01');
Insert into SYSTEM.POINT (POINT_ID,USAGE_DATE,USE_POINT,CURRENT_POINT,REMARKS,USER_ID) values (473,to_timestamp('25/04/14 14:52:46.000000000','RR/MM/DD HH24:MI:SSXFF'),-300,98699,'수의사 상담 point 차감','coongya');
Insert into SYSTEM.POINT (POINT_ID,USAGE_DATE,USE_POINT,CURRENT_POINT,REMARKS,USER_ID) values (487,to_timestamp('25/04/14 15:07:06.000000000','RR/MM/DD HH24:MI:SSXFF'),11250,753897,'결제 적립 포인트','glodstone2');
Insert into SYSTEM.POINT (POINT_ID,USAGE_DATE,USE_POINT,CURRENT_POINT,REMARKS,USER_ID) values (491,to_timestamp('25/04/14 15:08:55.000000000','RR/MM/DD HH24:MI:SSXFF'),-111,10777,'수의사 상담 point 차감','aa');
Insert into SYSTEM.POINT (POINT_ID,USAGE_DATE,USE_POINT,CURRENT_POINT,REMARKS,USER_ID) values (498,to_timestamp('25/04/14 18:00:29.000000000','RR/MM/DD HH24:MI:SSXFF'),-666,10000,'수의사 상담 point 차감','aa');
Insert into SYSTEM.POINT (POINT_ID,USAGE_DATE,USE_POINT,CURRENT_POINT,REMARKS,USER_ID) values (499,to_timestamp('25/04/14 18:15:38.000000000','RR/MM/DD HH24:MI:SSXFF'),0,0,'수의사 상담 point 차감','user1');
Insert into SYSTEM.POINT (POINT_ID,USAGE_DATE,USE_POINT,CURRENT_POINT,REMARKS,USER_ID) values (504,to_timestamp('25/04/14 18:48:31.000000000','RR/MM/DD HH24:MI:SSXFF'),-1000,6011,'후원 시 포인트 사용','aa');
Insert into SYSTEM.POINT (POINT_ID,USAGE_DATE,USE_POINT,CURRENT_POINT,REMARKS,USER_ID) values (505,to_timestamp('25/04/14 18:55:38.000000000','RR/MM/DD HH24:MI:SSXFF'),0,0,'수의사 상담 point 차감','test1234');
Insert into SYSTEM.POINT (POINT_ID,USAGE_DATE,USE_POINT,CURRENT_POINT,REMARKS,USER_ID) values (512,to_timestamp('25/04/14 19:24:53.000000000','RR/MM/DD HH24:MI:SSXFF'),0,96330,'수의사 상담 point 적립','coongya');
Insert into SYSTEM.POINT (POINT_ID,USAGE_DATE,USE_POINT,CURRENT_POINT,REMARKS,USER_ID) values (517,to_timestamp('25/04/14 22:11:29.000000000','RR/MM/DD HH24:MI:SSXFF'),5000,5000,'멤버십 가입시 적립 포인트','user1004');
Insert into SYSTEM.POINT (POINT_ID,USAGE_DATE,USE_POINT,CURRENT_POINT,REMARKS,USER_ID) values (519,to_timestamp('25/04/14 22:14:51.000000000','RR/MM/DD HH24:MI:SSXFF'),5000,5000,'멤버십 가입시 적립 포인트','user1004');
Insert into SYSTEM.POINT (POINT_ID,USAGE_DATE,USE_POINT,CURRENT_POINT,REMARKS,USER_ID) values (521,to_timestamp('25/04/14 22:23:44.000000000','RR/MM/DD HH24:MI:SSXFF'),5000,5000,'멤버십 가입시 적립 포인트','user1004');
Insert into SYSTEM.POINT (POINT_ID,USAGE_DATE,USE_POINT,CURRENT_POINT,REMARKS,USER_ID) values (523,to_timestamp('25/04/15 01:53:32.000000000','RR/MM/DD HH24:MI:SSXFF'),4,1925,'결제 적립 포인트','aa');
Insert into SYSTEM.POINT (POINT_ID,USAGE_DATE,USE_POINT,CURRENT_POINT,REMARKS,USER_ID) values (525,to_timestamp('25/04/15 01:57:33.000000000','RR/MM/DD HH24:MI:SSXFF'),-2090,99835,'상품 구매 시 포인트 사용','aa');
Insert into SYSTEM.POINT (POINT_ID,USAGE_DATE,USE_POINT,CURRENT_POINT,REMARKS,USER_ID) values (549,to_timestamp('25/04/15 10:08:36.000000000','RR/MM/DD HH24:MI:SSXFF'),5000,200923,'멤버십 가입시 적립 포인트','glodstone2');
Insert into SYSTEM.POINT (POINT_ID,USAGE_DATE,USE_POINT,CURRENT_POINT,REMARKS,USER_ID) values (554,to_timestamp('25/04/15 10:16:55.000000000','RR/MM/DD HH24:MI:SSXFF'),5000,15000,'멤버십 가입시 적립 포인트','user1');
Insert into SYSTEM.POINT (POINT_ID,USAGE_DATE,USE_POINT,CURRENT_POINT,REMARKS,USER_ID) values (566,to_timestamp('25/04/15 11:15:07.000000000','RR/MM/DD HH24:MI:SSXFF'),250,91150,'결제 적립 포인트','gyodong');
Insert into SYSTEM.POINT (POINT_ID,USAGE_DATE,USE_POINT,CURRENT_POINT,REMARKS,USER_ID) values (581,to_timestamp('25/04/15 12:20:02.000000000','RR/MM/DD HH24:MI:SSXFF'),11,97625,'결제 적립 포인트','aa');
Insert into SYSTEM.POINT (POINT_ID,USAGE_DATE,USE_POINT,CURRENT_POINT,REMARKS,USER_ID) values (583,to_timestamp('25/04/15 12:40:21.000000000','RR/MM/DD HH24:MI:SSXFF'),0,15000,'수의사 상담 point 차감','user1');
Insert into SYSTEM.POINT (POINT_ID,USAGE_DATE,USE_POINT,CURRENT_POINT,REMARKS,USER_ID) values (584,to_timestamp('25/04/15 12:42:06.000000000','RR/MM/DD HH24:MI:SSXFF'),0,87625,'수의사 상담 point 적립','aa');
Insert into SYSTEM.POINT (POINT_ID,USAGE_DATE,USE_POINT,CURRENT_POINT,REMARKS,USER_ID) values (409,to_timestamp('25/04/11 17:06:09.000000000','RR/MM/DD HH24:MI:SSXFF'),2,2,'결제 적립 포인트','glodstone2');
Insert into SYSTEM.POINT (POINT_ID,USAGE_DATE,USE_POINT,CURRENT_POINT,REMARKS,USER_ID) values (414,to_timestamp('25/04/11 17:51:55.000000000','RR/MM/DD HH24:MI:SSXFF'),-2045,2955,'상품 구매 시 포인트 사용','dh112800');
Insert into SYSTEM.POINT (POINT_ID,USAGE_DATE,USE_POINT,CURRENT_POINT,REMARKS,USER_ID) values (585,to_timestamp('25/04/15 14:28:16.000000000','RR/MM/DD HH24:MI:SSXFF'),5000,5000,'멤버십 가입시 적립 포인트','gyodong');
Insert into SYSTEM.POINT (POINT_ID,USAGE_DATE,USE_POINT,CURRENT_POINT,REMARKS,USER_ID) values (586,to_timestamp('25/04/15 14:28:37.000000000','RR/MM/DD HH24:MI:SSXFF'),-5000,0,'후원 시 포인트 사용','gyodong');
Insert into SYSTEM.POINT (POINT_ID,USAGE_DATE,USE_POINT,CURRENT_POINT,REMARKS,USER_ID) values (588,to_timestamp('25/04/15 15:51:04.000000000','RR/MM/DD HH24:MI:SSXFF'),5000,5000,'멤버십 가입시 적립 포인트','gyodong');
Insert into SYSTEM.POINT (POINT_ID,USAGE_DATE,USE_POINT,CURRENT_POINT,REMARKS,USER_ID) values (591,to_timestamp('25/04/15 16:04:02.000000000','RR/MM/DD HH24:MI:SSXFF'),-1000,3000,'수의사 상담 point 차감','gyodong');
Insert into SYSTEM.POINT (POINT_ID,USAGE_DATE,USE_POINT,CURRENT_POINT,REMARKS,USER_ID) values (597,to_timestamp('25/04/16 10:11:56.000000000','RR/MM/DD HH24:MI:SSXFF'),5000,5000,'멤버십 가입시 적립 포인트','test1313');
Insert into SYSTEM.POINT (POINT_ID,USAGE_DATE,USE_POINT,CURRENT_POINT,REMARKS,USER_ID) values (601,to_timestamp('25/04/16 10:46:40.000000000','RR/MM/DD HH24:MI:SSXFF'),1000,87488,'수의사 상담 point 적립','aa');
Insert into SYSTEM.POINT (POINT_ID,USAGE_DATE,USE_POINT,CURRENT_POINT,REMARKS,USER_ID) values (602,to_timestamp('25/04/16 10:51:48.000000000','RR/MM/DD HH24:MI:SSXFF'),1000,5004,'관리자에 의한 포인트 수정','test1313');
Insert into SYSTEM.POINT (POINT_ID,USAGE_DATE,USE_POINT,CURRENT_POINT,REMARKS,USER_ID) values (413,to_timestamp('25/04/11 17:48:52.000000000','RR/MM/DD HH24:MI:SSXFF'),5000,5000,'멤버십 가입시 적립 포인트','dh112800');
Insert into SYSTEM.POINT (POINT_ID,USAGE_DATE,USE_POINT,CURRENT_POINT,REMARKS,USER_ID) values (415,to_timestamp('25/04/11 17:51:57.000000000','RR/MM/DD HH24:MI:SSXFF'),2,2957,'결제 적립 포인트','dh112800');
Insert into SYSTEM.POINT (POINT_ID,USAGE_DATE,USE_POINT,CURRENT_POINT,REMARKS,USER_ID) values (428,to_timestamp('25/04/11 18:24:54.000000000','RR/MM/DD HH24:MI:SSXFF'),7,36998,'결제 적립 포인트','aa');
Insert into SYSTEM.POINT (POINT_ID,USAGE_DATE,USE_POINT,CURRENT_POINT,REMARKS,USER_ID) values (435,to_timestamp('25/04/11 19:04:43.000000000','RR/MM/DD HH24:MI:SSXFF'),44000,0,'관리자에 의한 포인트 수정','coongya');
Insert into SYSTEM.POINT (POINT_ID,USAGE_DATE,USE_POINT,CURRENT_POINT,REMARKS,USER_ID) values (439,to_timestamp('25/04/11 19:12:06.000000000','RR/MM/DD HH24:MI:SSXFF'),5000,5000,'멤버십 가입시 적립 포인트','as789');
Insert into SYSTEM.POINT (POINT_ID,USAGE_DATE,USE_POINT,CURRENT_POINT,REMARKS,USER_ID) values (440,to_timestamp('25/04/11 19:13:07.000000000','RR/MM/DD HH24:MI:SSXFF'),1,36999,'수의사 상담 point 적립','aa');
Insert into SYSTEM.POINT (POINT_ID,USAGE_DATE,USE_POINT,CURRENT_POINT,REMARKS,USER_ID) values (464,to_timestamp('25/04/14 10:09:12.000000000','RR/MM/DD HH24:MI:SSXFF'),0,0,'수의사 상담 point 차감','user1');
Insert into SYSTEM.POINT (POINT_ID,USAGE_DATE,USE_POINT,CURRENT_POINT,REMARKS,USER_ID) values (465,to_timestamp('25/04/14 10:14:29.000000000','RR/MM/DD HH24:MI:SSXFF'),4,5004,'결제 적립 포인트','as789');
Insert into SYSTEM.POINT (POINT_ID,USAGE_DATE,USE_POINT,CURRENT_POINT,REMARKS,USER_ID) values (467,to_timestamp('25/04/14 10:16:16.000000000','RR/MM/DD HH24:MI:SSXFF'),9,4833,'결제 적립 포인트','as789');
Insert into SYSTEM.POINT (POINT_ID,USAGE_DATE,USE_POINT,CURRENT_POINT,REMARKS,USER_ID) values (469,to_timestamp('25/04/14 10:17:09.000000000','RR/MM/DD HH24:MI:SSXFF'),4,2747,'결제 적립 포인트','as789');
Insert into SYSTEM.POINT (POINT_ID,USAGE_DATE,USE_POINT,CURRENT_POINT,REMARKS,USER_ID) values (471,to_timestamp('25/04/14 13:19:46.000000000','RR/MM/DD HH24:MI:SSXFF'),-1000,98999,'수의사 상담 point 차감','coongya');
Insert into SYSTEM.POINT (POINT_ID,USAGE_DATE,USE_POINT,CURRENT_POINT,REMARKS,USER_ID) values (479,to_timestamp('25/04/14 15:01:14.000000000','RR/MM/DD HH24:MI:SSXFF'),-1000,1747,'후원 시 포인트 사용','as789');
Insert into SYSTEM.POINT (POINT_ID,USAGE_DATE,USE_POINT,CURRENT_POINT,REMARKS,USER_ID) values (481,to_timestamp('25/04/14 15:03:46.000000000','RR/MM/DD HH24:MI:SSXFF'),-123,97330,'수의사 상담 point 차감','coongya');
Insert into SYSTEM.POINT (POINT_ID,USAGE_DATE,USE_POINT,CURRENT_POINT,REMARKS,USER_ID) values (482,to_timestamp('25/04/14 15:05:26.000000000','RR/MM/DD HH24:MI:SSXFF'),-2450,997550,'상품 구매 시 포인트 사용','glodstone2');
Insert into SYSTEM.POINT (POINT_ID,USAGE_DATE,USE_POINT,CURRENT_POINT,REMARKS,USER_ID) values (488,to_timestamp('25/04/14 15:08:05.000000000','RR/MM/DD HH24:MI:SSXFF'),-1000,747,'후원 시 포인트 사용','as789');
Insert into SYSTEM.POINT (POINT_ID,USAGE_DATE,USE_POINT,CURRENT_POINT,REMARKS,USER_ID) values (495,to_timestamp('25/04/14 15:10:07.000000000','RR/MM/DD HH24:MI:SSXFF'),2047,195923,'결제 적립 포인트','glodstone2');
Insert into SYSTEM.POINT (POINT_ID,USAGE_DATE,USE_POINT,CURRENT_POINT,REMARKS,USER_ID) values (496,to_timestamp('25/04/14 15:32:29.000000000','RR/MM/DD HH24:MI:SSXFF'),-111,10666,'수의사 상담 point 차감','aa');
Insert into SYSTEM.POINT (POINT_ID,USAGE_DATE,USE_POINT,CURRENT_POINT,REMARKS,USER_ID) values (501,to_timestamp('25/04/14 18:37:19.000000000','RR/MM/DD HH24:MI:SSXFF'),0,0,'유저 포인트 정보 생성','test1234');
Insert into SYSTEM.POINT (POINT_ID,USAGE_DATE,USE_POINT,CURRENT_POINT,REMARKS,USER_ID) values (502,to_timestamp('25/04/14 18:46:50.000000000','RR/MM/DD HH24:MI:SSXFF'),-2000,7000,'상품 구매 시 포인트 사용','aa');
Insert into SYSTEM.POINT (POINT_ID,USAGE_DATE,USE_POINT,CURRENT_POINT,REMARKS,USER_ID) values (506,to_timestamp('25/04/14 18:56:48.000000000','RR/MM/DD HH24:MI:SSXFF'),0,0,'수의사 상담 point 적립','user1');
Insert into SYSTEM.POINT (POINT_ID,USAGE_DATE,USE_POINT,CURRENT_POINT,REMARKS,USER_ID) values (509,to_timestamp('25/04/14 19:17:24.000000000','RR/MM/DD HH24:MI:SSXFF'),4,4,'결제 적립 포인트','test1414');
Insert into SYSTEM.POINT (POINT_ID,USAGE_DATE,USE_POINT,CURRENT_POINT,REMARKS,USER_ID) values (510,to_timestamp('25/04/14 19:19:03.000000000','RR/MM/DD HH24:MI:SSXFF'),-1000,5011,'후원 시 포인트 사용','aa');
Insert into SYSTEM.POINT (POINT_ID,USAGE_DATE,USE_POINT,CURRENT_POINT,REMARKS,USER_ID) values (511,to_timestamp('25/04/14 19:24:01.000000000','RR/MM/DD HH24:MI:SSXFF'),-1000,4011,'수의사 상담 point 차감','aa');
Insert into SYSTEM.POINT (POINT_ID,USAGE_DATE,USE_POINT,CURRENT_POINT,REMARKS,USER_ID) values (514,to_timestamp('25/04/14 22:01:53.000000000','RR/MM/DD HH24:MI:SSXFF'),5000,5000,'멤버십 가입시 적립 포인트','user1004');
Insert into SYSTEM.POINT (POINT_ID,USAGE_DATE,USE_POINT,CURRENT_POINT,REMARKS,USER_ID) values (518,to_timestamp('25/04/14 22:13:25.000000000','RR/MM/DD HH24:MI:SSXFF'),-5000,0,'후원 시 포인트 사용','user1004');
Insert into SYSTEM.POINT (POINT_ID,USAGE_DATE,USE_POINT,CURRENT_POINT,REMARKS,USER_ID) values (555,to_timestamp('25/04/15 10:17:04.000000000','RR/MM/DD HH24:MI:SSXFF'),-5000,0,'후원 시 포인트 사용','user1004');
Insert into SYSTEM.POINT (POINT_ID,USAGE_DATE,USE_POINT,CURRENT_POINT,REMARKS,USER_ID) values (557,to_timestamp('25/04/15 10:24:13.000000000','RR/MM/DD HH24:MI:SSXFF'),5000,10000,'멤버십 가입시 적립 포인트','user1004');
Insert into SYSTEM.POINT (POINT_ID,USAGE_DATE,USE_POINT,CURRENT_POINT,REMARKS,USER_ID) values (559,to_timestamp('25/04/15 10:28:44.000000000','RR/MM/DD HH24:MI:SSXFF'),5000,20000,'멤버십 가입시 적립 포인트','user1004');
Insert into SYSTEM.POINT (POINT_ID,USAGE_DATE,USE_POINT,CURRENT_POINT,REMARKS,USER_ID) values (561,to_timestamp('25/04/15 11:10:49.000000000','RR/MM/DD HH24:MI:SSXFF'),0,0,'유저 포인트 정보 생성','gyodong');
Insert into SYSTEM.POINT (POINT_ID,USAGE_DATE,USE_POINT,CURRENT_POINT,REMARKS,USER_ID) values (563,to_timestamp('25/04/15 11:13:02.000000000','RR/MM/DD HH24:MI:SSXFF'),-2100,97900,'상품 구매 시 포인트 사용','gyodong');
Insert into SYSTEM.POINT (POINT_ID,USAGE_DATE,USE_POINT,CURRENT_POINT,REMARKS,USER_ID) values (575,to_timestamp('25/04/15 11:32:02.000000000','RR/MM/DD HH24:MI:SSXFF'),-1000,15450,'수의사 상담 point 차감','gyodong');
Insert into SYSTEM.POINT (POINT_ID,USAGE_DATE,USE_POINT,CURRENT_POINT,REMARKS,USER_ID) values (576,to_timestamp('25/04/15 11:35:27.000000000','RR/MM/DD HH24:MI:SSXFF'),-1000,14450,'수의사 상담 point 차감','gyodong');
Insert into SYSTEM.POINT (POINT_ID,USAGE_DATE,USE_POINT,CURRENT_POINT,REMARKS,USER_ID) values (579,to_timestamp('25/04/15 11:46:00.000000000','RR/MM/DD HH24:MI:SSXFF'),-10450,0,'후원 시 포인트 사용','gyodong');
Insert into SYSTEM.POINT (POINT_ID,USAGE_DATE,USE_POINT,CURRENT_POINT,REMARKS,USER_ID) values (592,to_timestamp('25/04/15 16:05:38.000000000','RR/MM/DD HH24:MI:SSXFF'),1000,88625,'수의사 상담 point 적립','aa');
Insert into SYSTEM.POINT (POINT_ID,USAGE_DATE,USE_POINT,CURRENT_POINT,REMARKS,USER_ID) values (594,to_timestamp('25/04/15 16:22:59.000000000','RR/MM/DD HH24:MI:SSXFF'),7,86488,'결제 적립 포인트','aa');
Insert into SYSTEM.POINT (POINT_ID,USAGE_DATE,USE_POINT,CURRENT_POINT,REMARKS,USER_ID) values (599,to_timestamp('25/04/16 10:14:43.000000000','RR/MM/DD HH24:MI:SSXFF'),4,4004,'결제 적립 포인트','test1313');
Insert into SYSTEM.POINT (POINT_ID,USAGE_DATE,USE_POINT,CURRENT_POINT,REMARKS,USER_ID) values (406,to_timestamp('25/04/11 16:57:51.000000000','RR/MM/DD HH24:MI:SSXFF'),0,0,'유저 포인트 정보 생성','dh112800');
Insert into SYSTEM.POINT (POINT_ID,USAGE_DATE,USE_POINT,CURRENT_POINT,REMARKS,USER_ID) values (412,to_timestamp('25/04/11 17:14:27.000000000','RR/MM/DD HH24:MI:SSXFF'),0,0,'유저 포인트 정보 생성','coongya');
Insert into SYSTEM.POINT (POINT_ID,USAGE_DATE,USE_POINT,CURRENT_POINT,REMARKS,USER_ID) values (411,to_timestamp('25/04/11 17:13:30.000000000','RR/MM/DD HH24:MI:SSXFF'),-2,0,'후원 시 포인트 사용','hong');
Insert into SYSTEM.POINT (POINT_ID,USAGE_DATE,USE_POINT,CURRENT_POINT,REMARKS,USER_ID) values (418,to_timestamp('25/04/11 18:00:56.000000000','RR/MM/DD HH24:MI:SSXFF'),0,0,'수의사 상담 point 차감','coongya');
Insert into SYSTEM.POINT (POINT_ID,USAGE_DATE,USE_POINT,CURRENT_POINT,REMARKS,USER_ID) values (422,to_timestamp('25/04/11 18:08:36.000000000','RR/MM/DD HH24:MI:SSXFF'),-1000,48000,'후원 시 포인트 사용','aa');
Insert into SYSTEM.POINT (POINT_ID,USAGE_DATE,USE_POINT,CURRENT_POINT,REMARKS,USER_ID) values (432,to_timestamp('25/04/11 19:02:48.000000000','RR/MM/DD HH24:MI:SSXFF'),1000000,1000000,'관리자에 의한 포인트 수정','glodstone2');
Insert into SYSTEM.POINT (POINT_ID,USAGE_DATE,USE_POINT,CURRENT_POINT,REMARKS,USER_ID) values (433,to_timestamp('25/04/11 19:02:48.000000000','RR/MM/DD HH24:MI:SSXFF'),5000,56000,'멤버십 가입시 적립 포인트','coongya');
Insert into SYSTEM.POINT (POINT_ID,USAGE_DATE,USE_POINT,CURRENT_POINT,REMARKS,USER_ID) values (438,to_timestamp('25/04/11 19:10:45.000000000','RR/MM/DD HH24:MI:SSXFF'),-1,99999,'수의사 상담 point 차감','coongya');
Insert into SYSTEM.POINT (POINT_ID,USAGE_DATE,USE_POINT,CURRENT_POINT,REMARKS,USER_ID) values (461,to_timestamp('25/04/13 17:49:32.000000000','RR/MM/DD HH24:MI:SSXFF'),-26000,10999,'상품 구매 시 포인트 사용','aa');
Insert into SYSTEM.POINT (POINT_ID,USAGE_DATE,USE_POINT,CURRENT_POINT,REMARKS,USER_ID) values (462,to_timestamp('25/04/13 17:49:32.000000000','RR/MM/DD HH24:MI:SSXFF'),1200,12199,'결제 적립 포인트','aa');
Insert into SYSTEM.POINT (POINT_ID,USAGE_DATE,USE_POINT,CURRENT_POINT,REMARKS,USER_ID) values (466,to_timestamp('25/04/14 10:16:14.000000000','RR/MM/DD HH24:MI:SSXFF'),-180,4824,'상품 구매 시 포인트 사용','as789');
Insert into SYSTEM.POINT (POINT_ID,USAGE_DATE,USE_POINT,CURRENT_POINT,REMARKS,USER_ID) values (468,to_timestamp('25/04/14 10:17:08.000000000','RR/MM/DD HH24:MI:SSXFF'),-2090,2743,'상품 구매 시 포인트 사용','as789');
Insert into SYSTEM.POINT (POINT_ID,USAGE_DATE,USE_POINT,CURRENT_POINT,REMARKS,USER_ID) values (478,to_timestamp('25/04/14 15:00:32.000000000','RR/MM/DD HH24:MI:SSXFF'),-1111,97465,'수의사 상담 point 차감','coongya');
Insert into SYSTEM.POINT (POINT_ID,USAGE_DATE,USE_POINT,CURRENT_POINT,REMARKS,USER_ID) values (480,to_timestamp('25/04/14 15:02:16.000000000','RR/MM/DD HH24:MI:SSXFF'),-12,97453,'수의사 상담 point 차감','coongya');
Insert into SYSTEM.POINT (POINT_ID,USAGE_DATE,USE_POINT,CURRENT_POINT,REMARKS,USER_ID) values (483,to_timestamp('25/04/14 15:05:27.000000000','RR/MM/DD HH24:MI:SSXFF'),22,997572,'결제 적립 포인트','glodstone2');
Insert into SYSTEM.POINT (POINT_ID,USAGE_DATE,USE_POINT,CURRENT_POINT,REMARKS,USER_ID) values (485,to_timestamp('25/04/14 15:06:38.000000000','RR/MM/DD HH24:MI:SSXFF'),1575,967647,'결제 적립 포인트','glodstone2');
Insert into SYSTEM.POINT (POINT_ID,USAGE_DATE,USE_POINT,CURRENT_POINT,REMARKS,USER_ID) values (489,to_timestamp('25/04/14 15:08:10.000000000','RR/MM/DD HH24:MI:SSXFF'),-276390,477507,'상품 구매 시 포인트 사용','glodstone2');
Insert into SYSTEM.POINT (POINT_ID,USAGE_DATE,USE_POINT,CURRENT_POINT,REMARKS,USER_ID) values (490,to_timestamp('25/04/14 15:08:11.000000000','RR/MM/DD HH24:MI:SSXFF'),13819,491326,'결제 적립 포인트','glodstone2');
Insert into SYSTEM.POINT (POINT_ID,USAGE_DATE,USE_POINT,CURRENT_POINT,REMARKS,USER_ID) values (493,to_timestamp('25/04/14 15:08:59.000000000','RR/MM/DD HH24:MI:SSXFF'),13500,234826,'결제 적립 포인트','glodstone2');
Insert into SYSTEM.POINT (POINT_ID,USAGE_DATE,USE_POINT,CURRENT_POINT,REMARKS,USER_ID) values (494,to_timestamp('25/04/14 15:10:06.000000000','RR/MM/DD HH24:MI:SSXFF'),-40950,193876,'상품 구매 시 포인트 사용','glodstone2');
Insert into SYSTEM.POINT (POINT_ID,USAGE_DATE,USE_POINT,CURRENT_POINT,REMARKS,USER_ID) values (500,to_timestamp('25/04/14 18:16:59.000000000','RR/MM/DD HH24:MI:SSXFF'),-1000,9000,'수의사 상담 point 차감','aa');
Insert into SYSTEM.POINT (POINT_ID,USAGE_DATE,USE_POINT,CURRENT_POINT,REMARKS,USER_ID) values (503,to_timestamp('25/04/14 18:46:51.000000000','RR/MM/DD HH24:MI:SSXFF'),11,7011,'결제 적립 포인트','aa');
Insert into SYSTEM.POINT (POINT_ID,USAGE_DATE,USE_POINT,CURRENT_POINT,REMARKS,USER_ID) values (508,to_timestamp('25/04/14 19:11:35.000000000','RR/MM/DD HH24:MI:SSXFF'),0,0,'유저 포인트 정보 생성','test1414');
Insert into SYSTEM.POINT (POINT_ID,USAGE_DATE,USE_POINT,CURRENT_POINT,REMARKS,USER_ID) values (541,to_timestamp('25/04/15 09:34:24.000000000','RR/MM/DD HH24:MI:SSXFF'),5000,10000,'멤버십 가입시 적립 포인트','user1004');
Insert into SYSTEM.POINT (POINT_ID,USAGE_DATE,USE_POINT,CURRENT_POINT,REMARKS,USER_ID) values (544,to_timestamp('25/04/15 10:01:54.000000000','RR/MM/DD HH24:MI:SSXFF'),-5000,0,'후원 시 포인트 사용','user1004');
Insert into SYSTEM.POINT (POINT_ID,USAGE_DATE,USE_POINT,CURRENT_POINT,REMARKS,USER_ID) values (545,to_timestamp('25/04/15 10:04:40.000000000','RR/MM/DD HH24:MI:SSXFF'),5000,5000,'멤버십 가입시 적립 포인트','user1004');
Insert into SYSTEM.POINT (POINT_ID,USAGE_DATE,USE_POINT,CURRENT_POINT,REMARKS,USER_ID) values (547,to_timestamp('25/04/15 10:05:52.000000000','RR/MM/DD HH24:MI:SSXFF'),-5000,0,'후원 시 포인트 사용','user1004');
Insert into SYSTEM.POINT (POINT_ID,USAGE_DATE,USE_POINT,CURRENT_POINT,REMARKS,USER_ID) values (548,to_timestamp('25/04/15 10:06:19.000000000','RR/MM/DD HH24:MI:SSXFF'),5000,5000,'멤버십 가입시 적립 포인트','user1004');
Insert into SYSTEM.POINT (POINT_ID,USAGE_DATE,USE_POINT,CURRENT_POINT,REMARKS,USER_ID) values (551,to_timestamp('25/04/15 10:13:41.000000000','RR/MM/DD HH24:MI:SSXFF'),-747,0,'상품 구매 시 포인트 사용','as789');
Insert into SYSTEM.POINT (POINT_ID,USAGE_DATE,USE_POINT,CURRENT_POINT,REMARKS,USER_ID) values (552,to_timestamp('25/04/15 10:13:41.000000000','RR/MM/DD HH24:MI:SSXFF'),6,6,'결제 적립 포인트','as789');
Insert into SYSTEM.POINT (POINT_ID,USAGE_DATE,USE_POINT,CURRENT_POINT,REMARKS,USER_ID) values (556,to_timestamp('25/04/15 10:19:04.000000000','RR/MM/DD HH24:MI:SSXFF'),5000,5000,'멤버십 가입시 적립 포인트','user1004');
Insert into SYSTEM.POINT (POINT_ID,USAGE_DATE,USE_POINT,CURRENT_POINT,REMARKS,USER_ID) values (564,to_timestamp('25/04/15 11:13:02.000000000','RR/MM/DD HH24:MI:SSXFF'),5,97905,'결제 적립 포인트','gyodong');
Insert into SYSTEM.POINT (POINT_ID,USAGE_DATE,USE_POINT,CURRENT_POINT,REMARKS,USER_ID) values (565,to_timestamp('25/04/15 11:15:07.000000000','RR/MM/DD HH24:MI:SSXFF'),-7000,90900,'상품 구매 시 포인트 사용','gyodong');
Insert into SYSTEM.POINT (POINT_ID,USAGE_DATE,USE_POINT,CURRENT_POINT,REMARKS,USER_ID) values (569,to_timestamp('25/04/15 11:15:39.000000000','RR/MM/DD HH24:MI:SSXFF'),-8000,75450,'상품 구매 시 포인트 사용','gyodong');
Insert into SYSTEM.POINT (POINT_ID,USAGE_DATE,USE_POINT,CURRENT_POINT,REMARKS,USER_ID) values (587,to_timestamp('25/04/15 15:46:29.000000000','RR/MM/DD HH24:MI:SSXFF'),0,0,'유저 포인트 정보 생성','test14');
Insert into SYSTEM.POINT (POINT_ID,USAGE_DATE,USE_POINT,CURRENT_POINT,REMARKS,USER_ID) values (595,to_timestamp('25/04/15 16:49:22.000000000','RR/MM/DD HH24:MI:SSXFF'),0,0,'유저 포인트 정보 생성','user1004');
Insert into SYSTEM.POINT (POINT_ID,USAGE_DATE,USE_POINT,CURRENT_POINT,REMARKS,USER_ID) values (596,to_timestamp('25/04/16 10:07:50.000000000','RR/MM/DD HH24:MI:SSXFF'),0,0,'유저 포인트 정보 생성','test1313');
Insert into SYSTEM.POINT (POINT_ID,USAGE_DATE,USE_POINT,CURRENT_POINT,REMARKS,USER_ID) values (600,to_timestamp('25/04/16 10:45:47.000000000','RR/MM/DD HH24:MI:SSXFF'),-1000,2000,'수의사 상담 point 차감','gyodong');
Insert into SYSTEM.POINT (POINT_ID,USAGE_DATE,USE_POINT,CURRENT_POINT,REMARKS,USER_ID) values (405,to_timestamp('25/04/11 16:57:46.000000000','RR/MM/DD HH24:MI:SSXFF'),0,0,'유저 포인트 정보 생성','suika');
Insert into SYSTEM.POINT (POINT_ID,USAGE_DATE,USE_POINT,CURRENT_POINT,REMARKS,USER_ID) values (410,to_timestamp('25/04/11 17:10:07.000000000','RR/MM/DD HH24:MI:SSXFF'),2,2,'결제 적립 포인트','hong');
Insert into SYSTEM.POINT (POINT_ID,USAGE_DATE,USE_POINT,CURRENT_POINT,REMARKS,USER_ID) values (421,to_timestamp('25/04/11 18:02:39.000000000','RR/MM/DD HH24:MI:SSXFF'),-1000,49000,'수의사 상담 point 차감','aa');
Insert into SYSTEM.POINT (POINT_ID,USAGE_DATE,USE_POINT,CURRENT_POINT,REMARKS,USER_ID) values (434,to_timestamp('25/04/11 19:03:28.000000000','RR/MM/DD HH24:MI:SSXFF'),-100000,-44000,'관리자에 의한 포인트 수정','coongya');
Insert into SYSTEM.POINT (POINT_ID,USAGE_DATE,USE_POINT,CURRENT_POINT,REMARKS,USER_ID) values (437,to_timestamp('25/04/11 19:05:23.000000000','RR/MM/DD HH24:MI:SSXFF'),100000,100000,'관리자에 의한 포인트 수정','coongya');
Insert into SYSTEM.POINT (POINT_ID,USAGE_DATE,USE_POINT,CURRENT_POINT,REMARKS,USER_ID) values (442,to_timestamp('25/04/11 19:18:31.000000000','RR/MM/DD HH24:MI:SSXFF'),-500000,9500814,'후원 시 포인트 사용','dh112800');
Insert into SYSTEM.POINT (POINT_ID,USAGE_DATE,USE_POINT,CURRENT_POINT,REMARKS,USER_ID) values (443,to_timestamp('25/04/11 19:19:14.000000000','RR/MM/DD HH24:MI:SSXFF'),-1000000,8500814,'후원 시 포인트 사용','dh112800');
Insert into SYSTEM.POINT (POINT_ID,USAGE_DATE,USE_POINT,CURRENT_POINT,REMARKS,USER_ID) values (446,to_timestamp('25/04/11 19:25:05.000000000','RR/MM/DD HH24:MI:SSXFF'),5000000,5000000,'관리자에 의한 포인트 수정','user1004');
Insert into SYSTEM.POINT (POINT_ID,USAGE_DATE,USE_POINT,CURRENT_POINT,REMARKS,USER_ID) values (448,to_timestamp('25/04/11 19:25:48.000000000','RR/MM/DD HH24:MI:SSXFF'),-2000000,0,'후원 시 포인트 사용','user1004');
Insert into SYSTEM.POINT (POINT_ID,USAGE_DATE,USE_POINT,CURRENT_POINT,REMARKS,USER_ID) values (470,to_timestamp('25/04/14 11:49:16.000000000','RR/MM/DD HH24:MI:SSXFF'),0,10999,'수의사 상담 point 적립','aa');
Insert into SYSTEM.POINT (POINT_ID,USAGE_DATE,USE_POINT,CURRENT_POINT,REMARKS,USER_ID) values (474,to_timestamp('25/04/14 14:53:44.000000000','RR/MM/DD HH24:MI:SSXFF'),1000,11999,'관리자에 의한 포인트 수정','aa');
Insert into SYSTEM.POINT (POINT_ID,USAGE_DATE,USE_POINT,CURRENT_POINT,REMARKS,USER_ID) values (513,to_timestamp('25/04/14 19:29:07.000000000','RR/MM/DD HH24:MI:SSXFF'),1000,1000,'관리자에 의한 포인트 수정','test01');
Insert into SYSTEM.POINT (POINT_ID,USAGE_DATE,USE_POINT,CURRENT_POINT,REMARKS,USER_ID) values (515,to_timestamp('25/04/14 22:09:39.000000000','RR/MM/DD HH24:MI:SSXFF'),5000,10000,'멤버십 가입시 적립 포인트','user1004');
Insert into SYSTEM.POINT (POINT_ID,USAGE_DATE,USE_POINT,CURRENT_POINT,REMARKS,USER_ID) values (516,to_timestamp('25/04/14 22:10:46.000000000','RR/MM/DD HH24:MI:SSXFF'),-10000,0,'후원 시 포인트 사용','user1004');
Insert into SYSTEM.POINT (POINT_ID,USAGE_DATE,USE_POINT,CURRENT_POINT,REMARKS,USER_ID) values (520,to_timestamp('25/04/14 22:23:01.000000000','RR/MM/DD HH24:MI:SSXFF'),-5000,0,'후원 시 포인트 사용','user1004');
Insert into SYSTEM.POINT (POINT_ID,USAGE_DATE,USE_POINT,CURRENT_POINT,REMARKS,USER_ID) values (522,to_timestamp('25/04/15 01:53:31.000000000','RR/MM/DD HH24:MI:SSXFF'),-2090,1921,'상품 구매 시 포인트 사용','aa');
Insert into SYSTEM.POINT (POINT_ID,USAGE_DATE,USE_POINT,CURRENT_POINT,REMARKS,USER_ID) values (524,to_timestamp('25/04/15 01:57:21.000000000','RR/MM/DD HH24:MI:SSXFF'),100000,101925,'관리자에 의한 포인트 수정','aa');
Insert into SYSTEM.POINT (POINT_ID,USAGE_DATE,USE_POINT,CURRENT_POINT,REMARKS,USER_ID) values (526,to_timestamp('25/04/15 01:57:34.000000000','RR/MM/DD HH24:MI:SSXFF'),4,99839,'결제 적립 포인트','aa');
Insert into SYSTEM.POINT (POINT_ID,USAGE_DATE,USE_POINT,CURRENT_POINT,REMARKS,USER_ID) values (543,to_timestamp('25/04/15 09:37:22.000000000','RR/MM/DD HH24:MI:SSXFF'),5000,5000,'멤버십 가입시 적립 포인트','user1004');
Insert into SYSTEM.POINT (POINT_ID,USAGE_DATE,USE_POINT,CURRENT_POINT,REMARKS,USER_ID) values (546,to_timestamp('25/04/15 10:05:44.000000000','RR/MM/DD HH24:MI:SSXFF'),-1,96329,'수의사 상담 point 차감','coongya');
Insert into SYSTEM.POINT (POINT_ID,USAGE_DATE,USE_POINT,CURRENT_POINT,REMARKS,USER_ID) values (550,to_timestamp('25/04/15 10:11:45.000000000','RR/MM/DD HH24:MI:SSXFF'),5000,5000,'멤버십 가입시 적립 포인트','user1');
Insert into SYSTEM.POINT (POINT_ID,USAGE_DATE,USE_POINT,CURRENT_POINT,REMARKS,USER_ID) values (558,to_timestamp('25/04/15 10:25:31.000000000','RR/MM/DD HH24:MI:SSXFF'),5000,15000,'멤버십 가입시 적립 포인트','user1004');
Insert into SYSTEM.POINT (POINT_ID,USAGE_DATE,USE_POINT,CURRENT_POINT,REMARKS,USER_ID) values (560,to_timestamp('25/04/15 10:46:13.000000000','RR/MM/DD HH24:MI:SSXFF'),5000,25000,'멤버십 가입시 적립 포인트','user1004');
Insert into SYSTEM.POINT (POINT_ID,USAGE_DATE,USE_POINT,CURRENT_POINT,REMARKS,USER_ID) values (568,to_timestamp('25/04/15 11:15:25.000000000','RR/MM/DD HH24:MI:SSXFF'),300,83450,'결제 적립 포인트','gyodong');
Insert into SYSTEM.POINT (POINT_ID,USAGE_DATE,USE_POINT,CURRENT_POINT,REMARKS,USER_ID) values (570,to_timestamp('25/04/15 11:15:39.000000000','RR/MM/DD HH24:MI:SSXFF'),300,75750,'결제 적립 포인트','gyodong');
Insert into SYSTEM.POINT (POINT_ID,USAGE_DATE,USE_POINT,CURRENT_POINT,REMARKS,USER_ID) values (577,to_timestamp('25/04/15 11:37:20.000000000','RR/MM/DD HH24:MI:SSXFF'),-1000,13450,'후원 시 포인트 사용','gyodong');
Insert into SYSTEM.POINT (POINT_ID,USAGE_DATE,USE_POINT,CURRENT_POINT,REMARKS,USER_ID) values (578,to_timestamp('25/04/15 11:38:19.000000000','RR/MM/DD HH24:MI:SSXFF'),-3000,10450,'후원 시 포인트 사용','gyodong');
Insert into SYSTEM.POINT (POINT_ID,USAGE_DATE,USE_POINT,CURRENT_POINT,REMARKS,USER_ID) values (580,to_timestamp('25/04/15 12:20:01.000000000','RR/MM/DD HH24:MI:SSXFF'),-2225,97614,'상품 구매 시 포인트 사용','aa');
Insert into SYSTEM.POINT (POINT_ID,USAGE_DATE,USE_POINT,CURRENT_POINT,REMARKS,USER_ID) values (582,to_timestamp('25/04/15 12:23:36.000000000','RR/MM/DD HH24:MI:SSXFF'),-10000,87625,'후원 시 포인트 사용','aa');
Insert into SYSTEM.POINT (POINT_ID,USAGE_DATE,USE_POINT,CURRENT_POINT,REMARKS,USER_ID) values (407,to_timestamp('25/04/11 16:59:37.000000000','RR/MM/DD HH24:MI:SSXFF'),0,0,'유저 포인트 정보 생성','glodstone2');
Insert into SYSTEM.POINT (POINT_ID,USAGE_DATE,USE_POINT,CURRENT_POINT,REMARKS,USER_ID) values (420,to_timestamp('25/04/11 18:01:19.000000000','RR/MM/DD HH24:MI:SSXFF'),50000,50000,'관리자에 의한 포인트 수정','aa');
Insert into SYSTEM.POINT (POINT_ID,USAGE_DATE,USE_POINT,CURRENT_POINT,REMARKS,USER_ID) values (429,to_timestamp('25/04/11 18:27:58.000000000','RR/MM/DD HH24:MI:SSXFF'),-2045,912,'상품 구매 시 포인트 사용','dh112800');
Insert into SYSTEM.POINT (POINT_ID,USAGE_DATE,USE_POINT,CURRENT_POINT,REMARKS,USER_ID) values (436,to_timestamp('25/04/11 19:05:07.000000000','RR/MM/DD HH24:MI:SSXFF'),0,0,'수의사 상담 point 차감','coongya');
Insert into SYSTEM.POINT (POINT_ID,USAGE_DATE,USE_POINT,CURRENT_POINT,REMARKS,USER_ID) values (445,to_timestamp('25/04/11 19:23:06.000000000','RR/MM/DD HH24:MI:SSXFF'),0,0,'유저 포인트 정보 생성','user1004');
Insert into SYSTEM.POINT (POINT_ID,USAGE_DATE,USE_POINT,CURRENT_POINT,REMARKS,USER_ID) values (475,to_timestamp('25/04/14 14:53:52.000000000','RR/MM/DD HH24:MI:SSXFF'),10000000,10000000,'관리자에 의한 포인트 수정','suika');
Insert into SYSTEM.POINT (POINT_ID,USAGE_DATE,USE_POINT,CURRENT_POINT,REMARKS,USER_ID) values (476,to_timestamp('25/04/14 14:54:39.000000000','RR/MM/DD HH24:MI:SSXFF'),-123,98576,'수의사 상담 point 차감','coongya');
Insert into SYSTEM.POINT (POINT_ID,USAGE_DATE,USE_POINT,CURRENT_POINT,REMARKS,USER_ID) values (477,to_timestamp('25/04/14 14:55:08.000000000','RR/MM/DD HH24:MI:SSXFF'),-1111,10888,'수의사 상담 point 차감','aa');
Insert into SYSTEM.POINT (POINT_ID,USAGE_DATE,USE_POINT,CURRENT_POINT,REMARKS,USER_ID) values (484,to_timestamp('25/04/14 15:06:36.000000000','RR/MM/DD HH24:MI:SSXFF'),-31500,966072,'상품 구매 시 포인트 사용','glodstone2');
Insert into SYSTEM.POINT (POINT_ID,USAGE_DATE,USE_POINT,CURRENT_POINT,REMARKS,USER_ID) values (486,to_timestamp('25/04/14 15:07:05.000000000','RR/MM/DD HH24:MI:SSXFF'),-225000,742647,'상품 구매 시 포인트 사용','glodstone2');
Insert into SYSTEM.POINT (POINT_ID,USAGE_DATE,USE_POINT,CURRENT_POINT,REMARKS,USER_ID) values (492,to_timestamp('25/04/14 15:08:58.000000000','RR/MM/DD HH24:MI:SSXFF'),-270000,221326,'상품 구매 시 포인트 사용','glodstone2');
Insert into SYSTEM.POINT (POINT_ID,USAGE_DATE,USE_POINT,CURRENT_POINT,REMARKS,USER_ID) values (497,to_timestamp('25/04/14 17:59:07.000000000','RR/MM/DD HH24:MI:SSXFF'),-1000,96330,'수의사 상담 point 차감','coongya');
Insert into SYSTEM.POINT (POINT_ID,USAGE_DATE,USE_POINT,CURRENT_POINT,REMARKS,USER_ID) values (507,to_timestamp('25/04/14 19:01:46.000000000','RR/MM/DD HH24:MI:SSXFF'),100000,100000,'관리자에 의한 포인트 수정','hong');
Insert into SYSTEM.POINT (POINT_ID,USAGE_DATE,USE_POINT,CURRENT_POINT,REMARKS,USER_ID) values (542,to_timestamp('25/04/15 09:35:28.000000000','RR/MM/DD HH24:MI:SSXFF'),-10000,0,'후원 시 포인트 사용','user1004');
Insert into SYSTEM.POINT (POINT_ID,USAGE_DATE,USE_POINT,CURRENT_POINT,REMARKS,USER_ID) values (553,to_timestamp('25/04/15 10:14:29.000000000','RR/MM/DD HH24:MI:SSXFF'),5000,10000,'멤버십 가입시 적립 포인트','user1');
Insert into SYSTEM.POINT (POINT_ID,USAGE_DATE,USE_POINT,CURRENT_POINT,REMARKS,USER_ID) values (562,to_timestamp('25/04/15 11:12:31.000000000','RR/MM/DD HH24:MI:SSXFF'),100000,100000,'관리자에 의한 포인트 수정','gyodong');
Insert into SYSTEM.POINT (POINT_ID,USAGE_DATE,USE_POINT,CURRENT_POINT,REMARKS,USER_ID) values (567,to_timestamp('25/04/15 11:15:25.000000000','RR/MM/DD HH24:MI:SSXFF'),-8000,83150,'상품 구매 시 포인트 사용','gyodong');
Insert into SYSTEM.POINT (POINT_ID,USAGE_DATE,USE_POINT,CURRENT_POINT,REMARKS,USER_ID) values (571,to_timestamp('25/04/15 11:16:13.000000000','RR/MM/DD HH24:MI:SSXFF'),-14000,61450,'상품 구매 시 포인트 사용','gyodong');
Insert into SYSTEM.POINT (POINT_ID,USAGE_DATE,USE_POINT,CURRENT_POINT,REMARKS,USER_ID) values (572,to_timestamp('25/04/15 11:16:13.000000000','RR/MM/DD HH24:MI:SSXFF'),600,62050,'결제 적립 포인트','gyodong');
Insert into SYSTEM.POINT (POINT_ID,USAGE_DATE,USE_POINT,CURRENT_POINT,REMARKS,USER_ID) values (573,to_timestamp('25/04/15 11:16:53.000000000','RR/MM/DD HH24:MI:SSXFF'),-45000,16450,'상품 구매 시 포인트 사용','gyodong');
Insert into SYSTEM.POINT (POINT_ID,USAGE_DATE,USE_POINT,CURRENT_POINT,REMARKS,USER_ID) values (574,to_timestamp('25/04/15 11:16:53.000000000','RR/MM/DD HH24:MI:SSXFF'),2250,18700,'결제 적립 포인트','gyodong');
Insert into SYSTEM.POINT (POINT_ID,USAGE_DATE,USE_POINT,CURRENT_POINT,REMARKS,USER_ID) values (589,to_timestamp('25/04/15 15:57:11.000000000','RR/MM/DD HH24:MI:SSXFF'),-1000,4000,'상품 구매 시 포인트 사용','gyodong');
Insert into SYSTEM.POINT (POINT_ID,USAGE_DATE,USE_POINT,CURRENT_POINT,REMARKS,USER_ID) values (590,to_timestamp('25/04/15 15:57:11.000000000','RR/MM/DD HH24:MI:SSXFF'),4,4004,'결제 적립 포인트','gyodong');
Insert into SYSTEM.POINT (POINT_ID,USAGE_DATE,USE_POINT,CURRENT_POINT,REMARKS,USER_ID) values (593,to_timestamp('25/04/15 16:22:59.000000000','RR/MM/DD HH24:MI:SSXFF'),-2144,86481,'상품 구매 시 포인트 사용','aa');
Insert into SYSTEM.POINT (POINT_ID,USAGE_DATE,USE_POINT,CURRENT_POINT,REMARKS,USER_ID) values (598,to_timestamp('25/04/16 10:14:42.000000000','RR/MM/DD HH24:MI:SSXFF'),-1000,4000,'상품 구매 시 포인트 사용','test1313');
Insert into SYSTEM.POINT (POINT_ID,USAGE_DATE,USE_POINT,CURRENT_POINT,REMARKS,USER_ID) values (404,to_timestamp('25/04/11 16:57:25.000000000','RR/MM/DD HH24:MI:SSXFF'),0,0,'유저 포인트 정보 생성','hong');
Insert into SYSTEM.POINT (POINT_ID,USAGE_DATE,USE_POINT,CURRENT_POINT,REMARKS,USER_ID) values (408,to_timestamp('25/04/11 17:03:19.000000000','RR/MM/DD HH24:MI:SSXFF'),0,0,'유저 포인트 정보 생성','as789');
REM INSERTING into SYSTEM.PRODUCT
SET DEFINE OFF;
Insert into SYSTEM.PRODUCT (PRODUCT_ID,PRODUCT_NAME,PRICE,QUANTITY,REGISTRATION_DATE,MANUFACTURER,PRODUCT_TYPE,PRODUCT_CODE,CATEGORY_ID,DISCOUNT,SHIPPING_FEE,SHIPPING_FREE_MINIMUM,DELETE_YN) values (3,'[DOG]강아지용 전용 면역력 영양제',18000,150,to_timestamp('25/03/08 00:00:00.000000000','RR/MM/DD HH24:MI:SSXFF'),'헬스펫','영양제','PETSHOP3','강아지,영양제',10,2000,30000,'N');
Insert into SYSTEM.PRODUCT (PRODUCT_ID,PRODUCT_NAME,PRICE,QUANTITY,REGISTRATION_DATE,MANUFACTURER,PRODUCT_TYPE,PRODUCT_CODE,CATEGORY_ID,DISCOUNT,SHIPPING_FEE,SHIPPING_FREE_MINIMUM,DELETE_YN) values (322,'[CAT]고양이 창문 해먹',48000,100,to_timestamp('25/04/13 16:16:58.000000000','RR/MM/DD HH24:MI:SSXFF'),'펫로지',null,'PETSHOP29','고양이,용품',10,2000,50000,'N');
Insert into SYSTEM.PRODUCT (PRODUCT_ID,PRODUCT_NAME,PRICE,QUANTITY,REGISTRATION_DATE,MANUFACTURER,PRODUCT_TYPE,PRODUCT_CODE,CATEGORY_ID,DISCOUNT,SHIPPING_FEE,SHIPPING_FREE_MINIMUM,DELETE_YN) values (9,'[DOG]강아지용 터그 놀이',50,150,to_timestamp('25/03/18 07:52:30.000000000','RR/MM/DD HH24:MI:SSXFF'),'강아지 제조사','강아지 장난감','PETSHOP9','강아지,장난감',10,2000,30000,'N');
Insert into SYSTEM.PRODUCT (PRODUCT_ID,PRODUCT_NAME,PRICE,QUANTITY,REGISTRATION_DATE,MANUFACTURER,PRODUCT_TYPE,PRODUCT_CODE,CATEGORY_ID,DISCOUNT,SHIPPING_FEE,SHIPPING_FREE_MINIMUM,DELETE_YN) values (321,'[CAT]고양이 모래',36900,100,to_timestamp('25/04/13 16:09:48.000000000','RR/MM/DD HH24:MI:SSXFF'),'미유박스',null,'PETSHOP28','고양이,용품',10,2000,20000,'N');
Insert into SYSTEM.PRODUCT (PRODUCT_ID,PRODUCT_NAME,PRICE,QUANTITY,REGISTRATION_DATE,MANUFACTURER,PRODUCT_TYPE,PRODUCT_CODE,CATEGORY_ID,DISCOUNT,SHIPPING_FEE,SHIPPING_FREE_MINIMUM,DELETE_YN) values (323,'[CAT]고양이 캣닢',4950,100,to_timestamp('25/04/13 16:23:00.000000000','RR/MM/DD HH24:MI:SSXFF'),'캣클라스',null,'PETSHOP30','고양이,용품',10,2000,20000,'N');
Insert into SYSTEM.PRODUCT (PRODUCT_ID,PRODUCT_NAME,PRICE,QUANTITY,REGISTRATION_DATE,MANUFACTURER,PRODUCT_TYPE,PRODUCT_CODE,CATEGORY_ID,DISCOUNT,SHIPPING_FEE,SHIPPING_FREE_MINIMUM,DELETE_YN) values (381,'사료',123111,100,to_timestamp('25/04/16 10:50:38.000000000','RR/MM/DD HH24:MI:SSXFF'),'멍멍펀치',null,'PETSHOP25111','강아지,사료',10,3000,50000,'Y');
Insert into SYSTEM.PRODUCT (PRODUCT_ID,PRODUCT_NAME,PRICE,QUANTITY,REGISTRATION_DATE,MANUFACTURER,PRODUCT_TYPE,PRODUCT_CODE,CATEGORY_ID,DISCOUNT,SHIPPING_FEE,SHIPPING_FREE_MINIMUM,DELETE_YN) values (14,'[CAT]고양이 샴푸',50,150,to_timestamp('25/03/13 07:52:30.000000000','RR/MM/DD HH24:MI:SSXFF'),'고양이 용품 제조사','고양이 용품','PETSHOP14','고양이,용품',10,2000,30000,'N');
Insert into SYSTEM.PRODUCT (PRODUCT_ID,PRODUCT_NAME,PRICE,QUANTITY,REGISTRATION_DATE,MANUFACTURER,PRODUCT_TYPE,PRODUCT_CODE,CATEGORY_ID,DISCOUNT,SHIPPING_FEE,SHIPPING_FREE_MINIMUM,DELETE_YN) values (342,'고양이 사료11',45000,1000,to_timestamp('25/04/14 19:27:31.000000000','RR/MM/DD HH24:MI:SSXFF'),'멍멍',null,'GGG2321211','고양이,사료',10,3000,50000,'Y');
Insert into SYSTEM.PRODUCT (PRODUCT_ID,PRODUCT_NAME,PRICE,QUANTITY,REGISTRATION_DATE,MANUFACTURER,PRODUCT_TYPE,PRODUCT_CODE,CATEGORY_ID,DISCOUNT,SHIPPING_FEE,SHIPPING_FREE_MINIMUM,DELETE_YN) values (10,'[CAT]고양이용 캣타워',150000,150,to_timestamp('25/03/22 07:52:30.000000000','RR/MM/DD HH24:MI:SSXFF'),'고양이 제조사','고양이 용품','PETSHOP10','고양이,용품',10,2000,30000,'N');
Insert into SYSTEM.PRODUCT (PRODUCT_ID,PRODUCT_NAME,PRICE,QUANTITY,REGISTRATION_DATE,MANUFACTURER,PRODUCT_TYPE,PRODUCT_CODE,CATEGORY_ID,DISCOUNT,SHIPPING_FEE,SHIPPING_FREE_MINIMUM,DELETE_YN) values (11,'[DOG]강아지 전용 외출용 가방',45500,150,to_timestamp('25/03/25 07:52:30.000000000','RR/MM/DD HH24:MI:SSXFF'),'강아지 사료 회사','강아지 용품','PETSHOP11','강아지,용품',10,2000,30000,'N');
Insert into SYSTEM.PRODUCT (PRODUCT_ID,PRODUCT_NAME,PRICE,QUANTITY,REGISTRATION_DATE,MANUFACTURER,PRODUCT_TYPE,PRODUCT_CODE,CATEGORY_ID,DISCOUNT,SHIPPING_FEE,SHIPPING_FREE_MINIMUM,DELETE_YN) values (12,'[CAT]고양이 스크래쳐',44900,150,to_timestamp('25/03/26 07:52:30.000000000','RR/MM/DD HH24:MI:SSXFF'),'피카노리','고양이 용품','PETSHOP12','고양이,용품',10,2000,30000,'N');
Insert into SYSTEM.PRODUCT (PRODUCT_ID,PRODUCT_NAME,PRICE,QUANTITY,REGISTRATION_DATE,MANUFACTURER,PRODUCT_TYPE,PRODUCT_CODE,CATEGORY_ID,DISCOUNT,SHIPPING_FEE,SHIPPING_FREE_MINIMUM,DELETE_YN) values (13,'[DOG]강아지 프리미엄 배변 패드',36000,150,to_timestamp('25/03/27 07:52:30.000000000','RR/MM/DD HH24:MI:SSXFF'),'강아지 용품 회사','강아지 용품','PETSHOP13','강아지,용품',10,2000,30000,'N');
Insert into SYSTEM.PRODUCT (PRODUCT_ID,PRODUCT_NAME,PRICE,QUANTITY,REGISTRATION_DATE,MANUFACTURER,PRODUCT_TYPE,PRODUCT_CODE,CATEGORY_ID,DISCOUNT,SHIPPING_FEE,SHIPPING_FREE_MINIMUM,DELETE_YN) values (15,'[DOG]강아지 산책용 목줄',12000,150,to_timestamp('25/03/11 07:52:30.000000000','RR/MM/DD HH24:MI:SSXFF'),'강아지 용품 회사','강아지 용품','PETSHOP15','강아지,용품',10,2000,30000,'N');
Insert into SYSTEM.PRODUCT (PRODUCT_ID,PRODUCT_NAME,PRICE,QUANTITY,REGISTRATION_DATE,MANUFACTURER,PRODUCT_TYPE,PRODUCT_CODE,CATEGORY_ID,DISCOUNT,SHIPPING_FEE,SHIPPING_FREE_MINIMUM,DELETE_YN) values (16,'[DOG]강아지 샴푸',25000,150,to_timestamp('25/03/14 07:52:30.000000000','RR/MM/DD HH24:MI:SSXFF'),'강아지 용품 회사','강아지 용품','PETSHOP16','강아지,용품',10,2000,30000,'N');
Insert into SYSTEM.PRODUCT (PRODUCT_ID,PRODUCT_NAME,PRICE,QUANTITY,REGISTRATION_DATE,MANUFACTURER,PRODUCT_TYPE,PRODUCT_CODE,CATEGORY_ID,DISCOUNT,SHIPPING_FEE,SHIPPING_FREE_MINIMUM,DELETE_YN) values (17,'[DOG]강아지 전용 프리미엄 침대',45000,150,to_timestamp('25/03/15 07:52:30.000000000','RR/MM/DD HH24:MI:SSXFF'),'강아지 침대 회사','강아지 용품','PETSHOP17','강아지,용품',10,2000,30000,'N');
Insert into SYSTEM.PRODUCT (PRODUCT_ID,PRODUCT_NAME,PRICE,QUANTITY,REGISTRATION_DATE,MANUFACTURER,PRODUCT_TYPE,PRODUCT_CODE,CATEGORY_ID,DISCOUNT,SHIPPING_FEE,SHIPPING_FREE_MINIMUM,DELETE_YN) values (18,'[CAT]고양이 화장실',251000,150,to_timestamp('25/03/31 07:52:30.000000000','RR/MM/DD HH24:MI:SSXFF'),'캣앤','고양이 용품','PETSHOP18','고양이,용품',10,2000,30000,'N');
Insert into SYSTEM.PRODUCT (PRODUCT_ID,PRODUCT_NAME,PRICE,QUANTITY,REGISTRATION_DATE,MANUFACTURER,PRODUCT_TYPE,PRODUCT_CODE,CATEGORY_ID,DISCOUNT,SHIPPING_FEE,SHIPPING_FREE_MINIMUM,DELETE_YN) values (20,'[DOG]강아지 장난감 공',5000,150,to_timestamp('25/03/01 07:52:30.000000000','RR/MM/DD HH24:MI:SSXFF'),'강아지 장난감 회사','강아지 장난감','PETSHOP20','강아지,장난감',10,2000,30000,'N');
Insert into SYSTEM.PRODUCT (PRODUCT_ID,PRODUCT_NAME,PRICE,QUANTITY,REGISTRATION_DATE,MANUFACTURER,PRODUCT_TYPE,PRODUCT_CODE,CATEGORY_ID,DISCOUNT,SHIPPING_FEE,SHIPPING_FREE_MINIMUM,DELETE_YN) values (1,'[DOG]강아지용 로얄캐닌 사료',25000,150,to_timestamp('25/03/05 00:00:00.000000000','RR/MM/DD HH24:MI:SSXFF'),'펫푸드코리아','사료','PETSHOP1','강아지,사료',30,2000,30000,'N');
Insert into SYSTEM.PRODUCT (PRODUCT_ID,PRODUCT_NAME,PRICE,QUANTITY,REGISTRATION_DATE,MANUFACTURER,PRODUCT_TYPE,PRODUCT_CODE,CATEGORY_ID,DISCOUNT,SHIPPING_FEE,SHIPPING_FREE_MINIMUM,DELETE_YN) values (2,'[CAT]고양이용 로얄캐닌 사료',25000,150,to_timestamp('25/03/02 00:00:00.000000000','RR/MM/DD HH24:MI:SSXFF'),'캣푸드컴퍼니','사료','PETSHOP2','고양이,사료',10,2000,30000,'N');
Insert into SYSTEM.PRODUCT (PRODUCT_ID,PRODUCT_NAME,PRICE,QUANTITY,REGISTRATION_DATE,MANUFACTURER,PRODUCT_TYPE,PRODUCT_CODE,CATEGORY_ID,DISCOUNT,SHIPPING_FEE,SHIPPING_FREE_MINIMUM,DELETE_YN) values (4,'[CAT]고양이용 유산균, 관절 영양제',22000,150,to_timestamp('25/03/19 00:00:00.000000000','RR/MM/DD HH24:MI:SSXFF'),'캣헬스케어','영양제','PETSHOP4','고양이,영양제',10,2000,30000,'N');
Insert into SYSTEM.PRODUCT (PRODUCT_ID,PRODUCT_NAME,PRICE,QUANTITY,REGISTRATION_DATE,MANUFACTURER,PRODUCT_TYPE,PRODUCT_CODE,CATEGORY_ID,DISCOUNT,SHIPPING_FEE,SHIPPING_FREE_MINIMUM,DELETE_YN) values (5,'[DOG]강아지용 치아 건강 껌',6000,150,to_timestamp('25/03/19 00:00:00.000000000','RR/MM/DD HH24:MI:SSXFF'),'펫웰빙','간식','PETSHOP5','강아지,간식',10,2000,30000,'N');
Insert into SYSTEM.PRODUCT (PRODUCT_ID,PRODUCT_NAME,PRICE,QUANTITY,REGISTRATION_DATE,MANUFACTURER,PRODUCT_TYPE,PRODUCT_CODE,CATEGORY_ID,DISCOUNT,SHIPPING_FEE,SHIPPING_FREE_MINIMUM,DELETE_YN) values (7,'[DOG]강아지용 노즈워크 장난감',7000,150,to_timestamp('25/03/21 00:00:00.000000000','RR/MM/DD HH24:MI:SSXFF'),'펫펀','장난감','PETSHOP7','강아지,장난감',10,2000,30000,'N');
Insert into SYSTEM.PRODUCT (PRODUCT_ID,PRODUCT_NAME,PRICE,QUANTITY,REGISTRATION_DATE,MANUFACTURER,PRODUCT_TYPE,PRODUCT_CODE,CATEGORY_ID,DISCOUNT,SHIPPING_FEE,SHIPPING_FREE_MINIMUM,DELETE_YN) values (8,'[CAT]고양이 터널 놀이 매트',27000,150,to_timestamp('25/03/18 00:00:00.000000000','RR/MM/DD HH24:MI:SSXFF'),'캣플레이','장난감','PETSHOP8','고양이,장난감',10,2000,30000,'N');
Insert into SYSTEM.PRODUCT (PRODUCT_ID,PRODUCT_NAME,PRICE,QUANTITY,REGISTRATION_DATE,MANUFACTURER,PRODUCT_TYPE,PRODUCT_CODE,CATEGORY_ID,DISCOUNT,SHIPPING_FEE,SHIPPING_FREE_MINIMUM,DELETE_YN) values (341,'고양이 사료111',4500,11,to_timestamp('25/04/14 19:00:15.000000000','RR/MM/DD HH24:MI:SSXFF'),'멍멍',null,'GGG232121','고양이,사료',10,3000,50000,'Y');
Insert into SYSTEM.PRODUCT (PRODUCT_ID,PRODUCT_NAME,PRICE,QUANTITY,REGISTRATION_DATE,MANUFACTURER,PRODUCT_TYPE,PRODUCT_CODE,CATEGORY_ID,DISCOUNT,SHIPPING_FEE,SHIPPING_FREE_MINIMUM,DELETE_YN) values (21,'[DOG]강아지 습식캔 사료',12000,150,to_timestamp('25/04/01 07:52:30.000000000','RR/MM/DD HH24:MI:SSXFF'),'힐스','사료','PETSHOP21','강아지,사료',10,2000,30000,'N');
Insert into SYSTEM.PRODUCT (PRODUCT_ID,PRODUCT_NAME,PRICE,QUANTITY,REGISTRATION_DATE,MANUFACTURER,PRODUCT_TYPE,PRODUCT_CODE,CATEGORY_ID,DISCOUNT,SHIPPING_FEE,SHIPPING_FREE_MINIMUM,DELETE_YN) values (230,'고양이 사료',111111,100,to_timestamp('25/04/03 12:48:45.000000000','RR/MM/DD HH24:MI:SSXFF'),'냥냥펀치',null,'1','고양이,사료',10,3000,50000,'Y');
Insert into SYSTEM.PRODUCT (PRODUCT_ID,PRODUCT_NAME,PRICE,QUANTITY,REGISTRATION_DATE,MANUFACTURER,PRODUCT_TYPE,PRODUCT_CODE,CATEGORY_ID,DISCOUNT,SHIPPING_FEE,SHIPPING_FREE_MINIMUM,DELETE_YN) values (361,'테스트',111,1,to_timestamp('25/04/15 16:11:59.000000000','RR/MM/DD HH24:MI:SSXFF'),'테스트',null,'테스트','강아지,장난감',10,2000,30000,'N');
Insert into SYSTEM.PRODUCT (PRODUCT_ID,PRODUCT_NAME,PRICE,QUANTITY,REGISTRATION_DATE,MANUFACTURER,PRODUCT_TYPE,PRODUCT_CODE,CATEGORY_ID,DISCOUNT,SHIPPING_FEE,SHIPPING_FREE_MINIMUM,DELETE_YN) values (231,'강아지 사료',11111,100,to_timestamp('25/04/03 12:59:07.000000000','RR/MM/DD HH24:MI:SSXFF'),'멍멍펀치',null,'1','강아지,사료',10,2000,50000,'Y');
Insert into SYSTEM.PRODUCT (PRODUCT_ID,PRODUCT_NAME,PRICE,QUANTITY,REGISTRATION_DATE,MANUFACTURER,PRODUCT_TYPE,PRODUCT_CODE,CATEGORY_ID,DISCOUNT,SHIPPING_FEE,SHIPPING_FREE_MINIMUM,DELETE_YN) values (6,'[CAT]고양이 캣닢 볼',12000,150,to_timestamp('25/03/21 00:00:00.000000000','RR/MM/DD HH24:MI:SSXFF'),'캣토이즈','장난감','PETSHOP6','고양이,장난감',10,2000,30000,'N');
Insert into SYSTEM.PRODUCT (PRODUCT_ID,PRODUCT_NAME,PRICE,QUANTITY,REGISTRATION_DATE,MANUFACTURER,PRODUCT_TYPE,PRODUCT_CODE,CATEGORY_ID,DISCOUNT,SHIPPING_FEE,SHIPPING_FREE_MINIMUM,DELETE_YN) values (19,'[CAT]고양이 장난감 낚시대',6000,150,to_timestamp('25/03/12 07:52:30.000000000','RR/MM/DD HH24:MI:SSXFF'),'고양이용품 제조사','고양이 장난감','PETSHOP19','고양이,장난감',10,2000,30000,'N');
Insert into SYSTEM.PRODUCT (PRODUCT_ID,PRODUCT_NAME,PRICE,QUANTITY,REGISTRATION_DATE,MANUFACTURER,PRODUCT_TYPE,PRODUCT_CODE,CATEGORY_ID,DISCOUNT,SHIPPING_FEE,SHIPPING_FREE_MINIMUM,DELETE_YN) values (22,'[CAT]고양이용 맛있는 짜요',9900,150,to_timestamp('25/04/02 07:52:30.000000000','RR/MM/DD HH24:MI:SSXFF'),'펫웰빙','간식','PETSHOP22','고양이,간식',10,2000,30000,'N');
Insert into SYSTEM.PRODUCT (PRODUCT_ID,PRODUCT_NAME,PRICE,QUANTITY,REGISTRATION_DATE,MANUFACTURER,PRODUCT_TYPE,PRODUCT_CODE,CATEGORY_ID,DISCOUNT,SHIPPING_FEE,SHIPPING_FREE_MINIMUM,DELETE_YN) values (23,'[DOG]강아지 위니 유모차',209000,100,to_timestamp('25/04/07 12:59:07.000000000','RR/MM/DD HH24:MI:SSXFF'),'위니','강아지 용품','PETSHOP23','강아지,용품',10,2000,50000,'N');
Insert into SYSTEM.PRODUCT (PRODUCT_ID,PRODUCT_NAME,PRICE,QUANTITY,REGISTRATION_DATE,MANUFACTURER,PRODUCT_TYPE,PRODUCT_CODE,CATEGORY_ID,DISCOUNT,SHIPPING_FEE,SHIPPING_FREE_MINIMUM,DELETE_YN) values (24,'[DOG]강아지 아이소픽스 유모차',300000,100,to_timestamp('25/04/07 16:59:07.000000000','RR/MM/DD HH24:MI:SSXFF'),'아이소픽스','강아지 용품','PETSHOP24','강아지,용품',10,2000,50000,'N');
Insert into SYSTEM.PRODUCT (PRODUCT_ID,PRODUCT_NAME,PRICE,QUANTITY,REGISTRATION_DATE,MANUFACTURER,PRODUCT_TYPE,PRODUCT_CODE,CATEGORY_ID,DISCOUNT,SHIPPING_FEE,SHIPPING_FREE_MINIMUM,DELETE_YN) values (281,'강아지 사료',111111,11,to_timestamp('25/04/11 14:58:34.000000000','RR/MM/DD HH24:MI:SSXFF'),'펫웰빙',null,'PETSHOP522','강아지,장난감',10,2000,30000,'Y');
Insert into SYSTEM.PRODUCT (PRODUCT_ID,PRODUCT_NAME,PRICE,QUANTITY,REGISTRATION_DATE,MANUFACTURER,PRODUCT_TYPE,PRODUCT_CODE,CATEGORY_ID,DISCOUNT,SHIPPING_FEE,SHIPPING_FREE_MINIMUM,DELETE_YN) values (302,'[DOG] 반려동물전용 에어샤워 & 드라이룸',533900,100,to_timestamp('25/04/11 23:07:31.000000000','RR/MM/DD HH24:MI:SSXFF'),'nello',null,'PETSHOP29','강아지,용품',10,2000,30000,'N');
Insert into SYSTEM.PRODUCT (PRODUCT_ID,PRODUCT_NAME,PRICE,QUANTITY,REGISTRATION_DATE,MANUFACTURER,PRODUCT_TYPE,PRODUCT_CODE,CATEGORY_ID,DISCOUNT,SHIPPING_FEE,SHIPPING_FREE_MINIMUM,DELETE_YN) values (241,'오르니 슬라이드 계단',49000,100,to_timestamp('25/04/07 17:06:14.000000000','RR/MM/DD HH24:MI:SSXFF'),'오르니',null,'PETSHOP25','강아지,용품',10,2000,20000,'N');
Insert into SYSTEM.PRODUCT (PRODUCT_ID,PRODUCT_NAME,PRICE,QUANTITY,REGISTRATION_DATE,MANUFACTURER,PRODUCT_TYPE,PRODUCT_CODE,CATEGORY_ID,DISCOUNT,SHIPPING_FEE,SHIPPING_FREE_MINIMUM,DELETE_YN) values (243,'[CAT] 루푸 오픈형 자동 화장실',799000,100,to_timestamp('25/04/07 17:41:13.000000000','RR/MM/DD HH24:MI:SSXFF'),'페스룸',null,'PETSHOP26','고양이,용품',10,2000,100000,'N');
REM INSERTING into SYSTEM.PRODUCT_FILE
SET DEFINE OFF;
Insert into SYSTEM.PRODUCT_FILE (FILE_ID,PRODUCT_ID,FILEPATH,FILENAME,THUMBNAIL,FILE_SIZE,FILE_TYPE) values (4,5,'../img/product/Dog/Dog9-1.jpg','Dog9-1.jpg','N',1048576,'image/jpeg');
Insert into SYSTEM.PRODUCT_FILE (FILE_ID,PRODUCT_ID,FILEPATH,FILENAME,THUMBNAIL,FILE_SIZE,FILE_TYPE) values (5,5,'../img/product/Dog/Dog9-2.jpg','Dog9-2.jpg','Y',1048576,'image/jpeg');
Insert into SYSTEM.PRODUCT_FILE (FILE_ID,PRODUCT_ID,FILEPATH,FILENAME,THUMBNAIL,FILE_SIZE,FILE_TYPE) values (161,323,'../img/product/img/2025314104950946.jpg','캣닢.jpg','Y',43624,'.jpg');
Insert into SYSTEM.PRODUCT_FILE (FILE_ID,PRODUCT_ID,FILEPATH,FILENAME,THUMBNAIL,FILE_SIZE,FILE_TYPE) values (6,1,'../img/product/Dog/Dog1.jpg','Dog1.jpg','N',1048576,'image/png');
Insert into SYSTEM.PRODUCT_FILE (FILE_ID,PRODUCT_ID,FILEPATH,FILENAME,THUMBNAIL,FILE_SIZE,FILE_TYPE) values (7,1,'../img/product/Dog/Dog1-1.jpg','Dog1-1.jpg','Y',1048576,'image/png');
Insert into SYSTEM.PRODUCT_FILE (FILE_ID,PRODUCT_ID,FILEPATH,FILENAME,THUMBNAIL,FILE_SIZE,FILE_TYPE) values (8,1,'../img/product/Dog/Dog1-2.jpg','Dog1-2.jpg','N',1048576,'image/png');
Insert into SYSTEM.PRODUCT_FILE (FILE_ID,PRODUCT_ID,FILEPATH,FILENAME,THUMBNAIL,FILE_SIZE,FILE_TYPE) values (9,3,'../img/product/Dog/Dog2.jpg','Dog2.jpg','Y',1048576,'image/png');
Insert into SYSTEM.PRODUCT_FILE (FILE_ID,PRODUCT_ID,FILEPATH,FILENAME,THUMBNAIL,FILE_SIZE,FILE_TYPE) values (10,3,'../img/product/Dog/Dog2-1.jpg','Dog2-1.jpg','N',1048576,'image/png');
Insert into SYSTEM.PRODUCT_FILE (FILE_ID,PRODUCT_ID,FILEPATH,FILENAME,THUMBNAIL,FILE_SIZE,FILE_TYPE) values (11,3,'../img/product/Dog/Dog2-2.jpg','Dog2-2.jpg','N',1048576,'image/png');
Insert into SYSTEM.PRODUCT_FILE (FILE_ID,PRODUCT_ID,FILEPATH,FILENAME,THUMBNAIL,FILE_SIZE,FILE_TYPE) values (77,231,'../img/product/img/20253410052247.jfif','dw3.jfif','N',179589,'.jfif');
Insert into SYSTEM.PRODUCT_FILE (FILE_ID,PRODUCT_ID,FILEPATH,FILENAME,THUMBNAIL,FILE_SIZE,FILE_TYPE) values (104,17,'../img/product/img/202531144737128.jpg','강아지 침대2.jpg','Y',16307,'.jpg');
Insert into SYSTEM.PRODUCT_FILE (FILE_ID,PRODUCT_ID,FILEPATH,FILENAME,THUMBNAIL,FILE_SIZE,FILE_TYPE) values (171,10,'../img/product/img/202531411058699.jpg','캣타워1.jpg','N',7953,'.jpg');
Insert into SYSTEM.PRODUCT_FILE (FILE_ID,PRODUCT_ID,FILEPATH,FILENAME,THUMBNAIL,FILE_SIZE,FILE_TYPE) values (172,10,'../img/product/img/202531411058739.jpg','캣타워2.jpg','N',33811,'.jpg');
Insert into SYSTEM.PRODUCT_FILE (FILE_ID,PRODUCT_ID,FILEPATH,FILENAME,THUMBNAIL,FILE_SIZE,FILE_TYPE) values (16,15,'../img/product/Dog/Dog4.jpg','Dog4.jpg','Y',1048576,'image/png');
Insert into SYSTEM.PRODUCT_FILE (FILE_ID,PRODUCT_ID,FILEPATH,FILENAME,THUMBNAIL,FILE_SIZE,FILE_TYPE) values (17,15,'../img/product/Dog/Dog4-1.jpg','Dog4-1.jpg','N',1048576,'image/png');
Insert into SYSTEM.PRODUCT_FILE (FILE_ID,PRODUCT_ID,FILEPATH,FILENAME,THUMBNAIL,FILE_SIZE,FILE_TYPE) values (18,15,'../img/product/Dog/Dog4-2.jpg','Dog4-2.jpg','N',1048576,'image/png');
Insert into SYSTEM.PRODUCT_FILE (FILE_ID,PRODUCT_ID,FILEPATH,FILENAME,THUMBNAIL,FILE_SIZE,FILE_TYPE) values (19,13,'../img/product/Dog/Dog5.jpg','Dog5.jpg','Y',1048576,'image/png');
Insert into SYSTEM.PRODUCT_FILE (FILE_ID,PRODUCT_ID,FILEPATH,FILENAME,THUMBNAIL,FILE_SIZE,FILE_TYPE) values (20,13,'../img/product/Dog/Dog5-1.jpg','Dog5-1.jpg','N',1048576,'image/png');
Insert into SYSTEM.PRODUCT_FILE (FILE_ID,PRODUCT_ID,FILEPATH,FILENAME,THUMBNAIL,FILE_SIZE,FILE_TYPE) values (21,13,'../img/product/Dog/Dog5-2.jpg','Dog5-2.jpg','N',1048576,'image/png');
Insert into SYSTEM.PRODUCT_FILE (FILE_ID,PRODUCT_ID,FILEPATH,FILENAME,THUMBNAIL,FILE_SIZE,FILE_TYPE) values (24,9,'../img/product/Dog/Dog6-2.jpg','Dog6-2.jpg','N',1048576,'image/png');
Insert into SYSTEM.PRODUCT_FILE (FILE_ID,PRODUCT_ID,FILEPATH,FILENAME,THUMBNAIL,FILE_SIZE,FILE_TYPE) values (148,19,'../img/product/img/2025314103931617.jpg','장난감 낚시대1.jpg','N',5629,'.jpg');
Insert into SYSTEM.PRODUCT_FILE (FILE_ID,PRODUCT_ID,FILEPATH,FILENAME,THUMBNAIL,FILE_SIZE,FILE_TYPE) values (149,19,'../img/product/img/2025314103931707.jpg','장난감 낚시대2.jpg','N',42201,'.jpg');
Insert into SYSTEM.PRODUCT_FILE (FILE_ID,PRODUCT_ID,FILEPATH,FILENAME,THUMBNAIL,FILE_SIZE,FILE_TYPE) values (28,20,'../img/product/Dog/Dog8.jpg','Dog8.jpg','Y',1048576,'image/png');
Insert into SYSTEM.PRODUCT_FILE (FILE_ID,PRODUCT_ID,FILEPATH,FILENAME,THUMBNAIL,FILE_SIZE,FILE_TYPE) values (29,20,'../img/product/Dog/Dog8-1.jpg','Dog8-1.jpg','N',1048576,'image/png');
Insert into SYSTEM.PRODUCT_FILE (FILE_ID,PRODUCT_ID,FILEPATH,FILENAME,THUMBNAIL,FILE_SIZE,FILE_TYPE) values (30,20,'../img/product/Dog/Dog8-2.jpg','Dog8-2.jpg','N',1048576,'image/png');
Insert into SYSTEM.PRODUCT_FILE (FILE_ID,PRODUCT_ID,FILEPATH,FILENAME,THUMBNAIL,FILE_SIZE,FILE_TYPE) values (31,2,'../img/product/Cat/Cat1.jpg','Cat1.jpg','Y',1048576,'image/png');
Insert into SYSTEM.PRODUCT_FILE (FILE_ID,PRODUCT_ID,FILEPATH,FILENAME,THUMBNAIL,FILE_SIZE,FILE_TYPE) values (32,2,'../img/product/Cat/Cat1-1.jpg','Cat1-1.jpg','N',1048576,'image/png');
Insert into SYSTEM.PRODUCT_FILE (FILE_ID,PRODUCT_ID,FILEPATH,FILENAME,THUMBNAIL,FILE_SIZE,FILE_TYPE) values (75,231,'../img/product/img/20253410052194.jfif','dw.jfif','N',212496,'.jfif');
Insert into SYSTEM.PRODUCT_FILE (FILE_ID,PRODUCT_ID,FILEPATH,FILENAME,THUMBNAIL,FILE_SIZE,FILE_TYPE) values (91,241,'../img/product/img/20253751557951.jpg','Dog15-1.jpg','N',14592,'.jpg');
Insert into SYSTEM.PRODUCT_FILE (FILE_ID,PRODUCT_ID,FILEPATH,FILENAME,THUMBNAIL,FILE_SIZE,FILE_TYPE) values (78,231,'../img/product/img/20253410052263.jfif','dw4.jfif','N',130555,'.jfif');
Insert into SYSTEM.PRODUCT_FILE (FILE_ID,PRODUCT_ID,FILEPATH,FILENAME,THUMBNAIL,FILE_SIZE,FILE_TYPE) values (150,19,'../img/product/img/2025314103931727.jpg','장난감 낚시대3.jpg','N',37759,'.jpg');
Insert into SYSTEM.PRODUCT_FILE (FILE_ID,PRODUCT_ID,FILEPATH,FILENAME,THUMBNAIL,FILE_SIZE,FILE_TYPE) values (33,2,'../img/product/Cat/Cat1-2.jpg','Cat1-2.jpg','N',1048576,'image/png');
Insert into SYSTEM.PRODUCT_FILE (FILE_ID,PRODUCT_ID,FILEPATH,FILENAME,THUMBNAIL,FILE_SIZE,FILE_TYPE) values (69,230,'../img/product/img/20253304843466.jfif','dw3.jfif','N',179589,'.jfif');
Insert into SYSTEM.PRODUCT_FILE (FILE_ID,PRODUCT_ID,FILEPATH,FILENAME,THUMBNAIL,FILE_SIZE,FILE_TYPE) values (67,230,'../img/product/img/20253304843439.jpg','cat.jpg','Y',105291,'.jpg');
Insert into SYSTEM.PRODUCT_FILE (FILE_ID,PRODUCT_ID,FILEPATH,FILENAME,THUMBNAIL,FILE_SIZE,FILE_TYPE) values (68,230,'../img/product/img/20253304843442.jfif','butter.jfif','N',6864,'.jfif');
Insert into SYSTEM.PRODUCT_FILE (FILE_ID,PRODUCT_ID,FILEPATH,FILENAME,THUMBNAIL,FILE_SIZE,FILE_TYPE) values (70,230,'../img/product/img/20253304843481.jfif','dw4.jfif','N',130555,'.jfif');
Insert into SYSTEM.PRODUCT_FILE (FILE_ID,PRODUCT_ID,FILEPATH,FILENAME,THUMBNAIL,FILE_SIZE,FILE_TYPE) values (95,243,'../img/product/img/20253754215280.jpg','Cat11.jpg','Y',32729,'.jpg');
Insert into SYSTEM.PRODUCT_FILE (FILE_ID,PRODUCT_ID,FILEPATH,FILENAME,THUMBNAIL,FILE_SIZE,FILE_TYPE) values (105,17,'../img/product/img/202531144737142.png','강아지 침대3.png','N',232554,'.png');
Insert into SYSTEM.PRODUCT_FILE (FILE_ID,PRODUCT_ID,FILEPATH,FILENAME,THUMBNAIL,FILE_SIZE,FILE_TYPE) values (108,7,'../img/product/img/20253111046584.jpg','장난감 1.jpg','Y',4790,'.jpg');
Insert into SYSTEM.PRODUCT_FILE (FILE_ID,PRODUCT_ID,FILEPATH,FILENAME,THUMBNAIL,FILE_SIZE,FILE_TYPE) values (106,17,'../img/product/img/202531144737172.jpg','강아지 침대4.jpg','N',8723,'.jpg');
Insert into SYSTEM.PRODUCT_FILE (FILE_ID,PRODUCT_ID,FILEPATH,FILENAME,THUMBNAIL,FILE_SIZE,FILE_TYPE) values (112,9,'../img/product/img/202531110461199.jpg','터그.jpg','Y',89410,'.jpg');
Insert into SYSTEM.PRODUCT_FILE (FILE_ID,PRODUCT_ID,FILEPATH,FILENAME,THUMBNAIL,FILE_SIZE,FILE_TYPE) values (115,302,'../img/product/img/202531111733500.jpg','펫.jpg','Y',6774,'.jpg');
Insert into SYSTEM.PRODUCT_FILE (FILE_ID,PRODUCT_ID,FILEPATH,FILENAME,THUMBNAIL,FILE_SIZE,FILE_TYPE) values (164,8,'../img/product/img/202531410551936.png','터널.png','Y',270883,'.png');
Insert into SYSTEM.PRODUCT_FILE (FILE_ID,PRODUCT_ID,FILEPATH,FILENAME,THUMBNAIL,FILE_SIZE,FILE_TYPE) values (151,321,'../img/product/img/2025314104131388.jpg','모래1.jpg','N',7750,'.jpg');
Insert into SYSTEM.PRODUCT_FILE (FILE_ID,PRODUCT_ID,FILEPATH,FILENAME,THUMBNAIL,FILE_SIZE,FILE_TYPE) values (152,321,'../img/product/img/2025314104131384.jpg','모래.jpg','Y',6094,'.jpg');
Insert into SYSTEM.PRODUCT_FILE (FILE_ID,PRODUCT_ID,FILEPATH,FILENAME,THUMBNAIL,FILE_SIZE,FILE_TYPE) values (166,8,'../img/product/img/202531410551971.jpg','터널2.jpg','N',6025,'.jpg');
Insert into SYSTEM.PRODUCT_FILE (FILE_ID,PRODUCT_ID,FILEPATH,FILENAME,THUMBNAIL,FILE_SIZE,FILE_TYPE) values (159,322,'../img/product/img/202531410465987.jpg','해먹2.jpg','N',5264,'.jpg');
Insert into SYSTEM.PRODUCT_FILE (FILE_ID,PRODUCT_ID,FILEPATH,FILENAME,THUMBNAIL,FILE_SIZE,FILE_TYPE) values (153,321,'../img/product/img/2025314104131437.jpg','모래2.jpg','N',7896,'.jpg');
Insert into SYSTEM.PRODUCT_FILE (FILE_ID,PRODUCT_ID,FILEPATH,FILENAME,THUMBNAIL,FILE_SIZE,FILE_TYPE) values (163,323,'../img/product/img/2025314104950993.jpg','캣닢2.jpg','N',6253,'.jpg');
Insert into SYSTEM.PRODUCT_FILE (FILE_ID,PRODUCT_ID,FILEPATH,FILENAME,THUMBNAIL,FILE_SIZE,FILE_TYPE) values (147,19,'../img/product/img/2025314103931611.jpg','장난감 낚시대.jpg','Y',24526,'.jpg');
Insert into SYSTEM.PRODUCT_FILE (FILE_ID,PRODUCT_ID,FILEPATH,FILENAME,THUMBNAIL,FILE_SIZE,FILE_TYPE) values (154,321,'../img/product/img/2025314104131461.jpg','모래3.jpg','N',6063,'.jpg');
Insert into SYSTEM.PRODUCT_FILE (FILE_ID,PRODUCT_ID,FILEPATH,FILENAME,THUMBNAIL,FILE_SIZE,FILE_TYPE) values (155,12,'../img/product/img/2025314104451999.jpg','스크1.jpg','Y',400874,'.jpg');
Insert into SYSTEM.PRODUCT_FILE (FILE_ID,PRODUCT_ID,FILEPATH,FILENAME,THUMBNAIL,FILE_SIZE,FILE_TYPE) values (158,322,'../img/product/img/202531410465983.jpg','해먹1.jpg','Y',42507,'.jpg');
Insert into SYSTEM.PRODUCT_FILE (FILE_ID,PRODUCT_ID,FILEPATH,FILENAME,THUMBNAIL,FILE_SIZE,FILE_TYPE) values (160,322,'../img/product/img/2025314104659124.jpg','해먹3.jpg','N',36158,'.jpg');
Insert into SYSTEM.PRODUCT_FILE (FILE_ID,PRODUCT_ID,FILEPATH,FILENAME,THUMBNAIL,FILE_SIZE,FILE_TYPE) values (162,323,'../img/product/img/2025314104950947.jpg','캣닢1.jpg','N',5758,'.jpg');
Insert into SYSTEM.PRODUCT_FILE (FILE_ID,PRODUCT_ID,FILEPATH,FILENAME,THUMBNAIL,FILE_SIZE,FILE_TYPE) values (165,8,'../img/product/img/202531410551936.jpg','터널1.jpg','N',9936,'.jpg');
Insert into SYSTEM.PRODUCT_FILE (FILE_ID,PRODUCT_ID,FILEPATH,FILENAME,THUMBNAIL,FILE_SIZE,FILE_TYPE) values (167,4,'../img/product/img/2025314105830661.jpg','영양제.jpg','Y',7005,'.jpg');
Insert into SYSTEM.PRODUCT_FILE (FILE_ID,PRODUCT_ID,FILEPATH,FILENAME,THUMBNAIL,FILE_SIZE,FILE_TYPE) values (175,361,'../img/product/img/20253154120650.jpg','스크래쳐1.jpg','Y',5087,'.jpg');
Insert into SYSTEM.PRODUCT_FILE (FILE_ID,PRODUCT_ID,FILEPATH,FILENAME,THUMBNAIL,FILE_SIZE,FILE_TYPE) values (61,22,'../img/product/Cat/Cat10.jpg','Cat10.jpg','Y',1048576,'image/png');
Insert into SYSTEM.PRODUCT_FILE (FILE_ID,PRODUCT_ID,FILEPATH,FILENAME,THUMBNAIL,FILE_SIZE,FILE_TYPE) values (62,22,'../img/product/Cat/Cat10-1.jpg','Cat10-1.jpg','N',1048576,'image/png');
Insert into SYSTEM.PRODUCT_FILE (FILE_ID,PRODUCT_ID,FILEPATH,FILENAME,THUMBNAIL,FILE_SIZE,FILE_TYPE) values (63,22,'../img/product/Cat/Cat10-2.jpg','Cat10-2.jpg','N',1048576,'image/png');
Insert into SYSTEM.PRODUCT_FILE (FILE_ID,PRODUCT_ID,FILEPATH,FILENAME,THUMBNAIL,FILE_SIZE,FILE_TYPE) values (64,21,'../img/product/Dog/Dog12.jpg','Dog12.jpg','Y',1048576,'image/png');
Insert into SYSTEM.PRODUCT_FILE (FILE_ID,PRODUCT_ID,FILEPATH,FILENAME,THUMBNAIL,FILE_SIZE,FILE_TYPE) values (65,21,'../img/product/Dog/Dog12-1.jpg','Dog12-1.jpg','N',1048576,'image/png');
Insert into SYSTEM.PRODUCT_FILE (FILE_ID,PRODUCT_ID,FILEPATH,FILENAME,THUMBNAIL,FILE_SIZE,FILE_TYPE) values (66,21,'../img/product/Dog/Dog12-2.jpg','Dog12-2.jpg','N',1048576,'image/png');
Insert into SYSTEM.PRODUCT_FILE (FILE_ID,PRODUCT_ID,FILEPATH,FILENAME,THUMBNAIL,FILE_SIZE,FILE_TYPE) values (71,231,'../img/product/img/2025330594657.png','black.png','N',2096,'.png');
Insert into SYSTEM.PRODUCT_FILE (FILE_ID,PRODUCT_ID,FILEPATH,FILENAME,THUMBNAIL,FILE_SIZE,FILE_TYPE) values (73,231,'../img/product/img/2025330594671.jfif','butter.jfif','N',6864,'.jfif');
Insert into SYSTEM.PRODUCT_FILE (FILE_ID,PRODUCT_ID,FILEPATH,FILENAME,THUMBNAIL,FILE_SIZE,FILE_TYPE) values (103,11,'../img/product/img/202531143824865.jpg','강아지 가방5.jpg','N',4129,'.jpg');
Insert into SYSTEM.PRODUCT_FILE (FILE_ID,PRODUCT_ID,FILEPATH,FILENAME,THUMBNAIL,FILE_SIZE,FILE_TYPE) values (101,11,'../img/product/img/202531143824794.jpg','강아지 가방3.jpg','N',5670,'.jpg');
Insert into SYSTEM.PRODUCT_FILE (FILE_ID,PRODUCT_ID,FILEPATH,FILENAME,THUMBNAIL,FILE_SIZE,FILE_TYPE) values (102,11,'../img/product/img/202531143824834.jpg','강아지 가방4.jpg','N',32015,'.jpg');
Insert into SYSTEM.PRODUCT_FILE (FILE_ID,PRODUCT_ID,FILEPATH,FILENAME,THUMBNAIL,FILE_SIZE,FILE_TYPE) values (173,341,'../img/product/img/20253147016233.jpg','20253304843442.jpg','Y',6864,'.jpg');
Insert into SYSTEM.PRODUCT_FILE (FILE_ID,PRODUCT_ID,FILEPATH,FILENAME,THUMBNAIL,FILE_SIZE,FILE_TYPE) values (180,381,'../img/product/img/2025316105039243.png','캡처-removebg-preview.png','N',86299,'.png');
Insert into SYSTEM.PRODUCT_FILE (FILE_ID,PRODUCT_ID,FILEPATH,FILENAME,THUMBNAIL,FILE_SIZE,FILE_TYPE) values (79,231,'../img/product/img/20253464046235.png','poket1.png','N',331205,'.png');
Insert into SYSTEM.PRODUCT_FILE (FILE_ID,PRODUCT_ID,FILEPATH,FILENAME,THUMBNAIL,FILE_SIZE,FILE_TYPE) values (93,243,'../img/product/img/20253754120505.jpg','Cat11-1.jpg','N',3956,'.jpg');
Insert into SYSTEM.PRODUCT_FILE (FILE_ID,PRODUCT_ID,FILEPATH,FILENAME,THUMBNAIL,FILE_SIZE,FILE_TYPE) values (94,243,'../img/product/img/20253754120563.jpg','Cat11-2.jpg','N',3486,'.jpg');
Insert into SYSTEM.PRODUCT_FILE (FILE_ID,PRODUCT_ID,FILEPATH,FILENAME,THUMBNAIL,FILE_SIZE,FILE_TYPE) values (114,9,'../img/product/img/2025311104611139.jpg','터그2.jpg','N',7204,'.jpg');
Insert into SYSTEM.PRODUCT_FILE (FILE_ID,PRODUCT_ID,FILEPATH,FILENAME,THUMBNAIL,FILE_SIZE,FILE_TYPE) values (109,7,'../img/product/img/20253111046634.jpg','장난감 3.jpg','N',5708,'.jpg');
Insert into SYSTEM.PRODUCT_FILE (FILE_ID,PRODUCT_ID,FILEPATH,FILENAME,THUMBNAIL,FILE_SIZE,FILE_TYPE) values (110,7,'../img/product/img/20253111046651.jpg','장난감 4.jpg','N',7095,'.jpg');
Insert into SYSTEM.PRODUCT_FILE (FILE_ID,PRODUCT_ID,FILEPATH,FILENAME,THUMBNAIL,FILE_SIZE,FILE_TYPE) values (111,7,'../img/product/img/20253111046668.jpg','장난감 5.jpg','N',5504,'.jpg');
Insert into SYSTEM.PRODUCT_FILE (FILE_ID,PRODUCT_ID,FILEPATH,FILENAME,THUMBNAIL,FILE_SIZE,FILE_TYPE) values (113,9,'../img/product/img/2025311104611104.jpg','터그1.jpg','N',8322,'.jpg');
Insert into SYSTEM.PRODUCT_FILE (FILE_ID,PRODUCT_ID,FILEPATH,FILENAME,THUMBNAIL,FILE_SIZE,FILE_TYPE) values (116,302,'../img/product/img/202531111733518.jpg','펫2.jpg','N',7164,'.jpg');
Insert into SYSTEM.PRODUCT_FILE (FILE_ID,PRODUCT_ID,FILEPATH,FILENAME,THUMBNAIL,FILE_SIZE,FILE_TYPE) values (117,302,'../img/product/img/202531111733554.jpg','펫3.jpg','N',5942,'.jpg');
Insert into SYSTEM.PRODUCT_FILE (FILE_ID,PRODUCT_ID,FILEPATH,FILENAME,THUMBNAIL,FILE_SIZE,FILE_TYPE) values (176,361,'../img/product/img/20253154120652.jpg','스크래쳐2.jpg','N',7761,'.jpg');
Insert into SYSTEM.PRODUCT_FILE (FILE_ID,PRODUCT_ID,FILEPATH,FILENAME,THUMBNAIL,FILE_SIZE,FILE_TYPE) values (177,361,'../img/product/img/20253154120688.jpg','스크래쳐3.jpg','N',6458,'.jpg');
Insert into SYSTEM.PRODUCT_FILE (FILE_ID,PRODUCT_ID,FILEPATH,FILENAME,THUMBNAIL,FILE_SIZE,FILE_TYPE) values (169,4,'../img/product/img/2025314105830705.jpg','영양제2.jpg','N',7923,'.jpg');
Insert into SYSTEM.PRODUCT_FILE (FILE_ID,PRODUCT_ID,FILEPATH,FILENAME,THUMBNAIL,FILE_SIZE,FILE_TYPE) values (170,10,'../img/product/img/202531411058697.jpg','캣타워.jpg','Y',166418,'.jpg');
Insert into SYSTEM.PRODUCT_FILE (FILE_ID,PRODUCT_ID,FILEPATH,FILENAME,THUMBNAIL,FILE_SIZE,FILE_TYPE) values (168,4,'../img/product/img/2025314105830673.jpg','영양제1.jpg','N',7710,'.jpg');
Insert into SYSTEM.PRODUCT_FILE (FILE_ID,PRODUCT_ID,FILEPATH,FILENAME,THUMBNAIL,FILE_SIZE,FILE_TYPE) values (37,14,'../img/product/Cat/Cat3.jpg','Cat3.jpg','Y',1048576,'image/png');
Insert into SYSTEM.PRODUCT_FILE (FILE_ID,PRODUCT_ID,FILEPATH,FILENAME,THUMBNAIL,FILE_SIZE,FILE_TYPE) values (1,5,'../img/product/Dog/Dog9.jpg','Dog9.jpg','N',1048576,'image/jpeg');
Insert into SYSTEM.PRODUCT_FILE (FILE_ID,PRODUCT_ID,FILEPATH,FILENAME,THUMBNAIL,FILE_SIZE,FILE_TYPE) values (40,18,'../img/product/Cat/Cat4.jpg','Cat4.jpg','Y',1048576,'image/png');
Insert into SYSTEM.PRODUCT_FILE (FILE_ID,PRODUCT_ID,FILEPATH,FILENAME,THUMBNAIL,FILE_SIZE,FILE_TYPE) values (38,14,'../img/product/Cat/Cat3-1.jpg','Cat3-1.jpg','N',1048576,'image/png');
Insert into SYSTEM.PRODUCT_FILE (FILE_ID,PRODUCT_ID,FILEPATH,FILENAME,THUMBNAIL,FILE_SIZE,FILE_TYPE) values (39,14,'../img/product/Cat/Cat3-2.jpg','Cat3-2.jpg','N',1048576,'image/png');
Insert into SYSTEM.PRODUCT_FILE (FILE_ID,PRODUCT_ID,FILEPATH,FILENAME,THUMBNAIL,FILE_SIZE,FILE_TYPE) values (41,18,'../img/product/Cat/Cat4-1.jpg','Cat4-1.jpg','N',1048576,'image/png');
Insert into SYSTEM.PRODUCT_FILE (FILE_ID,PRODUCT_ID,FILEPATH,FILENAME,THUMBNAIL,FILE_SIZE,FILE_TYPE) values (42,18,'../img/product/Cat/Cat4-2.jpg','Cat4-2.jpg','N',1048576,'image/png');
Insert into SYSTEM.PRODUCT_FILE (FILE_ID,PRODUCT_ID,FILEPATH,FILENAME,THUMBNAIL,FILE_SIZE,FILE_TYPE) values (43,16,'../img/product/Dog/Dog11.jpg','Dog11.jpg','Y',1048576,'image/png');
Insert into SYSTEM.PRODUCT_FILE (FILE_ID,PRODUCT_ID,FILEPATH,FILENAME,THUMBNAIL,FILE_SIZE,FILE_TYPE) values (44,16,'../img/product/Dog/Dog11-1.jpg','Dog11-1.jpg','N',1048576,'image/png');
Insert into SYSTEM.PRODUCT_FILE (FILE_ID,PRODUCT_ID,FILEPATH,FILENAME,THUMBNAIL,FILE_SIZE,FILE_TYPE) values (45,16,'../img/product/Dog/Dog11-2.jpg','Dog11-2.jpg','N',1048576,'image/png');
Insert into SYSTEM.PRODUCT_FILE (FILE_ID,PRODUCT_ID,FILEPATH,FILENAME,THUMBNAIL,FILE_SIZE,FILE_TYPE) values (174,342,'../img/product/img/202531472731941.jpg','20253304843442.jpg','Y',6864,'.jpg');
Insert into SYSTEM.PRODUCT_FILE (FILE_ID,PRODUCT_ID,FILEPATH,FILENAME,THUMBNAIL,FILE_SIZE,FILE_TYPE) values (156,12,'../img/product/img/2025314104451996.jpg','스크2.jpg','N',6458,'.jpg');
Insert into SYSTEM.PRODUCT_FILE (FILE_ID,PRODUCT_ID,FILEPATH,FILENAME,THUMBNAIL,FILE_SIZE,FILE_TYPE) values (157,12,'../img/product/img/202531410445227.jpg','스크3.jpg','N',42063,'.jpg');
Insert into SYSTEM.PRODUCT_FILE (FILE_ID,PRODUCT_ID,FILEPATH,FILENAME,THUMBNAIL,FILE_SIZE,FILE_TYPE) values (58,6,'../img/product/Cat/Cat9.jpg','Cat9.jpg','Y',1048576,'image/png');
Insert into SYSTEM.PRODUCT_FILE (FILE_ID,PRODUCT_ID,FILEPATH,FILENAME,THUMBNAIL,FILE_SIZE,FILE_TYPE) values (59,6,'../img/product/Cat/Cat9-1.jpg','Cat9-1.jpg','N',1048576,'image/png');
Insert into SYSTEM.PRODUCT_FILE (FILE_ID,PRODUCT_ID,FILEPATH,FILENAME,THUMBNAIL,FILE_SIZE,FILE_TYPE) values (60,6,'../img/product/Cat/Cat9-2.jpg','Cat9-2.jpg','N',1048576,'image/png');
Insert into SYSTEM.PRODUCT_FILE (FILE_ID,PRODUCT_ID,FILEPATH,FILENAME,THUMBNAIL,FILE_SIZE,FILE_TYPE) values (72,231,'../img/product/img/2025330594642.jfif','dw4.jfif','Y',130555,'.jfif');
Insert into SYSTEM.PRODUCT_FILE (FILE_ID,PRODUCT_ID,FILEPATH,FILENAME,THUMBNAIL,FILE_SIZE,FILE_TYPE) values (80,23,'../img/product/Dog/Dog13.jpg','Dog13.jpg','Y',1048576,'image/png');
Insert into SYSTEM.PRODUCT_FILE (FILE_ID,PRODUCT_ID,FILEPATH,FILENAME,THUMBNAIL,FILE_SIZE,FILE_TYPE) values (81,23,'../img/product/Dog/Dog13-1.jpg','Dog13-1.jpg','N',1048576,'image/png');
Insert into SYSTEM.PRODUCT_FILE (FILE_ID,PRODUCT_ID,FILEPATH,FILENAME,THUMBNAIL,FILE_SIZE,FILE_TYPE) values (82,23,'../img/product/Dog/Dog13-2.jpg','Dog13-2.jpg','N',1048576,'image/png');
Insert into SYSTEM.PRODUCT_FILE (FILE_ID,PRODUCT_ID,FILEPATH,FILENAME,THUMBNAIL,FILE_SIZE,FILE_TYPE) values (83,24,'../img/product/Dog/Dog14.jpg','Dog14.jpg','Y',1048576,'image/png');
Insert into SYSTEM.PRODUCT_FILE (FILE_ID,PRODUCT_ID,FILEPATH,FILENAME,THUMBNAIL,FILE_SIZE,FILE_TYPE) values (84,24,'../img/product/Dog/Dog14-1.jpg','Dog14-1.jpg','N',1048576,'image/png');
Insert into SYSTEM.PRODUCT_FILE (FILE_ID,PRODUCT_ID,FILEPATH,FILENAME,THUMBNAIL,FILE_SIZE,FILE_TYPE) values (85,24,'../img/product/Dog/Dog14-2.jpg','Dog14-2.jpg','N',1048576,'image/png');
Insert into SYSTEM.PRODUCT_FILE (FILE_ID,PRODUCT_ID,FILEPATH,FILENAME,THUMBNAIL,FILE_SIZE,FILE_TYPE) values (87,241,'../img/product/img/2025375917969.jpg','Dog15.jpg','Y',45746,'.jpg');
Insert into SYSTEM.PRODUCT_FILE (FILE_ID,PRODUCT_ID,FILEPATH,FILENAME,THUMBNAIL,FILE_SIZE,FILE_TYPE) values (89,242,'../img/product/img/20253751035347.jpg','Dog15-1.jpg','N',14592,'.jpg');
Insert into SYSTEM.PRODUCT_FILE (FILE_ID,PRODUCT_ID,FILEPATH,FILENAME,THUMBNAIL,FILE_SIZE,FILE_TYPE) values (100,11,'../img/product/img/202531143824790.jpg','강아지 가방2.jpg','Y',242880,'.jpg');
REM INSERTING into SYSTEM.PRODUCT_QNA
SET DEFINE OFF;
Insert into SYSTEM.PRODUCT_QNA (QNA_ID,PRODUCT_ID,USER_ID,TITLE,CREATED_AT,ANSWERED_AT) values (24,9,'aa','잘팔리나요?',to_date('25/04/13','RR/MM/DD'),to_date('25/04/13','RR/MM/DD'));
Insert into SYSTEM.PRODUCT_QNA (QNA_ID,PRODUCT_ID,USER_ID,TITLE,CREATED_AT,ANSWERED_AT) values (27,10,'aa','안팔릴거 같아요',to_date('25/04/15','RR/MM/DD'),to_date('25/04/15','RR/MM/DD'));
Insert into SYSTEM.PRODUCT_QNA (QNA_ID,PRODUCT_ID,USER_ID,TITLE,CREATED_AT,ANSWERED_AT) values (23,19,'as789','장난감에 깃털',to_date('25/04/11','RR/MM/DD'),to_date('25/04/11','RR/MM/DD'));
Insert into SYSTEM.PRODUCT_QNA (QNA_ID,PRODUCT_ID,USER_ID,TITLE,CREATED_AT,ANSWERED_AT) values (20,243,'suika','상품 도대체 언제 도착하나요?',to_date('25/04/11','RR/MM/DD'),to_date('25/04/11','RR/MM/DD'));
Insert into SYSTEM.PRODUCT_QNA (QNA_ID,PRODUCT_ID,USER_ID,TITLE,CREATED_AT,ANSWERED_AT) values (25,243,'dh112800','상품 문의 드립니다',to_date('25/04/14','RR/MM/DD'),to_date('25/04/14','RR/MM/DD'));
Insert into SYSTEM.PRODUCT_QNA (QNA_ID,PRODUCT_ID,USER_ID,TITLE,CREATED_AT,ANSWERED_AT) values (28,243,'test1313','문의테스트',to_date('25/04/16','RR/MM/DD'),to_date('25/04/16','RR/MM/DD'));
Insert into SYSTEM.PRODUCT_QNA (QNA_ID,PRODUCT_ID,USER_ID,TITLE,CREATED_AT,ANSWERED_AT) values (21,9,'glodstone2','안녕하세요',to_date('25/04/11','RR/MM/DD'),to_date('25/04/11','RR/MM/DD'));
Insert into SYSTEM.PRODUCT_QNA (QNA_ID,PRODUCT_ID,USER_ID,TITLE,CREATED_AT,ANSWERED_AT) values (22,9,'glodstone2','우리애들 이쁘게 생겼나요?',to_date('25/04/11','RR/MM/DD'),to_date('25/04/11','RR/MM/DD'));
REM INSERTING into SYSTEM.PRODUCT_REVIEWS
SET DEFINE OFF;
Insert into SYSTEM.PRODUCT_REVIEWS (REVIEW_ID,RATING,CREATED_AT,PRODUCT_ID,USER_ID,TITLE,HELPCNT,DELETE_YN) values (387,5,to_timestamp('25/04/11 18:43:30.000000000','RR/MM/DD HH24:MI:SSXFF'),9,'dh112800','너무 좋아요~',1,'N');
Insert into SYSTEM.PRODUCT_REVIEWS (REVIEW_ID,RATING,CREATED_AT,PRODUCT_ID,USER_ID,TITLE,HELPCNT,DELETE_YN) values (421,4,to_timestamp('25/04/14 14:33:08.000000000','RR/MM/DD HH24:MI:SSXFF'),243,'dh112800','제품 상태',0,'N');
Insert into SYSTEM.PRODUCT_REVIEWS (REVIEW_ID,RATING,CREATED_AT,PRODUCT_ID,USER_ID,TITLE,HELPCNT,DELETE_YN) values (429,4,to_timestamp('25/04/14 18:18:45.000000000','RR/MM/DD HH24:MI:SSXFF'),19,'suika','에에에에',0,'N');
Insert into SYSTEM.PRODUCT_REVIEWS (REVIEW_ID,RATING,CREATED_AT,PRODUCT_ID,USER_ID,TITLE,HELPCNT,DELETE_YN) values (401,1,to_timestamp('25/04/13 19:45:29.000000000','RR/MM/DD HH24:MI:SSXFF'),14,'aa','11',0,'N');
Insert into SYSTEM.PRODUCT_REVIEWS (REVIEW_ID,RATING,CREATED_AT,PRODUCT_ID,USER_ID,TITLE,HELPCNT,DELETE_YN) values (423,3,to_timestamp('25/04/14 14:35:15.000000000','RR/MM/DD HH24:MI:SSXFF'),243,'user1004','편하고 좋아요',2,'Y');
Insert into SYSTEM.PRODUCT_REVIEWS (REVIEW_ID,RATING,CREATED_AT,PRODUCT_ID,USER_ID,TITLE,HELPCNT,DELETE_YN) values (424,2,to_timestamp('25/04/14 14:36:36.000000000','RR/MM/DD HH24:MI:SSXFF'),243,'dh112800','비싸..',4,'N');
Insert into SYSTEM.PRODUCT_REVIEWS (REVIEW_ID,RATING,CREATED_AT,PRODUCT_ID,USER_ID,TITLE,HELPCNT,DELETE_YN) values (425,4,to_timestamp('25/04/14 18:16:40.000000000','RR/MM/DD HH24:MI:SSXFF'),19,'aa','리뷰 테스트',0,'N');
Insert into SYSTEM.PRODUCT_REVIEWS (REVIEW_ID,RATING,CREATED_AT,PRODUCT_ID,USER_ID,TITLE,HELPCNT,DELETE_YN) values (428,4,to_timestamp('25/04/14 18:17:50.000000000','RR/MM/DD HH24:MI:SSXFF'),19,'suika','이런 리뷰는 어때요',0,'N');
Insert into SYSTEM.PRODUCT_REVIEWS (REVIEW_ID,RATING,CREATED_AT,PRODUCT_ID,USER_ID,TITLE,HELPCNT,DELETE_YN) values (441,3,to_timestamp('25/04/15 15:54:22.000000000','RR/MM/DD HH24:MI:SSXFF'),9,'gyodong','후기 작성',0,'N');
Insert into SYSTEM.PRODUCT_REVIEWS (REVIEW_ID,RATING,CREATED_AT,PRODUCT_ID,USER_ID,TITLE,HELPCNT,DELETE_YN) values (389,5,to_timestamp('25/04/11 23:09:18.000000000','RR/MM/DD HH24:MI:SSXFF'),243,'aa','너무 편리해요~',2,'N');
Insert into SYSTEM.PRODUCT_REVIEWS (REVIEW_ID,RATING,CREATED_AT,PRODUCT_ID,USER_ID,TITLE,HELPCNT,DELETE_YN) values (385,2,to_timestamp('25/04/11 17:31:51.000000000','RR/MM/DD HH24:MI:SSXFF'),6,'suika','고양이가 취해서 정신을 못차리네요',1,'N');
Insert into SYSTEM.PRODUCT_REVIEWS (REVIEW_ID,RATING,CREATED_AT,PRODUCT_ID,USER_ID,TITLE,HELPCNT,DELETE_YN) values (422,5,to_timestamp('25/04/14 14:34:32.000000000','RR/MM/DD HH24:MI:SSXFF'),243,'user1004','너무!!',1,'N');
Insert into SYSTEM.PRODUCT_REVIEWS (REVIEW_ID,RATING,CREATED_AT,PRODUCT_ID,USER_ID,TITLE,HELPCNT,DELETE_YN) values (381,1,to_timestamp('25/04/11 17:03:33.000000000','RR/MM/DD HH24:MI:SSXFF'),243,'suika','이 제품 비싸기만 하네요',2,'N');
Insert into SYSTEM.PRODUCT_REVIEWS (REVIEW_ID,RATING,CREATED_AT,PRODUCT_ID,USER_ID,TITLE,HELPCNT,DELETE_YN) values (386,5,to_timestamp('25/04/11 18:03:36.000000000','RR/MM/DD HH24:MI:SSXFF'),22,'aa','우리집 고양이가 이거 먹고서 키가 2m80cm가 되버렸어요 짱이에여',0,'N');
Insert into SYSTEM.PRODUCT_REVIEWS (REVIEW_ID,RATING,CREATED_AT,PRODUCT_ID,USER_ID,TITLE,HELPCNT,DELETE_YN) values (388,4,to_timestamp('25/04/11 18:50:20.000000000','RR/MM/DD HH24:MI:SSXFF'),19,'as789','너무 좋아요!',7,'N');
Insert into SYSTEM.PRODUCT_REVIEWS (REVIEW_ID,RATING,CREATED_AT,PRODUCT_ID,USER_ID,TITLE,HELPCNT,DELETE_YN) values (426,3,to_timestamp('25/04/14 18:16:55.000000000','RR/MM/DD HH24:MI:SSXFF'),19,'aa','리뷰에요',0,'N');
Insert into SYSTEM.PRODUCT_REVIEWS (REVIEW_ID,RATING,CREATED_AT,PRODUCT_ID,USER_ID,TITLE,HELPCNT,DELETE_YN) values (427,2,to_timestamp('25/04/14 18:17:35.000000000','RR/MM/DD HH24:MI:SSXFF'),19,'aa','리뷰테스트 글',0,'N');
REM INSERTING into SYSTEM.REVIEW_FILE
SET DEFINE OFF;
Insert into SYSTEM.REVIEW_FILE (FILENO,REVIEW_ID,FILEPATH,FILENAME,FILEORGNAME,FILESIZE,FILEETC,THUMB_YN) values (11,127,'../img/product/Review/202522711408894.png','202522711408894.png','cat6.png','168753','.png','N');
Insert into SYSTEM.REVIEW_FILE (FILENO,REVIEW_ID,FILEPATH,FILENAME,FILEORGNAME,FILESIZE,FILEETC,THUMB_YN) values (13,128,'../img/product/Review/2025227114642247.jpg','2025227114642247.jpg','apple.jpg','5026','.jpg','Y');
Insert into SYSTEM.REVIEW_FILE (FILENO,REVIEW_ID,FILEPATH,FILENAME,FILEORGNAME,FILESIZE,FILEETC,THUMB_YN) values (19,216,'../img/product/Review/202523153723124.png','202523153723124.png','git.png','2940','.png','Y');
Insert into SYSTEM.REVIEW_FILE (FILENO,REVIEW_ID,FILEPATH,FILENAME,FILEORGNAME,FILESIZE,FILEETC,THUMB_YN) values (23,382,'../img/product/Review/202531151125569.png','202531151125569.png','coupon_reversed_colors.png','3073','.png','Y');
Insert into SYSTEM.REVIEW_FILE (FILENO,REVIEW_ID,FILEPATH,FILENAME,FILEORGNAME,FILESIZE,FILEETC,THUMB_YN) values (29,401,'../img/product/Review/202531384950431.jpg','202531384950431.jpg','thumb_d_2F583E5543F7E19139C6FCFFBF9607A6 (1).jpg','691962','.jpg','N');
Insert into SYSTEM.REVIEW_FILE (FILENO,REVIEW_ID,FILEPATH,FILENAME,FILEORGNAME,FILESIZE,FILEETC,THUMB_YN) values (30,401,'../img/product/Review/202531384950444.avif','202531384950444.avif','scenic-view-landscape-sunrise_1048944-29839532.avif','56901','.avif','N');
Insert into SYSTEM.REVIEW_FILE (FILENO,REVIEW_ID,FILEPATH,FILENAME,FILEORGNAME,FILESIZE,FILEETC,THUMB_YN) values (27,401,'../img/product/Review/202531384950400.jfif','202531384950400.jfif','premium_photo-1661878589476-bcad7fe1b8c5.jfif','1675258','.jfif','Y');
Insert into SYSTEM.REVIEW_FILE (FILENO,REVIEW_ID,FILEPATH,FILENAME,FILEORGNAME,FILESIZE,FILEETC,THUMB_YN) values (28,401,'../img/product/Review/202531384950419.jfif','202531384950419.jfif','images.jfif','2677','.jfif','N');
Insert into SYSTEM.REVIEW_FILE (FILENO,REVIEW_ID,FILEPATH,FILENAME,FILEORGNAME,FILESIZE,FILEETC,THUMB_YN) values (31,401,'../img/product/Review/202531384950456.jpg','202531384950456.jpg','thumb_d_2F583E5543F7E19139C6FCFFBF9607A6.jpg','691962','.jpg','N');
Insert into SYSTEM.REVIEW_FILE (FILENO,REVIEW_ID,FILEPATH,FILENAME,FILEORGNAME,FILESIZE,FILEETC,THUMB_YN) values (8,124,'../img/product/Review/20252271180143.jpg','20252271180143.jpg','라떼1.jpg','92836','.jpg','N');
Insert into SYSTEM.REVIEW_FILE (FILENO,REVIEW_ID,FILEPATH,FILENAME,FILEORGNAME,FILESIZE,FILEETC,THUMB_YN) values (17,214,'../img/product/Review/202523153532976.jpg','202523153532976.jpg','poke.jpg','389426','.jpg','Y');
Insert into SYSTEM.REVIEW_FILE (FILENO,REVIEW_ID,FILEPATH,FILENAME,FILEORGNAME,FILESIZE,FILEETC,THUMB_YN) values (18,215,'../img/product/Review/202523153651620.png','202523153651620.png','kakao_login_medium_narrow.png','3507','.png','Y');
Insert into SYSTEM.REVIEW_FILE (FILENO,REVIEW_ID,FILEPATH,FILENAME,FILEORGNAME,FILESIZE,FILEETC,THUMB_YN) values (21,382,'../img/product/Review/20253115941304.png','20253115941304.png','coupon_reversed_colors.png','3073','.png','Y');
Insert into SYSTEM.REVIEW_FILE (FILENO,REVIEW_ID,FILEPATH,FILENAME,FILEORGNAME,FILESIZE,FILEETC,THUMB_YN) values (32,429,'../img/product/Review/202531461845561.jpg','202531461845561.jpg','20253304843442.jpg','6864','.jpg','Y');
Insert into SYSTEM.REVIEW_FILE (FILENO,REVIEW_ID,FILEPATH,FILENAME,FILEORGNAME,FILESIZE,FILEETC,THUMB_YN) values (5,121,'../img/product/Review/202522711623750.jpg','202522711623750.jpg','라떼1.jpg','92836','.jpg','N');
Insert into SYSTEM.REVIEW_FILE (FILENO,REVIEW_ID,FILEPATH,FILENAME,FILEORGNAME,FILESIZE,FILEETC,THUMB_YN) values (9,125,'../img/product/Review/2025227111018890.jpg','2025227111018890.jpg','라떼1.jpg','92836','.jpg','N');
Insert into SYSTEM.REVIEW_FILE (FILENO,REVIEW_ID,FILEPATH,FILENAME,FILEORGNAME,FILESIZE,FILEETC,THUMB_YN) values (14,129,'../img/product/Review/2025227114746638.jpg','2025227114746638.jpg','cat1.jpg','19865','.jpg','Y');
Insert into SYSTEM.REVIEW_FILE (FILENO,REVIEW_ID,FILEPATH,FILENAME,FILEORGNAME,FILESIZE,FILEETC,THUMB_YN) values (15,141,'../img/product/Review/20252282425753.png','20252282425753.png','git.png','2940','.png','Y');
Insert into SYSTEM.REVIEW_FILE (FILENO,REVIEW_ID,FILEPATH,FILENAME,FILEORGNAME,FILESIZE,FILEETC,THUMB_YN) values (16,181,'../img/product/Review/202523110408692.jpg','202523110408692.jpg','poke.jpg','389426','.jpg','Y');
Insert into SYSTEM.REVIEW_FILE (FILENO,REVIEW_ID,FILEPATH,FILENAME,FILEORGNAME,FILESIZE,FILEETC,THUMB_YN) values (24,382,'../img/product/Review/20253115126979.png','20253115126979.png','coupon_shape_only.png','3063','.png','Y');
Insert into SYSTEM.REVIEW_FILE (FILENO,REVIEW_ID,FILEPATH,FILENAME,FILEORGNAME,FILESIZE,FILEETC,THUMB_YN) values (20,382,'../img/product/Review/20253115819146.jpg','20253115819146.jpg','poke.jpg','389426','.jpg','Y');
Insert into SYSTEM.REVIEW_FILE (FILENO,REVIEW_ID,FILEPATH,FILENAME,FILEORGNAME,FILESIZE,FILEETC,THUMB_YN) values (22,382,'../img/product/Review/202531151035554.png','202531151035554.png','주먹 아이콘.png','3574','.png','Y');
Insert into SYSTEM.REVIEW_FILE (FILENO,REVIEW_ID,FILEPATH,FILENAME,FILEORGNAME,FILESIZE,FILEETC,THUMB_YN) values (6,122,'../img/product/Review/202522711631483.jpg','202522711631483.jpg','라떼1.jpg','92836','.jpg','N');
Insert into SYSTEM.REVIEW_FILE (FILENO,REVIEW_ID,FILEPATH,FILENAME,FILEORGNAME,FILESIZE,FILEETC,THUMB_YN) values (7,123,'../img/product/Review/202522711731507.jpg','202522711731507.jpg','라떼1.jpg','92836','.jpg','N');
Insert into SYSTEM.REVIEW_FILE (FILENO,REVIEW_ID,FILEPATH,FILENAME,FILEORGNAME,FILESIZE,FILEETC,THUMB_YN) values (3,107,'../img/product/Review/202522651813773.jpg','202522651813773.jpg','PoKeMoN2.jpg','17620','.jpg','Y');
Insert into SYSTEM.REVIEW_FILE (FILENO,REVIEW_ID,FILEPATH,FILENAME,FILEORGNAME,FILESIZE,FILEETC,THUMB_YN) values (4,109,'../img/product/Review/202522652149504.jpg','202522652149504.jpg','apple.jpg','5026','.jpg','Y');
Insert into SYSTEM.REVIEW_FILE (FILENO,REVIEW_ID,FILEPATH,FILENAME,FILEORGNAME,FILESIZE,FILEETC,THUMB_YN) values (10,126,'../img/product/Review/2025227113710.jpg','2025227113710.jpg','라떼1.jpg','92836','.jpg','N');
Insert into SYSTEM.REVIEW_FILE (FILENO,REVIEW_ID,FILEPATH,FILENAME,FILEORGNAME,FILESIZE,FILEETC,THUMB_YN) values (12,126,'../img/product/Review/2025227114416252.jpg','2025227114416252.jpg','apple.jpg','5026','.jpg','N');
REM INSERTING into SYSTEM.REVIEW_HELP_LOG
SET DEFINE OFF;
Insert into SYSTEM.REVIEW_HELP_LOG (REVIEW_ID,USER_ID) values (381,'dh112800');
Insert into SYSTEM.REVIEW_HELP_LOG (REVIEW_ID,USER_ID) values (385,'dh112800');
Insert into SYSTEM.REVIEW_HELP_LOG (REVIEW_ID,USER_ID) values (387,'aa');
Insert into SYSTEM.REVIEW_HELP_LOG (REVIEW_ID,USER_ID) values (388,'dh112800');
Insert into SYSTEM.REVIEW_HELP_LOG (REVIEW_ID,USER_ID) values (389,'aa');
Insert into SYSTEM.REVIEW_HELP_LOG (REVIEW_ID,USER_ID) values (389,'dh112800');
Insert into SYSTEM.REVIEW_HELP_LOG (REVIEW_ID,USER_ID) values (422,'user1004');
Insert into SYSTEM.REVIEW_HELP_LOG (REVIEW_ID,USER_ID) values (423,'test1414');
Insert into SYSTEM.REVIEW_HELP_LOG (REVIEW_ID,USER_ID) values (423,'user1004');
Insert into SYSTEM.REVIEW_HELP_LOG (REVIEW_ID,USER_ID) values (424,'aa');
Insert into SYSTEM.REVIEW_HELP_LOG (REVIEW_ID,USER_ID) values (424,'gyodong');
Insert into SYSTEM.REVIEW_HELP_LOG (REVIEW_ID,USER_ID) values (424,'test1313');
Insert into SYSTEM.REVIEW_HELP_LOG (REVIEW_ID,USER_ID) values (424,'user1004');
REM INSERTING into SYSTEM.SEARCH_HISTORY
SET DEFINE OFF;
Insert into SYSTEM.SEARCH_HISTORY (ID,USER_ID,SEARCH_TERM,SEARCHED_AT) values (8,'aa','고양이',to_timestamp('25/03/26 16:13:11.000000000','RR/MM/DD HH24:MI:SSXFF'));
Insert into SYSTEM.SEARCH_HISTORY (ID,USER_ID,SEARCH_TERM,SEARCHED_AT) values (10,'aa','고양이',to_timestamp('25/03/26 16:13:21.000000000','RR/MM/DD HH24:MI:SSXFF'));
Insert into SYSTEM.SEARCH_HISTORY (ID,USER_ID,SEARCH_TERM,SEARCHED_AT) values (12,'aa','고양이',to_timestamp('25/03/26 16:40:18.000000000','RR/MM/DD HH24:MI:SSXFF'));
Insert into SYSTEM.SEARCH_HISTORY (ID,USER_ID,SEARCH_TERM,SEARCHED_AT) values (13,'aa','강아지',to_timestamp('25/03/26 16:41:37.000000000','RR/MM/DD HH24:MI:SSXFF'));
Insert into SYSTEM.SEARCH_HISTORY (ID,USER_ID,SEARCH_TERM,SEARCHED_AT) values (137,'gyodong','패드',to_timestamp('25/04/16 10:10:46.000000000','RR/MM/DD HH24:MI:SSXFF'));
Insert into SYSTEM.SEARCH_HISTORY (ID,USER_ID,SEARCH_TERM,SEARCHED_AT) values (138,'gyodong','패드',to_timestamp('25/04/16 10:10:49.000000000','RR/MM/DD HH24:MI:SSXFF'));
Insert into SYSTEM.SEARCH_HISTORY (ID,USER_ID,SEARCH_TERM,SEARCHED_AT) values (88,'aa','패드',to_timestamp('25/04/07 16:20:35.000000000','RR/MM/DD HH24:MI:SSXFF'));
Insert into SYSTEM.SEARCH_HISTORY (ID,USER_ID,SEARCH_TERM,SEARCHED_AT) values (89,'aa','강아지',to_timestamp('25/04/07 16:20:37.000000000','RR/MM/DD HH24:MI:SSXFF'));
Insert into SYSTEM.SEARCH_HISTORY (ID,USER_ID,SEARCH_TERM,SEARCHED_AT) values (105,'as879','후원',to_timestamp('25/04/09 11:19:52.000000000','RR/MM/DD HH24:MI:SSXFF'));
Insert into SYSTEM.SEARCH_HISTORY (ID,USER_ID,SEARCH_TERM,SEARCHED_AT) values (109,null,'고양이',to_timestamp('25/04/10 09:29:48.000000000','RR/MM/DD HH24:MI:SSXFF'));
Insert into SYSTEM.SEARCH_HISTORY (ID,USER_ID,SEARCH_TERM,SEARCHED_AT) values (111,'aa','고양이',to_timestamp('25/04/10 11:25:28.000000000','RR/MM/DD HH24:MI:SSXFF'));
Insert into SYSTEM.SEARCH_HISTORY (ID,USER_ID,SEARCH_TERM,SEARCHED_AT) values (131,'aa','놀이',to_timestamp('25/04/15 17:45:04.000000000','RR/MM/DD HH24:MI:SSXFF'));
Insert into SYSTEM.SEARCH_HISTORY (ID,USER_ID,SEARCH_TERM,SEARCHED_AT) values (132,'aa','사료',to_timestamp('25/04/15 17:45:07.000000000','RR/MM/DD HH24:MI:SSXFF'));
Insert into SYSTEM.SEARCH_HISTORY (ID,USER_ID,SEARCH_TERM,SEARCHED_AT) values (14,'aa','영양제',to_timestamp('25/03/26 16:41:43.000000000','RR/MM/DD HH24:MI:SSXFF'));
Insert into SYSTEM.SEARCH_HISTORY (ID,USER_ID,SEARCH_TERM,SEARCHED_AT) values (62,'aa','고양이',to_timestamp('25/03/31 09:48:15.000000000','RR/MM/DD HH24:MI:SSXFF'));
Insert into SYSTEM.SEARCH_HISTORY (ID,USER_ID,SEARCH_TERM,SEARCHED_AT) values (68,'aa','팯즈',to_timestamp('25/03/31 20:30:09.000000000','RR/MM/DD HH24:MI:SSXFF'));
Insert into SYSTEM.SEARCH_HISTORY (ID,USER_ID,SEARCH_TERM,SEARCHED_AT) values (74,'user77','강아지',to_timestamp('25/04/01 14:41:44.000000000','RR/MM/DD HH24:MI:SSXFF'));
Insert into SYSTEM.SEARCH_HISTORY (ID,USER_ID,SEARCH_TERM,SEARCHED_AT) values (76,'user77','장난감',to_timestamp('25/04/01 14:42:00.000000000','RR/MM/DD HH24:MI:SSXFF'));
Insert into SYSTEM.SEARCH_HISTORY (ID,USER_ID,SEARCH_TERM,SEARCHED_AT) values (92,'aa','고양이',to_timestamp('25/04/08 17:52:24.000000000','RR/MM/DD HH24:MI:SSXFF'));
Insert into SYSTEM.SEARCH_HISTORY (ID,USER_ID,SEARCH_TERM,SEARCHED_AT) values (103,'user10','고양이',to_timestamp('25/04/09 10:59:42.000000000','RR/MM/DD HH24:MI:SSXFF'));
Insert into SYSTEM.SEARCH_HISTORY (ID,USER_ID,SEARCH_TERM,SEARCHED_AT) values (104,'user10','멤버십',to_timestamp('25/04/09 10:59:53.000000000','RR/MM/DD HH24:MI:SSXFF'));
Insert into SYSTEM.SEARCH_HISTORY (ID,USER_ID,SEARCH_TERM,SEARCHED_AT) values (107,'as879','강아지',to_timestamp('25/04/09 11:20:04.000000000','RR/MM/DD HH24:MI:SSXFF'));
Insert into SYSTEM.SEARCH_HISTORY (ID,USER_ID,SEARCH_TERM,SEARCHED_AT) values (118,'aa','고양이',to_timestamp('25/04/11 17:52:02.000000000','RR/MM/DD HH24:MI:SSXFF'));
Insert into SYSTEM.SEARCH_HISTORY (ID,USER_ID,SEARCH_TERM,SEARCHED_AT) values (126,'aa','패드',to_timestamp('25/04/14 11:11:26.000000000','RR/MM/DD HH24:MI:SSXFF'));
Insert into SYSTEM.SEARCH_HISTORY (ID,USER_ID,SEARCH_TERM,SEARCHED_AT) values (130,'aa','패드',to_timestamp('25/04/14 11:11:33.000000000','RR/MM/DD HH24:MI:SSXFF'));
Insert into SYSTEM.SEARCH_HISTORY (ID,USER_ID,SEARCH_TERM,SEARCHED_AT) values (60,'aa','고양이',to_timestamp('25/03/31 09:46:26.000000000','RR/MM/DD HH24:MI:SSXFF'));
Insert into SYSTEM.SEARCH_HISTORY (ID,USER_ID,SEARCH_TERM,SEARCHED_AT) values (61,'aa','고양이',to_timestamp('25/03/31 09:47:26.000000000','RR/MM/DD HH24:MI:SSXFF'));
Insert into SYSTEM.SEARCH_HISTORY (ID,USER_ID,SEARCH_TERM,SEARCHED_AT) values (67,'aa','패드',to_timestamp('25/03/31 15:06:22.000000000','RR/MM/DD HH24:MI:SSXFF'));
Insert into SYSTEM.SEARCH_HISTORY (ID,USER_ID,SEARCH_TERM,SEARCHED_AT) values (72,'aa','고양이',to_timestamp('25/04/01 11:17:28.000000000','RR/MM/DD HH24:MI:SSXFF'));
Insert into SYSTEM.SEARCH_HISTORY (ID,USER_ID,SEARCH_TERM,SEARCHED_AT) values (87,'aa','강아지',to_timestamp('25/04/07 16:20:34.000000000','RR/MM/DD HH24:MI:SSXFF'));
Insert into SYSTEM.SEARCH_HISTORY (ID,USER_ID,SEARCH_TERM,SEARCHED_AT) values (115,'aa','패드',to_timestamp('25/04/11 15:27:22.000000000','RR/MM/DD HH24:MI:SSXFF'));
Insert into SYSTEM.SEARCH_HISTORY (ID,USER_ID,SEARCH_TERM,SEARCHED_AT) values (54,null,'패드',to_timestamp('25/03/27 18:14:33.000000000','RR/MM/DD HH24:MI:SSXFF'));
Insert into SYSTEM.SEARCH_HISTORY (ID,USER_ID,SEARCH_TERM,SEARCHED_AT) values (55,null,'사료',to_timestamp('25/03/27 18:14:40.000000000','RR/MM/DD HH24:MI:SSXFF'));
Insert into SYSTEM.SEARCH_HISTORY (ID,USER_ID,SEARCH_TERM,SEARCHED_AT) values (63,'aa','패드',to_timestamp('25/03/31 09:48:34.000000000','RR/MM/DD HH24:MI:SSXFF'));
Insert into SYSTEM.SEARCH_HISTORY (ID,USER_ID,SEARCH_TERM,SEARCHED_AT) values (66,'aa','강아지',to_timestamp('25/03/31 15:06:14.000000000','RR/MM/DD HH24:MI:SSXFF'));
Insert into SYSTEM.SEARCH_HISTORY (ID,USER_ID,SEARCH_TERM,SEARCHED_AT) values (78,'aa','강아지',to_timestamp('25/04/02 17:42:34.000000000','RR/MM/DD HH24:MI:SSXFF'));
Insert into SYSTEM.SEARCH_HISTORY (ID,USER_ID,SEARCH_TERM,SEARCHED_AT) values (97,'aa','고양이',to_timestamp('25/04/08 17:52:34.000000000','RR/MM/DD HH24:MI:SSXFF'));
Insert into SYSTEM.SEARCH_HISTORY (ID,USER_ID,SEARCH_TERM,SEARCHED_AT) values (102,'aa','패드',to_timestamp('25/04/08 17:52:43.000000000','RR/MM/DD HH24:MI:SSXFF'));
Insert into SYSTEM.SEARCH_HISTORY (ID,USER_ID,SEARCH_TERM,SEARCHED_AT) values (106,'as879','상품',to_timestamp('25/04/09 11:19:59.000000000','RR/MM/DD HH24:MI:SSXFF'));
Insert into SYSTEM.SEARCH_HISTORY (ID,USER_ID,SEARCH_TERM,SEARCHED_AT) values (108,'as879','사료',to_timestamp('25/04/09 11:20:14.000000000','RR/MM/DD HH24:MI:SSXFF'));
Insert into SYSTEM.SEARCH_HISTORY (ID,USER_ID,SEARCH_TERM,SEARCHED_AT) values (120,'glodstone2','놀이',to_timestamp('25/04/11 18:00:46.000000000','RR/MM/DD HH24:MI:SSXFF'));
Insert into SYSTEM.SEARCH_HISTORY (ID,USER_ID,SEARCH_TERM,SEARCHED_AT) values (123,'aa','고양이',to_timestamp('25/04/11 19:26:09.000000000','RR/MM/DD HH24:MI:SSXFF'));
Insert into SYSTEM.SEARCH_HISTORY (ID,USER_ID,SEARCH_TERM,SEARCHED_AT) values (129,'aa','강아지',to_timestamp('25/04/14 11:11:31.000000000','RR/MM/DD HH24:MI:SSXFF'));
Insert into SYSTEM.SEARCH_HISTORY (ID,USER_ID,SEARCH_TERM,SEARCHED_AT) values (134,'gyodong','패드',to_timestamp('25/04/16 10:10:39.000000000','RR/MM/DD HH24:MI:SSXFF'));
Insert into SYSTEM.SEARCH_HISTORY (ID,USER_ID,SEARCH_TERM,SEARCHED_AT) values (135,'gyodong','패드',to_timestamp('25/04/16 10:10:42.000000000','RR/MM/DD HH24:MI:SSXFF'));
Insert into SYSTEM.SEARCH_HISTORY (ID,USER_ID,SEARCH_TERM,SEARCHED_AT) values (1,'aa','고양이',to_timestamp('25/03/26 16:12:02.000000000','RR/MM/DD HH24:MI:SSXFF'));
Insert into SYSTEM.SEARCH_HISTORY (ID,USER_ID,SEARCH_TERM,SEARCHED_AT) values (2,'aa','강아지',to_timestamp('25/03/26 16:12:50.000000000','RR/MM/DD HH24:MI:SSXFF'));
Insert into SYSTEM.SEARCH_HISTORY (ID,USER_ID,SEARCH_TERM,SEARCHED_AT) values (3,'aa','패드',to_timestamp('25/03/26 16:12:53.000000000','RR/MM/DD HH24:MI:SSXFF'));
Insert into SYSTEM.SEARCH_HISTORY (ID,USER_ID,SEARCH_TERM,SEARCHED_AT) values (4,'aa','강아지',to_timestamp('25/03/26 16:12:58.000000000','RR/MM/DD HH24:MI:SSXFF'));
Insert into SYSTEM.SEARCH_HISTORY (ID,USER_ID,SEARCH_TERM,SEARCHED_AT) values (5,'aa','고양이',to_timestamp('25/03/26 16:13:02.000000000','RR/MM/DD HH24:MI:SSXFF'));
Insert into SYSTEM.SEARCH_HISTORY (ID,USER_ID,SEARCH_TERM,SEARCHED_AT) values (6,'aa','사료',to_timestamp('25/03/26 16:13:05.000000000','RR/MM/DD HH24:MI:SSXFF'));
Insert into SYSTEM.SEARCH_HISTORY (ID,USER_ID,SEARCH_TERM,SEARCHED_AT) values (7,'aa','캣타워',to_timestamp('25/03/26 16:13:08.000000000','RR/MM/DD HH24:MI:SSXFF'));
Insert into SYSTEM.SEARCH_HISTORY (ID,USER_ID,SEARCH_TERM,SEARCHED_AT) values (9,'aa','강아지',to_timestamp('25/03/26 16:13:15.000000000','RR/MM/DD HH24:MI:SSXFF'));
Insert into SYSTEM.SEARCH_HISTORY (ID,USER_ID,SEARCH_TERM,SEARCHED_AT) values (11,'aa','고양이',to_timestamp('25/03/26 16:40:14.000000000','RR/MM/DD HH24:MI:SSXFF'));
Insert into SYSTEM.SEARCH_HISTORY (ID,USER_ID,SEARCH_TERM,SEARCHED_AT) values (56,'user77','강아지',to_timestamp('25/03/29 16:35:07.000000000','RR/MM/DD HH24:MI:SSXFF'));
Insert into SYSTEM.SEARCH_HISTORY (ID,USER_ID,SEARCH_TERM,SEARCHED_AT) values (65,'aa','강아지',to_timestamp('25/03/31 15:06:07.000000000','RR/MM/DD HH24:MI:SSXFF'));
Insert into SYSTEM.SEARCH_HISTORY (ID,USER_ID,SEARCH_TERM,SEARCHED_AT) values (75,'user77','사료',to_timestamp('25/04/01 14:41:53.000000000','RR/MM/DD HH24:MI:SSXFF'));
Insert into SYSTEM.SEARCH_HISTORY (ID,USER_ID,SEARCH_TERM,SEARCHED_AT) values (80,'aa','강아지',to_timestamp('25/04/07 13:15:08.000000000','RR/MM/DD HH24:MI:SSXFF'));
Insert into SYSTEM.SEARCH_HISTORY (ID,USER_ID,SEARCH_TERM,SEARCHED_AT) values (136,'gyodong','패드',to_timestamp('25/04/16 10:10:44.000000000','RR/MM/DD HH24:MI:SSXFF'));
Insert into SYSTEM.SEARCH_HISTORY (ID,USER_ID,SEARCH_TERM,SEARCHED_AT) values (82,'aa','패드',to_timestamp('25/04/07 13:15:12.000000000','RR/MM/DD HH24:MI:SSXFF'));
Insert into SYSTEM.SEARCH_HISTORY (ID,USER_ID,SEARCH_TERM,SEARCHED_AT) values (83,'aa','고양이',to_timestamp('25/04/07 13:15:13.000000000','RR/MM/DD HH24:MI:SSXFF'));
Insert into SYSTEM.SEARCH_HISTORY (ID,USER_ID,SEARCH_TERM,SEARCHED_AT) values (86,'aa','고양이',to_timestamp('25/04/07 16:20:32.000000000','RR/MM/DD HH24:MI:SSXFF'));
Insert into SYSTEM.SEARCH_HISTORY (ID,USER_ID,SEARCH_TERM,SEARCHED_AT) values (96,'aa','고양이',to_timestamp('25/04/08 17:52:33.000000000','RR/MM/DD HH24:MI:SSXFF'));
Insert into SYSTEM.SEARCH_HISTORY (ID,USER_ID,SEARCH_TERM,SEARCHED_AT) values (100,'aa','고양이',to_timestamp('25/04/08 17:52:39.000000000','RR/MM/DD HH24:MI:SSXFF'));
Insert into SYSTEM.SEARCH_HISTORY (ID,USER_ID,SEARCH_TERM,SEARCHED_AT) values (119,'glodstone2','고양이',to_timestamp('25/04/11 18:00:39.000000000','RR/MM/DD HH24:MI:SSXFF'));
Insert into SYSTEM.SEARCH_HISTORY (ID,USER_ID,SEARCH_TERM,SEARCHED_AT) values (121,'glodstone2','냠냠',to_timestamp('25/04/11 18:00:53.000000000','RR/MM/DD HH24:MI:SSXFF'));
Insert into SYSTEM.SEARCH_HISTORY (ID,USER_ID,SEARCH_TERM,SEARCHED_AT) values (125,'aa','강아지',to_timestamp('25/04/14 11:11:23.000000000','RR/MM/DD HH24:MI:SSXFF'));
Insert into SYSTEM.SEARCH_HISTORY (ID,USER_ID,SEARCH_TERM,SEARCHED_AT) values (127,'aa','고양이',to_timestamp('25/04/14 11:11:28.000000000','RR/MM/DD HH24:MI:SSXFF'));
Insert into SYSTEM.SEARCH_HISTORY (ID,USER_ID,SEARCH_TERM,SEARCHED_AT) values (128,'aa','강아지',to_timestamp('25/04/14 11:11:30.000000000','RR/MM/DD HH24:MI:SSXFF'));
Insert into SYSTEM.SEARCH_HISTORY (ID,USER_ID,SEARCH_TERM,SEARCHED_AT) values (133,'aa','패드',to_timestamp('25/04/15 17:45:09.000000000','RR/MM/DD HH24:MI:SSXFF'));
REM INSERTING into SYSTEM.TOTAL_TERMS
SET DEFINE OFF;
Insert into SYSTEM.TOTAL_TERMS (TERM_ID,TITLE,REQUIRED_YN,DISPLAY_ORDER,CATEGORY) values ('T007','개인정보 처리방침 동의','Y',7,'D');
Insert into SYSTEM.TOTAL_TERMS (TERM_ID,TITLE,REQUIRED_YN,DISPLAY_ORDER,CATEGORY) values ('T009','개인정보 수집 및 이용 동의','Y',9,'J');
Insert into SYSTEM.TOTAL_TERMS (TERM_ID,TITLE,REQUIRED_YN,DISPLAY_ORDER,CATEGORY) values ('T008','이용약관 동의','Y',8,'J');
Insert into SYSTEM.TOTAL_TERMS (TERM_ID,TITLE,REQUIRED_YN,DISPLAY_ORDER,CATEGORY) values ('T001','이용약관 동의','Y',1,'M');
Insert into SYSTEM.TOTAL_TERMS (TERM_ID,TITLE,REQUIRED_YN,DISPLAY_ORDER,CATEGORY) values ('T002','개인정보 수집 및 이용 동의','Y',2,'M');
Insert into SYSTEM.TOTAL_TERMS (TERM_ID,TITLE,REQUIRED_YN,DISPLAY_ORDER,CATEGORY) values ('T003','결제 및 자동결제 동의','Y',3,'M');
Insert into SYSTEM.TOTAL_TERMS (TERM_ID,TITLE,REQUIRED_YN,DISPLAY_ORDER,CATEGORY) values ('T004','마케팅 정보 수신 동의','N',4,'M');
Insert into SYSTEM.TOTAL_TERMS (TERM_ID,TITLE,REQUIRED_YN,DISPLAY_ORDER,CATEGORY) values ('T005','반려동물 맞춤 추천 동의','N',5,'M');
Insert into SYSTEM.TOTAL_TERMS (TERM_ID,TITLE,REQUIRED_YN,DISPLAY_ORDER,CATEGORY) values ('T006','후원 약관 동의','Y',6,'D');
REM INSERTING into SYSTEM.USERS
SET DEFINE OFF;
Insert into SYSTEM.USERS (USER_ID,USERNAME,PASSWORD,NICKNAME,EMAIL,PROFILE_IMAGE,PHONE_NUMBER,BIRTH_DATE,ADDRESS,CREATED_AT,LAST_LOGIN,DELETE_AT,ROLE,GENDER,AGREE_YN,EMAIL_YN,PHONE_YN,UPDATED_AT,DELETE_YN) values ('test01','김철수','$2a$10$ZUSW3eljF3gbtA89awYpGe/Qlov4hlq1YVEG0k/SMlWLtLBI576fu','테스트킴','glodstone11@naver.com',null,'01011111111',to_date('55/12/12','RR/MM/DD'),'부산광역시 부산진구 가야대로 406, 132 (개금동), 47319',to_timestamp('25/04/14 14:45:41.000000000','RR/MM/DD HH24:MI:SSXFF'),to_timestamp('25/04/15 11:01:37.000000000','RR/MM/DD HH24:MI:SSXFF'),null,'USER','M','Y','Y','Y',to_timestamp('25/04/15 09:51:03.000000000','RR/MM/DD HH24:MI:SSXFF'),'N');
Insert into SYSTEM.USERS (USER_ID,USERNAME,PASSWORD,NICKNAME,EMAIL,PROFILE_IMAGE,PHONE_NUMBER,BIRTH_DATE,ADDRESS,CREATED_AT,LAST_LOGIN,DELETE_AT,ROLE,GENDER,AGREE_YN,EMAIL_YN,PHONE_YN,UPDATED_AT,DELETE_YN) values ('user1','마뚱석','$2a$10$AsAwfcewhCPJRgDdyo3Yu.nx.UdSIQOPBIGn772I7LkKRR25e6EYy','마동석','egoist.ly@gmail.com','../../img/userProfile/2025314114955867.jpg','01012345678',null,'경기도 안산시 상록구 상록수안길 23, 1층 1호 (본오동, 상록베스트빌), 15533',to_timestamp('25/04/14 10:00:54.000000000','RR/MM/DD HH24:MI:SSXFF'),to_timestamp('25/04/15 10:09:40.000000000','RR/MM/DD HH24:MI:SSXFF'),null,'ADMIN','N','Y','Y','Y',to_timestamp('25/04/14 11:49:55.000000000','RR/MM/DD HH24:MI:SSXFF'),'N');
Insert into SYSTEM.USERS (USER_ID,USERNAME,PASSWORD,NICKNAME,EMAIL,PROFILE_IMAGE,PHONE_NUMBER,BIRTH_DATE,ADDRESS,CREATED_AT,LAST_LOGIN,DELETE_AT,ROLE,GENDER,AGREE_YN,EMAIL_YN,PHONE_YN,UPDATED_AT,DELETE_YN) values ('coongya','마동석','$2a$10$CvQ6lek4AwEq2RTJIiR3EuoSwXM/yyBaFhbmLZFN.k.7seGYDzoUi','양파쿵야','momo_cat2@naver.com','../../img/userProfile/202531172932626.jpg','01000010001',null,'인천광역시 부평구 충선로 174, 11 (부개동), 21345',to_timestamp('25/04/11 17:14:27.000000000','RR/MM/DD HH24:MI:SSXFF'),to_timestamp('25/04/15 10:05:19.000000000','RR/MM/DD HH24:MI:SSXFF'),null,'ADMIN','F','Y','Y','Y',to_timestamp('25/04/11 19:29:33.000000000','RR/MM/DD HH24:MI:SSXFF'),'N');
Insert into SYSTEM.USERS (USER_ID,USERNAME,PASSWORD,NICKNAME,EMAIL,PROFILE_IMAGE,PHONE_NUMBER,BIRTH_DATE,ADDRESS,CREATED_AT,LAST_LOGIN,DELETE_AT,ROLE,GENDER,AGREE_YN,EMAIL_YN,PHONE_YN,UPDATED_AT,DELETE_YN) values ('test1234','홍길동','$2a$10$i.B3H2A3ehmTWxYhCHPSN.FGtIi8O5MYAfVwS83X9TdsT2nZ.B8KS','홍길동',null,null,'01012341234',to_date('94/03/30','RR/MM/DD'),'인천광역시 부평구 부평공원로 51-1, 7층 (부평동, 부평파크빌), 21405',to_timestamp('25/04/14 18:37:19.000000000','RR/MM/DD HH24:MI:SSXFF'),to_timestamp('25/04/14 18:56:37.000000000','RR/MM/DD HH24:MI:SSXFF'),null,'USER','M','Y','N','N',to_timestamp('25/04/14 19:29:00.000000000','RR/MM/DD HH24:MI:SSXFF'),'N');
Insert into SYSTEM.USERS (USER_ID,USERNAME,PASSWORD,NICKNAME,EMAIL,PROFILE_IMAGE,PHONE_NUMBER,BIRTH_DATE,ADDRESS,CREATED_AT,LAST_LOGIN,DELETE_AT,ROLE,GENDER,AGREE_YN,EMAIL_YN,PHONE_YN,UPDATED_AT,DELETE_YN) values ('gyodong','한교동','$2a$10$6jLFhxppN5IXaZSg34FVZ.hwC1RxgSYzSoz4N1BRd5dnG9hf/9KnG','한교동','cny0815@gmail.com','../../img/userProfile/202531610929508.png','01027200081',to_date('99/08/15','RR/MM/DD'),'인천광역시 부평구 부평공원로 51-1, 11 (부평동, 부평파크빌), 21405',to_timestamp('25/04/15 11:10:49.000000000','RR/MM/DD HH24:MI:SSXFF'),to_timestamp('25/04/16 10:46:24.000000000','RR/MM/DD HH24:MI:SSXFF'),null,'USER','N','Y','N','N',to_timestamp('25/04/16 10:09:28.000000000','RR/MM/DD HH24:MI:SSXFF'),'N');
Insert into SYSTEM.USERS (USER_ID,USERNAME,PASSWORD,NICKNAME,EMAIL,PROFILE_IMAGE,PHONE_NUMBER,BIRTH_DATE,ADDRESS,CREATED_AT,LAST_LOGIN,DELETE_AT,ROLE,GENDER,AGREE_YN,EMAIL_YN,PHONE_YN,UPDATED_AT,DELETE_YN) values ('dh112800','박재원','$2a$10$ktmK49Af45aiP3J219sfS.B9Nx5aUMzy2NiJkhOxTKR//QxB6gFIi','라떼집사','qkrwodnjs7953@naver.com',null,'01058087953',to_date('00/11/28','RR/MM/DD'),'인천광역시 서구 서곶로 818, 113동 (당하동), 22677',to_timestamp('25/04/11 16:57:51.000000000','RR/MM/DD HH24:MI:SSXFF'),to_timestamp('25/04/14 16:44:06.000000000','RR/MM/DD HH24:MI:SSXFF'),null,'USER','M','Y','Y','Y',null,'N');
Insert into SYSTEM.USERS (USER_ID,USERNAME,PASSWORD,NICKNAME,EMAIL,PROFILE_IMAGE,PHONE_NUMBER,BIRTH_DATE,ADDRESS,CREATED_AT,LAST_LOGIN,DELETE_AT,ROLE,GENDER,AGREE_YN,EMAIL_YN,PHONE_YN,UPDATED_AT,DELETE_YN) values ('test1414','홍순이','$2a$10$XQXM0Zcft72MuuRALbc9lOelGYptjD.KaM0HgLm.ICnJ3YVKzzXW6','홍순이','suikari3301@gmail.com',null,'01012341234',to_date('94/03/30','RR/MM/DD'),'인천광역시 부평구 부평대로 지하7, 6층 (부평동), 21389',to_timestamp('25/04/14 19:11:35.000000000','RR/MM/DD HH24:MI:SSXFF'),to_timestamp('25/04/15 01:35:31.000000000','RR/MM/DD HH24:MI:SSXFF'),null,'USER','M','Y','N','N',null,'N');
Insert into SYSTEM.USERS (USER_ID,USERNAME,PASSWORD,NICKNAME,EMAIL,PROFILE_IMAGE,PHONE_NUMBER,BIRTH_DATE,ADDRESS,CREATED_AT,LAST_LOGIN,DELETE_AT,ROLE,GENDER,AGREE_YN,EMAIL_YN,PHONE_YN,UPDATED_AT,DELETE_YN) values ('test14','daehan','$2a$10$UHEr9QyNa5sJPBq//CsuNu.9iOKjeVuKKUwTWbLVIkJXYjieFoj/G','홍길순','suikari330777@gmail.com',null,'01012341234',to_date('94/03/30','RR/MM/DD'),'인천광역시 부평구 부평공원로 51-1, 7층 (부평동, 부평파크빌), 21405',to_timestamp('25/04/15 15:46:29.000000000','RR/MM/DD HH24:MI:SSXFF'),to_timestamp('25/04/15 15:46:48.000000000','RR/MM/DD HH24:MI:SSXFF'),null,'USER','M','Y','Y','Y',null,'N');
Insert into SYSTEM.USERS (USER_ID,USERNAME,PASSWORD,NICKNAME,EMAIL,PROFILE_IMAGE,PHONE_NUMBER,BIRTH_DATE,ADDRESS,CREATED_AT,LAST_LOGIN,DELETE_AT,ROLE,GENDER,AGREE_YN,EMAIL_YN,PHONE_YN,UPDATED_AT,DELETE_YN) values ('test1313','홍길순','$2a$10$.hHZrrFkM99urSwL3bctcuvdEaS0Qzg8.sSCTtAm2AH.xKZ8tURPi','홍길','suikari330@gmail.com',null,'01012341234',to_date('94/03/30','RR/MM/DD'),'인천광역시 부평구 부평공원로 51-1, 7층 (부평동, 부평파크빌), 21405',to_timestamp('25/04/16 10:07:50.000000000','RR/MM/DD HH24:MI:SSXFF'),to_timestamp('25/04/16 10:11:13.000000000','RR/MM/DD HH24:MI:SSXFF'),null,'USER','M','Y','N','N',to_timestamp('25/04/16 10:51:55.000000000','RR/MM/DD HH24:MI:SSXFF'),'N');
Insert into SYSTEM.USERS (USER_ID,USERNAME,PASSWORD,NICKNAME,EMAIL,PROFILE_IMAGE,PHONE_NUMBER,BIRTH_DATE,ADDRESS,CREATED_AT,LAST_LOGIN,DELETE_AT,ROLE,GENDER,AGREE_YN,EMAIL_YN,PHONE_YN,UPDATED_AT,DELETE_YN) values ('suika','방대한','$2a$10$AEyYqUym2Wsx/IEVSRYOmeCei6tnK/jJfrVRb7LUuj4VoPzU44y0S','토오카','bds377@naver.com',null,'01028134220',to_date('94/03/30','RR/MM/DD'),'인천광역시 남동구 예술로 125 (구월동), 21568',to_timestamp('25/04/11 16:57:46.000000000','RR/MM/DD HH24:MI:SSXFF'),to_timestamp('25/04/14 18:17:13.000000000','RR/MM/DD HH24:MI:SSXFF'),null,'USER','M','Y','Y','Y',null,'N');
Insert into SYSTEM.USERS (USER_ID,USERNAME,PASSWORD,NICKNAME,EMAIL,PROFILE_IMAGE,PHONE_NUMBER,BIRTH_DATE,ADDRESS,CREATED_AT,LAST_LOGIN,DELETE_AT,ROLE,GENDER,AGREE_YN,EMAIL_YN,PHONE_YN,UPDATED_AT,DELETE_YN) values ('glodstone2','거북왕','$2a$10$lheqetEsdNtrRIu2oKT66O.FNCIXRycYUQJBZ1H9CCiWUXO18CsHG','이상해씨','glodstone2@naver.com',null,'01043489188',null,'인천광역시 남동구 인주대로676번길 2-1, 구두수선대 (구월동), 21578',to_timestamp('25/04/11 16:59:37.000000000','RR/MM/DD HH24:MI:SSXFF'),to_timestamp('25/04/16 09:45:39.000000000','RR/MM/DD HH24:MI:SSXFF'),to_timestamp('25/04/14 12:17:20.000000000','RR/MM/DD HH24:MI:SSXFF'),'USER','F','Y','N','N',to_timestamp('25/04/16 09:46:00.000000000','RR/MM/DD HH24:MI:SSXFF'),'N');
Insert into SYSTEM.USERS (USER_ID,USERNAME,PASSWORD,NICKNAME,EMAIL,PROFILE_IMAGE,PHONE_NUMBER,BIRTH_DATE,ADDRESS,CREATED_AT,LAST_LOGIN,DELETE_AT,ROLE,GENDER,AGREE_YN,EMAIL_YN,PHONE_YN,UPDATED_AT,DELETE_YN) values ('aa','방대한','$2a$10$7bcihwVfTe8lhjjSfdF/peDS.0.pjdumajxLrlsi5nw5dcXPHlqNi','네이버','suikari3301@naver.com','../../img/userProfile/202531471340233.jpg','01055551111',to_date('80/02/10','RR/MM/DD'),'서울시 종로구',to_timestamp('25/03/22 05:10:06.000000000','RR/MM/DD HH24:MI:SSXFF'),to_timestamp('25/04/16 10:47:50.000000000','RR/MM/DD HH24:MI:SSXFF'),null,'ADMIN','M','Y','N','N',to_timestamp('25/04/14 19:13:38.000000000','RR/MM/DD HH24:MI:SSXFF'),'N');
Insert into SYSTEM.USERS (USER_ID,USERNAME,PASSWORD,NICKNAME,EMAIL,PROFILE_IMAGE,PHONE_NUMBER,BIRTH_DATE,ADDRESS,CREATED_AT,LAST_LOGIN,DELETE_AT,ROLE,GENDER,AGREE_YN,EMAIL_YN,PHONE_YN,UPDATED_AT,DELETE_YN) values ('as789','신수빈','$2a$10$QBgeF1QwIyQYqFi.hacKGORBCgIQn9dHD/m5zIxFveooov1ybb1iO','PRPRSPR','aaaasss8979@naver.com','../../img/userProfile/202531171351306.png','01024720208',null,'인천광역시 남동구 백범로247번길 37, 우리집! (만수동, 동남아파트), 21542',to_timestamp('25/04/11 17:03:19.000000000','RR/MM/DD HH24:MI:SSXFF'),to_timestamp('25/04/15 10:12:12.000000000','RR/MM/DD HH24:MI:SSXFF'),null,'USER','N','Y','N','Y',to_timestamp('25/04/11 19:13:51.000000000','RR/MM/DD HH24:MI:SSXFF'),'N');
Insert into SYSTEM.USERS (USER_ID,USERNAME,PASSWORD,NICKNAME,EMAIL,PROFILE_IMAGE,PHONE_NUMBER,BIRTH_DATE,ADDRESS,CREATED_AT,LAST_LOGIN,DELETE_AT,ROLE,GENDER,AGREE_YN,EMAIL_YN,PHONE_YN,UPDATED_AT,DELETE_YN) values ('hong','홍영은','$2a$10$LVsgyX9SbbZ3VzNSbE3EJOunCnXuxjC798nrLd.Q2Y5pbUPybozpO','교동','hss00085@naver.com',null,'01027200081',to_date('99/08/15','RR/MM/DD'),'경기도 부천시 원미구 역곡로 1, 역곡역 (역곡동), 14673',to_timestamp('25/04/11 16:57:25.000000000','RR/MM/DD HH24:MI:SSXFF'),to_timestamp('25/04/16 09:44:58.000000000','RR/MM/DD HH24:MI:SSXFF'),null,'USER','F','Y','Y','Y',null,'N');
REM INSERTING into SYSTEM.VET_ANSWER
SET DEFINE OFF;
Insert into SYSTEM.VET_ANSWER (REVIEW_ID,VET_BOARD_ID,RATING,CREATED_AT,VET_ID,COMMENTS,VET_NAME1,VET_NICKNAME1,IS_DELETED,ACCEPTED) values (205,213,5,to_timestamp('25/04/14 19:24:53.000000000','RR/MM/DD HH24:MI:SSXFF'),'yul','도움이 됐어요',null,null,'N','N');
Insert into SYSTEM.VET_ANSWER (REVIEW_ID,VET_BOARD_ID,RATING,CREATED_AT,VET_ID,COMMENTS,VET_NAME1,VET_NICKNAME1,IS_DELETED,ACCEPTED) values (206,214,0,to_timestamp('25/04/14 18:17:12.000000000','RR/MM/DD HH24:MI:SSXFF'),'yul',null,null,null,'N','N');
Insert into SYSTEM.VET_ANSWER (REVIEW_ID,VET_BOARD_ID,RATING,CREATED_AT,VET_ID,COMMENTS,VET_NAME1,VET_NICKNAME1,IS_DELETED,ACCEPTED) values (207,213,0,to_timestamp('25/04/14 18:18:32.000000000','RR/MM/DD HH24:MI:SSXFF'),'send',null,null,null,'N','N');
Insert into SYSTEM.VET_ANSWER (REVIEW_ID,VET_BOARD_ID,RATING,CREATED_AT,VET_ID,COMMENTS,VET_NAME1,VET_NICKNAME1,IS_DELETED,ACCEPTED) values (208,215,5,to_timestamp('25/04/14 18:56:48.000000000','RR/MM/DD HH24:MI:SSXFF'),'dddd','만점입니다.',null,null,'N','N');
Insert into SYSTEM.VET_ANSWER (REVIEW_ID,VET_BOARD_ID,RATING,CREATED_AT,VET_ID,COMMENTS,VET_NAME1,VET_NICKNAME1,IS_DELETED,ACCEPTED) values (223,226,5,to_timestamp('25/04/16 10:46:39.000000000','RR/MM/DD HH24:MI:SSXFF'),'send','채택!',null,null,'N','N');
Insert into SYSTEM.VET_ANSWER (REVIEW_ID,VET_BOARD_ID,RATING,CREATED_AT,VET_ID,COMMENTS,VET_NAME1,VET_NICKNAME1,IS_DELETED,ACCEPTED) values (202,205,0,to_timestamp('25/04/14 14:56:58.000000000','RR/MM/DD HH24:MI:SSXFF'),'yul',null,null,null,'N','N');
Insert into SYSTEM.VET_ANSWER (REVIEW_ID,VET_BOARD_ID,RATING,CREATED_AT,VET_ID,COMMENTS,VET_NAME1,VET_NICKNAME1,IS_DELETED,ACCEPTED) values (204,212,0,to_timestamp('25/04/14 18:03:10.000000000','RR/MM/DD HH24:MI:SSXFF'),'dddd',null,null,null,'N','N');
Insert into SYSTEM.VET_ANSWER (REVIEW_ID,VET_BOARD_ID,RATING,CREATED_AT,VET_ID,COMMENTS,VET_NAME1,VET_NICKNAME1,IS_DELETED,ACCEPTED) values (164,191,0,to_timestamp('25/04/11 18:21:38.000000000','RR/MM/DD HH24:MI:SSXFF'),'yul',null,null,null,'N','N');
Insert into SYSTEM.VET_ANSWER (REVIEW_ID,VET_BOARD_ID,RATING,CREATED_AT,VET_ID,COMMENTS,VET_NAME1,VET_NICKNAME1,IS_DELETED,ACCEPTED) values (209,216,0,to_timestamp('25/04/14 19:24:29.000000000','RR/MM/DD HH24:MI:SSXFF'),'dddd',null,null,null,'N','N');
Insert into SYSTEM.VET_ANSWER (REVIEW_ID,VET_BOARD_ID,RATING,CREATED_AT,VET_ID,COMMENTS,VET_NAME1,VET_NICKNAME1,IS_DELETED,ACCEPTED) values (222,225,4,to_timestamp('25/04/15 16:05:37.000000000','RR/MM/DD HH24:MI:SSXFF'),'send','답변이 좋네요',null,null,'N','N');
Insert into SYSTEM.VET_ANSWER (REVIEW_ID,VET_BOARD_ID,RATING,CREATED_AT,VET_ID,COMMENTS,VET_NAME1,VET_NICKNAME1,IS_DELETED,ACCEPTED) values (163,190,5,to_timestamp('25/04/11 18:19:07.000000000','RR/MM/DD HH24:MI:SSXFF'),'yul','조아효',null,null,'N','N');
Insert into SYSTEM.VET_ANSWER (REVIEW_ID,VET_BOARD_ID,RATING,CREATED_AT,VET_ID,COMMENTS,VET_NAME1,VET_NICKNAME1,IS_DELETED,ACCEPTED) values (167,192,5,to_timestamp('25/04/14 09:53:12.000000000','RR/MM/DD HH24:MI:SSXFF'),'4','탈퇴한 사용자를 채택하면 어떻게 될까? ^^',null,null,'N','N');
Insert into SYSTEM.VET_ANSWER (REVIEW_ID,VET_BOARD_ID,RATING,CREATED_AT,VET_ID,COMMENTS,VET_NAME1,VET_NICKNAME1,IS_DELETED,ACCEPTED) values (203,211,0,to_timestamp('25/04/14 17:59:48.000000000','RR/MM/DD HH24:MI:SSXFF'),'send',null,null,null,'N','N');
Insert into SYSTEM.VET_ANSWER (REVIEW_ID,VET_BOARD_ID,RATING,CREATED_AT,VET_ID,COMMENTS,VET_NAME1,VET_NICKNAME1,IS_DELETED,ACCEPTED) values (162,189,1,to_timestamp('25/04/11 18:01:56.000000000','RR/MM/DD HH24:MI:SSXFF'),'send','내공압수',null,null,'N','N');
Insert into SYSTEM.VET_ANSWER (REVIEW_ID,VET_BOARD_ID,RATING,CREATED_AT,VET_ID,COMMENTS,VET_NAME1,VET_NICKNAME1,IS_DELETED,ACCEPTED) values (221,224,4,to_timestamp('25/04/15 12:42:05.000000000','RR/MM/DD HH24:MI:SSXFF'),'send','후기 작성',null,null,'N','N');
Insert into SYSTEM.VET_ANSWER (REVIEW_ID,VET_BOARD_ID,RATING,CREATED_AT,VET_ID,COMMENTS,VET_NAME1,VET_NICKNAME1,IS_DELETED,ACCEPTED) values (165,192,0,to_timestamp('25/04/11 19:05:18.000000000','RR/MM/DD HH24:MI:SSXFF'),'send',null,null,null,'N','N');
Insert into SYSTEM.VET_ANSWER (REVIEW_ID,VET_BOARD_ID,RATING,CREATED_AT,VET_ID,COMMENTS,VET_NAME1,VET_NICKNAME1,IS_DELETED,ACCEPTED) values (166,193,1,to_timestamp('25/04/11 19:13:06.000000000','RR/MM/DD HH24:MI:SSXFF'),'send','저희 강아지는 뽀...입니다... 모모가 아니에요 ㅠ',null,null,'N','N');
Insert into SYSTEM.VET_ANSWER (REVIEW_ID,VET_BOARD_ID,RATING,CREATED_AT,VET_ID,COMMENTS,VET_NAME1,VET_NICKNAME1,IS_DELETED,ACCEPTED) values (181,201,5,to_timestamp('25/04/14 11:49:15.000000000','RR/MM/DD HH24:MI:SSXFF'),'send','합격',null,null,'N','N');
Insert into SYSTEM.VET_ANSWER (REVIEW_ID,VET_BOARD_ID,RATING,CREATED_AT,VET_ID,COMMENTS,VET_NAME1,VET_NICKNAME1,IS_DELETED,ACCEPTED) values (201,204,0,to_timestamp('25/04/14 14:55:29.000000000','RR/MM/DD HH24:MI:SSXFF'),'send',null,null,null,'N','N');
Insert into SYSTEM.VET_ANSWER (REVIEW_ID,VET_BOARD_ID,RATING,CREATED_AT,VET_ID,COMMENTS,VET_NAME1,VET_NICKNAME1,IS_DELETED,ACCEPTED) values (161,188,5,to_timestamp('25/04/11 17:59:05.000000000','RR/MM/DD HH24:MI:SSXFF'),'send','하.. 나보다 고수네',null,null,'N','N');
REM INSERTING into SYSTEM.VET_BOARD
SET DEFINE OFF;
Insert into SYSTEM.VET_BOARD (VET_BOARD_ID,VET_ID,TITLE,POINTS,IS_ACCEPTED,IP_ADDRESS,USER_ID,CREATED_AT,UPDATED_AT,IS_DELETED,CNT,IS_SECRET) values (190,null,'내공 냠냔',1000,'Y',null,'aa',to_timestamp('25/04/11 18:02:38.000000000','RR/MM/DD HH24:MI:SSXFF'),to_timestamp('25/04/11 18:02:38.000000000','RR/MM/DD HH24:MI:SSXFF'),'N',6,'N');
Insert into SYSTEM.VET_BOARD (VET_BOARD_ID,VET_ID,TITLE,POINTS,IS_ACCEPTED,IP_ADDRESS,USER_ID,CREATED_AT,UPDATED_AT,IS_DELETED,CNT,IS_SECRET) values (204,null,'난 잘 됨',123,'N',null,'coongya',to_timestamp('25/04/14 14:54:39.000000000','RR/MM/DD HH24:MI:SSXFF'),to_timestamp('25/04/14 14:54:39.000000000','RR/MM/DD HH24:MI:SSXFF'),'N',1,'N');
Insert into SYSTEM.VET_BOARD (VET_BOARD_ID,VET_ID,TITLE,POINTS,IS_ACCEPTED,IP_ADDRESS,USER_ID,CREATED_AT,UPDATED_AT,IS_DELETED,CNT,IS_SECRET) values (205,null,'23',1111,'N',null,'aa',to_timestamp('25/04/14 14:55:07.000000000','RR/MM/DD HH24:MI:SSXFF'),to_timestamp('25/04/14 14:55:07.000000000','RR/MM/DD HH24:MI:SSXFF'),'N',2,'N');
Insert into SYSTEM.VET_BOARD (VET_BOARD_ID,VET_ID,TITLE,POINTS,IS_ACCEPTED,IP_ADDRESS,USER_ID,CREATED_AT,UPDATED_AT,IS_DELETED,CNT,IS_SECRET) values (210,null,'test',111,'N',null,'aa',to_timestamp('25/04/14 15:32:29.000000000','RR/MM/DD HH24:MI:SSXFF'),to_timestamp('25/04/14 15:32:29.000000000','RR/MM/DD HH24:MI:SSXFF'),'N',2,'N');
Insert into SYSTEM.VET_BOARD (VET_BOARD_ID,VET_ID,TITLE,POINTS,IS_ACCEPTED,IP_ADDRESS,USER_ID,CREATED_AT,UPDATED_AT,IS_DELETED,CNT,IS_SECRET) values (211,null,'테스트 시연 영상용 <채택> 게시글',1000,'N',null,'coongya',to_timestamp('25/04/14 17:59:07.000000000','RR/MM/DD HH24:MI:SSXFF'),to_timestamp('25/04/14 18:14:56.000000000','RR/MM/DD HH24:MI:SSXFF'),'Y',1,'N');
Insert into SYSTEM.VET_BOARD (VET_BOARD_ID,VET_ID,TITLE,POINTS,IS_ACCEPTED,IP_ADDRESS,USER_ID,CREATED_AT,UPDATED_AT,IS_DELETED,CNT,IS_SECRET) values (213,null,'테스트 시연 영상용 <채택> 게시글',0,'Y',null,'user1',to_timestamp('25/04/14 18:15:37.000000000','RR/MM/DD HH24:MI:SSXFF'),to_timestamp('25/04/14 18:15:37.000000000','RR/MM/DD HH24:MI:SSXFF'),'N',3,'N');
Insert into SYSTEM.VET_BOARD (VET_BOARD_ID,VET_ID,TITLE,POINTS,IS_ACCEPTED,IP_ADDRESS,USER_ID,CREATED_AT,UPDATED_AT,IS_DELETED,CNT,IS_SECRET) values (214,null,'테스트 시연 영상용 [답변] 게시글',1000,'N',null,'aa',to_timestamp('25/04/14 18:16:58.000000000','RR/MM/DD HH24:MI:SSXFF'),to_timestamp('25/04/14 18:16:58.000000000','RR/MM/DD HH24:MI:SSXFF'),'N',4,'N');
Insert into SYSTEM.VET_BOARD (VET_BOARD_ID,VET_ID,TITLE,POINTS,IS_ACCEPTED,IP_ADDRESS,USER_ID,CREATED_AT,UPDATED_AT,IS_DELETED,CNT,IS_SECRET) values (215,null,'수의사 질문게시판 테스트',0,'Y',null,'test1234',to_timestamp('25/04/14 18:55:37.000000000','RR/MM/DD HH24:MI:SSXFF'),to_timestamp('25/04/14 18:55:37.000000000','RR/MM/DD HH24:MI:SSXFF'),'N',3,'N');
Insert into SYSTEM.VET_BOARD (VET_BOARD_ID,VET_ID,TITLE,POINTS,IS_ACCEPTED,IP_ADDRESS,USER_ID,CREATED_AT,UPDATED_AT,IS_DELETED,CNT,IS_SECRET) values (226,null,'질문 테스트',1000,'Y',null,'gyodong',to_timestamp('25/04/16 10:45:47.000000000','RR/MM/DD HH24:MI:SSXFF'),to_timestamp('25/04/16 10:45:47.000000000','RR/MM/DD HH24:MI:SSXFF'),'N',1,'N');
Insert into SYSTEM.VET_BOARD (VET_BOARD_ID,VET_ID,TITLE,POINTS,IS_ACCEPTED,IP_ADDRESS,USER_ID,CREATED_AT,UPDATED_AT,IS_DELETED,CNT,IS_SECRET) values (189,null,'123123',0,'Y',null,'coongya',to_timestamp('25/04/11 18:00:56.000000000','RR/MM/DD HH24:MI:SSXFF'),to_timestamp('25/04/11 18:00:56.000000000','RR/MM/DD HH24:MI:SSXFF'),'N',6,'N');
Insert into SYSTEM.VET_BOARD (VET_BOARD_ID,VET_ID,TITLE,POINTS,IS_ACCEPTED,IP_ADDRESS,USER_ID,CREATED_AT,UPDATED_AT,IS_DELETED,CNT,IS_SECRET) values (222,null,'강아지 피부에 뭐가 낫어요',1000,'N',null,'gyodong',to_timestamp('25/04/15 11:32:01.000000000','RR/MM/DD HH24:MI:SSXFF'),to_timestamp('25/04/15 11:32:01.000000000','RR/MM/DD HH24:MI:SSXFF'),'N',1,'N');
Insert into SYSTEM.VET_BOARD (VET_BOARD_ID,VET_ID,TITLE,POINTS,IS_ACCEPTED,IP_ADDRESS,USER_ID,CREATED_AT,UPDATED_AT,IS_DELETED,CNT,IS_SECRET) values (216,null,'우리집 고양이가 아퍼요',1000,'N',null,'aa',to_timestamp('25/04/14 19:24:00.000000000','RR/MM/DD HH24:MI:SSXFF'),to_timestamp('25/04/14 19:24:00.000000000','RR/MM/DD HH24:MI:SSXFF'),'N',3,'N');
Insert into SYSTEM.VET_BOARD (VET_BOARD_ID,VET_ID,TITLE,POINTS,IS_ACCEPTED,IP_ADDRESS,USER_ID,CREATED_AT,UPDATED_AT,IS_DELETED,CNT,IS_SECRET) values (192,null,'영원...',0,'Y',null,'coongya',to_timestamp('25/04/11 19:05:06.000000000','RR/MM/DD HH24:MI:SSXFF'),to_timestamp('25/04/11 19:05:06.000000000','RR/MM/DD HH24:MI:SSXFF'),'N',8,'N');
Insert into SYSTEM.VET_BOARD (VET_BOARD_ID,VET_ID,TITLE,POINTS,IS_ACCEPTED,IP_ADDRESS,USER_ID,CREATED_AT,UPDATED_AT,IS_DELETED,CNT,IS_SECRET) values (201,null,'포인트가 없는데 질문하나 할게요',0,'Y',null,'user1',to_timestamp('25/04/14 10:09:12.000000000','RR/MM/DD HH24:MI:SSXFF'),to_timestamp('25/04/14 10:09:12.000000000','RR/MM/DD HH24:MI:SSXFF'),'N',3,'N');
Insert into SYSTEM.VET_BOARD (VET_BOARD_ID,VET_ID,TITLE,POINTS,IS_ACCEPTED,IP_ADDRESS,USER_ID,CREATED_AT,UPDATED_AT,IS_DELETED,CNT,IS_SECRET) values (202,null,'저희 강아지는 귀여워요',1000,'N',null,'coongya',to_timestamp('25/04/14 13:19:45.000000000','RR/MM/DD HH24:MI:SSXFF'),to_timestamp('25/04/14 13:19:45.000000000','RR/MM/DD HH24:MI:SSXFF'),'N',1,'N');
Insert into SYSTEM.VET_BOARD (VET_BOARD_ID,VET_ID,TITLE,POINTS,IS_ACCEPTED,IP_ADDRESS,USER_ID,CREATED_AT,UPDATED_AT,IS_DELETED,CNT,IS_SECRET) values (206,null,'와웅와웅',1111,'N',null,'coongya',to_timestamp('25/04/14 15:00:32.000000000','RR/MM/DD HH24:MI:SSXFF'),to_timestamp('25/04/14 15:00:32.000000000','RR/MM/DD HH24:MI:SSXFF'),'N',0,'N');
Insert into SYSTEM.VET_BOARD (VET_BOARD_ID,VET_ID,TITLE,POINTS,IS_ACCEPTED,IP_ADDRESS,USER_ID,CREATED_AT,UPDATED_AT,IS_DELETED,CNT,IS_SECRET) values (208,null,'11',123,'N',null,'coongya',to_timestamp('25/04/14 15:03:46.000000000','RR/MM/DD HH24:MI:SSXFF'),to_timestamp('25/04/14 15:03:46.000000000','RR/MM/DD HH24:MI:SSXFF'),'N',1,'N');
Insert into SYSTEM.VET_BOARD (VET_BOARD_ID,VET_ID,TITLE,POINTS,IS_ACCEPTED,IP_ADDRESS,USER_ID,CREATED_AT,UPDATED_AT,IS_DELETED,CNT,IS_SECRET) values (212,null,'테스트 시연 영상용 [답변] 게시글',666,'N',null,'aa',to_timestamp('25/04/14 18:00:29.000000000','RR/MM/DD HH24:MI:SSXFF'),to_timestamp('25/04/14 18:16:49.000000000','RR/MM/DD HH24:MI:SSXFF'),'Y',2,'N');
Insert into SYSTEM.VET_BOARD (VET_BOARD_ID,VET_ID,TITLE,POINTS,IS_ACCEPTED,IP_ADDRESS,USER_ID,CREATED_AT,UPDATED_AT,IS_DELETED,CNT,IS_SECRET) values (221,null,'테스트 시연 영상용 <채택> 게시글',1,'N',null,'coongya',to_timestamp('25/04/15 10:05:44.000000000','RR/MM/DD HH24:MI:SSXFF'),to_timestamp('25/04/15 10:05:44.000000000','RR/MM/DD HH24:MI:SSXFF'),'N',1,'N');
Insert into SYSTEM.VET_BOARD (VET_BOARD_ID,VET_ID,TITLE,POINTS,IS_ACCEPTED,IP_ADDRESS,USER_ID,CREATED_AT,UPDATED_AT,IS_DELETED,CNT,IS_SECRET) values (223,null,'저희집 강아지가 노견인데요',1000,'N',null,'gyodong',to_timestamp('25/04/15 11:35:27.000000000','RR/MM/DD HH24:MI:SSXFF'),to_timestamp('25/04/15 11:35:27.000000000','RR/MM/DD HH24:MI:SSXFF'),'N',1,'N');
Insert into SYSTEM.VET_BOARD (VET_BOARD_ID,VET_ID,TITLE,POINTS,IS_ACCEPTED,IP_ADDRESS,USER_ID,CREATED_AT,UPDATED_AT,IS_DELETED,CNT,IS_SECRET) values (224,null,'글쓰기 테스트',0,'Y',null,'user1',to_timestamp('25/04/15 12:40:19.000000000','RR/MM/DD HH24:MI:SSXFF'),to_timestamp('25/04/15 12:40:19.000000000','RR/MM/DD HH24:MI:SSXFF'),'N',3,'N');
Insert into SYSTEM.VET_BOARD (VET_BOARD_ID,VET_ID,TITLE,POINTS,IS_ACCEPTED,IP_ADDRESS,USER_ID,CREATED_AT,UPDATED_AT,IS_DELETED,CNT,IS_SECRET) values (191,null,'테스트',1111,'N',null,'aa',to_timestamp('25/04/11 18:21:22.000000000','RR/MM/DD HH24:MI:SSXFF'),to_timestamp('25/04/11 18:21:22.000000000','RR/MM/DD HH24:MI:SSXFF'),'N',8,'N');
Insert into SYSTEM.VET_BOARD (VET_BOARD_ID,VET_ID,TITLE,POINTS,IS_ACCEPTED,IP_ADDRESS,USER_ID,CREATED_AT,UPDATED_AT,IS_DELETED,CNT,IS_SECRET) values (207,null,'11',12,'N',null,'coongya',to_timestamp('25/04/14 15:02:16.000000000','RR/MM/DD HH24:MI:SSXFF'),to_timestamp('25/04/14 15:02:28.000000000','RR/MM/DD HH24:MI:SSXFF'),'Y',1,'N');
Insert into SYSTEM.VET_BOARD (VET_BOARD_ID,VET_ID,TITLE,POINTS,IS_ACCEPTED,IP_ADDRESS,USER_ID,CREATED_AT,UPDATED_AT,IS_DELETED,CNT,IS_SECRET) values (209,null,'t',111,'N',null,'aa',to_timestamp('25/04/14 15:08:54.000000000','RR/MM/DD HH24:MI:SSXFF'),to_timestamp('25/04/14 15:08:54.000000000','RR/MM/DD HH24:MI:SSXFF'),'N',0,'N');
Insert into SYSTEM.VET_BOARD (VET_BOARD_ID,VET_ID,TITLE,POINTS,IS_ACCEPTED,IP_ADDRESS,USER_ID,CREATED_AT,UPDATED_AT,IS_DELETED,CNT,IS_SECRET) values (188,null,'좋아 이게 장짜리가 아니라는데에 내 포인트랑 손모가지 건다',2,'Y',null,'glodstone2',to_timestamp('25/04/11 17:52:24.000000000','RR/MM/DD HH24:MI:SSXFF'),to_timestamp('25/04/11 17:52:24.000000000','RR/MM/DD HH24:MI:SSXFF'),'N',9,'N');
Insert into SYSTEM.VET_BOARD (VET_BOARD_ID,VET_ID,TITLE,POINTS,IS_ACCEPTED,IP_ADDRESS,USER_ID,CREATED_AT,UPDATED_AT,IS_DELETED,CNT,IS_SECRET) values (203,null,'?',300,'N',null,'coongya',to_timestamp('25/04/14 14:52:46.000000000','RR/MM/DD HH24:MI:SSXFF'),to_timestamp('25/04/14 14:52:46.000000000','RR/MM/DD HH24:MI:SSXFF'),'N',0,'N');
Insert into SYSTEM.VET_BOARD (VET_BOARD_ID,VET_ID,TITLE,POINTS,IS_ACCEPTED,IP_ADDRESS,USER_ID,CREATED_AT,UPDATED_AT,IS_DELETED,CNT,IS_SECRET) values (225,null,'질문 테스트',1000,'Y',null,'gyodong',to_timestamp('25/04/15 16:04:01.000000000','RR/MM/DD HH24:MI:SSXFF'),to_timestamp('25/04/15 16:04:01.000000000','RR/MM/DD HH24:MI:SSXFF'),'N',4,'N');
Insert into SYSTEM.VET_BOARD (VET_BOARD_ID,VET_ID,TITLE,POINTS,IS_ACCEPTED,IP_ADDRESS,USER_ID,CREATED_AT,UPDATED_AT,IS_DELETED,CNT,IS_SECRET) values (193,null,'우리 강아지가 자주 배탈을 일으키는 이유가 뭘까요?',1,'Y',null,'coongya',to_timestamp('25/04/11 19:12:29.000000000','RR/MM/DD HH24:MI:SSXFF'),to_timestamp('25/04/11 19:10:42.000000000','RR/MM/DD HH24:MI:SSXFF'),'N',12,'N');
REM INSERTING into SYSTEM.VETERINARIAN
SET DEFINE OFF;
Insert into SYSTEM.VETERINARIAN (VET_NUMBER,VET_ID,VET_NAME,EMAIL,PHONE_NUMBER,AFFILIATED_HOSPITAL,LAST_ACTIVE_TIME,CREATED_AT,UPDATED_AT,USER_ID,VET_NICKNAME) values (64,'send','관','dge','123','인천송도병원',null,to_timestamp('25/04/11 17:55:37.000000000','RR/MM/DD HH24:MI:SSXFF'),to_timestamp('25/04/11 17:55:42.000000000','RR/MM/DD HH24:MI:SSXFF'),'aa','리자');
Insert into SYSTEM.VETERINARIAN (VET_NUMBER,VET_ID,VET_NAME,EMAIL,PHONE_NUMBER,AFFILIATED_HOSPITAL,LAST_ACTIVE_TIME,CREATED_AT,UPDATED_AT,USER_ID,VET_NICKNAME) values (62,'red','레드','red@naver.com','11','원주병원',null,to_timestamp('25/04/11 17:23:19.000000000','RR/MM/DD HH24:MI:SSXFF'),to_timestamp('25/04/11 17:23:24.000000000','RR/MM/DD HH24:MI:SSXFF'),'suika','레드');
Insert into SYSTEM.VETERINARIAN (VET_NUMBER,VET_ID,VET_NAME,EMAIL,PHONE_NUMBER,AFFILIATED_HOSPITAL,LAST_ACTIVE_TIME,CREATED_AT,UPDATED_AT,USER_ID,VET_NICKNAME) values (63,'yul','이율','yul@email.com','01012341234','인천병원',null,to_timestamp('25/04/11 17:38:30.000000000','RR/MM/DD HH24:MI:SSXFF'),to_timestamp('25/04/11 19:01:32.000000000','RR/MM/DD HH24:MI:SSXFF'),'coongya','양파쿵야');
Insert into SYSTEM.VETERINARIAN (VET_NUMBER,VET_ID,VET_NAME,EMAIL,PHONE_NUMBER,AFFILIATED_HOSPITAL,LAST_ACTIVE_TIME,CREATED_AT,UPDATED_AT,USER_ID,VET_NICKNAME) values (81,'dddd','마동석','yul@email.com','01012341234','진실의방',null,to_timestamp('25/04/14 18:02:58.000000000','RR/MM/DD HH24:MI:SSXFF'),to_timestamp('25/04/14 18:04:18.000000000','RR/MM/DD HH24:MI:SSXFF'),'user1','마블링');
REM INSERTING into SYSTEM.VISIT_LOG
SET DEFINE OFF;
Insert into SYSTEM.VISIT_LOG (VISIT_ID,IP_ADDRESS,USER_AGENT_BROWSER,REFERER,ACCESS_TIME,USER_AGENT_WINDOWS) values (9,'0:0:0:0:0:0:0:1','Edg/134.0.0.0 (Edge)','http://localhost:8081/user/login.do',to_timestamp('25/03/22 18:14:22.000000000','RR/MM/DD HH24:MI:SSXFF'),'Windows 10 / 11');
Insert into SYSTEM.VISIT_LOG (VISIT_ID,IP_ADDRESS,USER_AGENT_BROWSER,REFERER,ACCESS_TIME,USER_AGENT_WINDOWS) values (26,'0:0:0:0:0:0:0:1','Edg/134.0.0.0 (Edge)',null,to_timestamp('25/03/21 19:08:15.000000000','RR/MM/DD HH24:MI:SSXFF'),'Windows 7');
Insert into SYSTEM.VISIT_LOG (VISIT_ID,IP_ADDRESS,USER_AGENT_BROWSER,REFERER,ACCESS_TIME,USER_AGENT_WINDOWS) values (30,'127.0.0.1','Edg/134.0.0.0 (Edge)','http://127.0.0.1:8081/product/list.do?searchOption=dog',to_timestamp('25/03/25 09:53:59.000000000','RR/MM/DD HH24:MI:SSXFF'),'Windows 10 / 11');
Insert into SYSTEM.VISIT_LOG (VISIT_ID,IP_ADDRESS,USER_AGENT_BROWSER,REFERER,ACCESS_TIME,USER_AGENT_WINDOWS) values (71,'0:0:0:0:0:0:0:1','Chrome/134.0.0.0 (Chrome)','http://localhost:8081/user/login.do',to_timestamp('25/03/25 11:31:24.000000000','RR/MM/DD HH24:MI:SSXFF'),'Windows 10 / 11');
Insert into SYSTEM.VISIT_LOG (VISIT_ID,IP_ADDRESS,USER_AGENT_BROWSER,REFERER,ACCESS_TIME,USER_AGENT_WINDOWS) values (118,'0:0:0:0:0:0:0:1','Edg/134.0.0.0 (Edge)','http://localhost:8081/user/login.do',to_timestamp('25/03/25 18:06:47.000000000','RR/MM/DD HH24:MI:SSXFF'),'Windows 10 / 11');
Insert into SYSTEM.VISIT_LOG (VISIT_ID,IP_ADDRESS,USER_AGENT_BROWSER,REFERER,ACCESS_TIME,USER_AGENT_WINDOWS) values (3,'0:0:0:0:0:0:0:1','Chrome/134.0.0.0 (Chrome)','http://localhost:8081/board/list.do',to_timestamp('25/03/22 16:02:04.000000000','RR/MM/DD HH24:MI:SSXFF'),'Windows 10 / 11');
Insert into SYSTEM.VISIT_LOG (VISIT_ID,IP_ADDRESS,USER_AGENT_BROWSER,REFERER,ACCESS_TIME,USER_AGENT_WINDOWS) values (7,'0:0:0:0:0:0:0:1','Edg/134.0.0.0 (Edge)','http://localhost:8081/user/login.do',to_timestamp('25/03/24 18:05:06.000000000','RR/MM/DD HH24:MI:SSXFF'),'Windows 10 / 11');
Insert into SYSTEM.VISIT_LOG (VISIT_ID,IP_ADDRESS,USER_AGENT_BROWSER,REFERER,ACCESS_TIME,USER_AGENT_WINDOWS) values (120,'127.0.0.1','Edg/134.0.0.0 (Edge)','http://127.0.0.1:8081/manager/main.do',to_timestamp('25/03/25 18:53:35.000000000','RR/MM/DD HH24:MI:SSXFF'),'Windows 10 / 11');
Insert into SYSTEM.VISIT_LOG (VISIT_ID,IP_ADDRESS,USER_AGENT_BROWSER,REFERER,ACCESS_TIME,USER_AGENT_WINDOWS) values (121,'0:0:0:0:0:0:0:1','Edg/134.0.0.0 (Edge)',null,to_timestamp('25/03/25 19:09:18.000000000','RR/MM/DD HH24:MI:SSXFF'),'Windows 10 / 11');
Insert into SYSTEM.VISIT_LOG (VISIT_ID,IP_ADDRESS,USER_AGENT_BROWSER,REFERER,ACCESS_TIME,USER_AGENT_WINDOWS) values (130,'0:0:0:0:0:0:0:1','Edg/134.0.0.0 (Edge)','http://localhost:8081/user/myPage.do',to_timestamp('25/03/26 09:16:14.000000000','RR/MM/DD HH24:MI:SSXFF'),'Windows 10 / 11');
Insert into SYSTEM.VISIT_LOG (VISIT_ID,IP_ADDRESS,USER_AGENT_BROWSER,REFERER,ACCESS_TIME,USER_AGENT_WINDOWS) values (150,'0:0:0:0:0:0:0:1','Edg/134.0.0.0 (Edge)','http://localhost:8081/cart/list.do',to_timestamp('25/03/26 12:31:45.000000000','RR/MM/DD HH24:MI:SSXFF'),'Windows 10 / 11');
Insert into SYSTEM.VISIT_LOG (VISIT_ID,IP_ADDRESS,USER_AGENT_BROWSER,REFERER,ACCESS_TIME,USER_AGENT_WINDOWS) values (181,'0:0:0:0:0:0:0:1','Chrome/134.0.0.0 (Chrome)','http://localhost:8081/user/login.do',to_timestamp('25/03/26 17:46:03.000000000','RR/MM/DD HH24:MI:SSXFF'),'Windows 10 / 11');
Insert into SYSTEM.VISIT_LOG (VISIT_ID,IP_ADDRESS,USER_AGENT_BROWSER,REFERER,ACCESS_TIME,USER_AGENT_WINDOWS) values (194,'0:0:0:0:0:0:0:1','Edg/134.0.0.0 (Edge)','http://localhost:8081/user/login.do',to_timestamp('25/03/27 10:03:27.000000000','RR/MM/DD HH24:MI:SSXFF'),'Windows 10 / 11');
Insert into SYSTEM.VISIT_LOG (VISIT_ID,IP_ADDRESS,USER_AGENT_BROWSER,REFERER,ACCESS_TIME,USER_AGENT_WINDOWS) values (195,'0:0:0:0:0:0:0:1','Edg/134.0.0.0 (Edge)','http://localhost:8081/user/login.do',to_timestamp('25/03/27 10:12:15.000000000','RR/MM/DD HH24:MI:SSXFF'),'Windows 10 / 11');
Insert into SYSTEM.VISIT_LOG (VISIT_ID,IP_ADDRESS,USER_AGENT_BROWSER,REFERER,ACCESS_TIME,USER_AGENT_WINDOWS) values (197,'0:0:0:0:0:0:0:1','Chrome/134.0.0.0 (Chrome)','http://localhost:8081/user/login.do',to_timestamp('25/03/27 10:43:52.000000000','RR/MM/DD HH24:MI:SSXFF'),'Windows 10 / 11');
Insert into SYSTEM.VISIT_LOG (VISIT_ID,IP_ADDRESS,USER_AGENT_BROWSER,REFERER,ACCESS_TIME,USER_AGENT_WINDOWS) values (198,'0:0:0:0:0:0:0:1','Edg/134.0.0.0 (Edge)','http://localhost:8081/user/login.do',to_timestamp('25/03/27 10:56:22.000000000','RR/MM/DD HH24:MI:SSXFF'),'Windows 10 / 11');
Insert into SYSTEM.VISIT_LOG (VISIT_ID,IP_ADDRESS,USER_AGENT_BROWSER,REFERER,ACCESS_TIME,USER_AGENT_WINDOWS) values (201,'0:0:0:0:0:0:0:1','Edg/134.0.0.0 (Edge)','http://localhost:8081/user/myPage.do',to_timestamp('25/03/27 12:04:06.000000000','RR/MM/DD HH24:MI:SSXFF'),'Windows 10 / 11');
Insert into SYSTEM.VISIT_LOG (VISIT_ID,IP_ADDRESS,USER_AGENT_BROWSER,REFERER,ACCESS_TIME,USER_AGENT_WINDOWS) values (202,'0:0:0:0:0:0:0:1','Edg/134.0.0.0 (Edge)','http://localhost:8081/user/myPage.do',to_timestamp('25/03/27 14:42:25.000000000','RR/MM/DD HH24:MI:SSXFF'),'Windows 10 / 11');
Insert into SYSTEM.VISIT_LOG (VISIT_ID,IP_ADDRESS,USER_AGENT_BROWSER,REFERER,ACCESS_TIME,USER_AGENT_WINDOWS) values (204,'0:0:0:0:0:0:0:1','Edg/134.0.0.0 (Edge)','http://localhost:8081/manager/main.do?menu=board&submenu=1',to_timestamp('25/03/27 15:07:39.000000000','RR/MM/DD HH24:MI:SSXFF'),'Windows 10 / 11');
Insert into SYSTEM.VISIT_LOG (VISIT_ID,IP_ADDRESS,USER_AGENT_BROWSER,REFERER,ACCESS_TIME,USER_AGENT_WINDOWS) values (206,'0:0:0:0:0:0:0:1','Edg/134.0.0.0 (Edge)','http://localhost:8081/user/login.do',to_timestamp('25/03/27 15:14:47.000000000','RR/MM/DD HH24:MI:SSXFF'),'Windows 10 / 11');
Insert into SYSTEM.VISIT_LOG (VISIT_ID,IP_ADDRESS,USER_AGENT_BROWSER,REFERER,ACCESS_TIME,USER_AGENT_WINDOWS) values (208,'0:0:0:0:0:0:0:1','Edg/134.0.0.0 (Edge)','http://localhost:8081/user/login.do',to_timestamp('25/03/27 17:37:52.000000000','RR/MM/DD HH24:MI:SSXFF'),'Windows 10 / 11');
Insert into SYSTEM.VISIT_LOG (VISIT_ID,IP_ADDRESS,USER_AGENT_BROWSER,REFERER,ACCESS_TIME,USER_AGENT_WINDOWS) values (209,'0:0:0:0:0:0:0:1','Edg/134.0.0.0 (Edge)','http://localhost:8081/user/myPage.do',to_timestamp('25/03/27 17:51:25.000000000','RR/MM/DD HH24:MI:SSXFF'),'Windows 10 / 11');
Insert into SYSTEM.VISIT_LOG (VISIT_ID,IP_ADDRESS,USER_AGENT_BROWSER,REFERER,ACCESS_TIME,USER_AGENT_WINDOWS) values (210,'0:0:0:0:0:0:0:1','Edg/134.0.0.0 (Edge)',null,to_timestamp('25/03/27 19:07:33.000000000','RR/MM/DD HH24:MI:SSXFF'),'Windows 10 / 11');
Insert into SYSTEM.VISIT_LOG (VISIT_ID,IP_ADDRESS,USER_AGENT_BROWSER,REFERER,ACCESS_TIME,USER_AGENT_WINDOWS) values (234,'0:0:0:0:0:0:0:1','Edg/134.0.0.0 (Edge)','http://localhost:8081/user/myPage.do',to_timestamp('25/03/28 09:49:17.000000000','RR/MM/DD HH24:MI:SSXFF'),'Windows 10 / 11');
Insert into SYSTEM.VISIT_LOG (VISIT_ID,IP_ADDRESS,USER_AGENT_BROWSER,REFERER,ACCESS_TIME,USER_AGENT_WINDOWS) values (238,'0:0:0:0:0:0:0:1','Edg/134.0.0.0 (Edge)','http://localhost:8081/user/mypage.do',to_timestamp('25/03/28 10:19:47.000000000','RR/MM/DD HH24:MI:SSXFF'),'Windows 10 / 11');
Insert into SYSTEM.VISIT_LOG (VISIT_ID,IP_ADDRESS,USER_AGENT_BROWSER,REFERER,ACCESS_TIME,USER_AGENT_WINDOWS) values (247,'0:0:0:0:0:0:0:1','Chrome/134.0.0.0 (Chrome)','http://localhost:8081/user/login.do',to_timestamp('25/03/28 18:17:48.000000000','RR/MM/DD HH24:MI:SSXFF'),'Windows 10 / 11');
Insert into SYSTEM.VISIT_LOG (VISIT_ID,IP_ADDRESS,USER_AGENT_BROWSER,REFERER,ACCESS_TIME,USER_AGENT_WINDOWS) values (249,'0:0:0:0:0:0:0:1','Chrome/134.0.0.0 (Chrome)',null,to_timestamp('25/03/28 19:29:02.000000000','RR/MM/DD HH24:MI:SSXFF'),'Windows 10 / 11');
Insert into SYSTEM.VISIT_LOG (VISIT_ID,IP_ADDRESS,USER_AGENT_BROWSER,REFERER,ACCESS_TIME,USER_AGENT_WINDOWS) values (271,'0:0:0:0:0:0:0:1','Edg/134.0.0.0 (Edge)',null,to_timestamp('25/03/29 15:43:22.000000000','RR/MM/DD HH24:MI:SSXFF'),'Windows 10 / 11');
Insert into SYSTEM.VISIT_LOG (VISIT_ID,IP_ADDRESS,USER_AGENT_BROWSER,REFERER,ACCESS_TIME,USER_AGENT_WINDOWS) values (374,'0:0:0:0:0:0:0:1','Chrome/134.0.0.0 (Chrome)',null,to_timestamp('25/04/01 11:18:52.000000000','RR/MM/DD HH24:MI:SSXFF'),'Windows 10 / 11');
Insert into SYSTEM.VISIT_LOG (VISIT_ID,IP_ADDRESS,USER_AGENT_BROWSER,REFERER,ACCESS_TIME,USER_AGENT_WINDOWS) values (376,'0:0:0:0:0:0:0:1','Edg/134.0.0.0 (Edge)','http://localhost:8081/product/list.do?searchOption=dog',to_timestamp('25/04/01 12:18:22.000000000','RR/MM/DD HH24:MI:SSXFF'),'Windows 10 / 11');
Insert into SYSTEM.VISIT_LOG (VISIT_ID,IP_ADDRESS,USER_AGENT_BROWSER,REFERER,ACCESS_TIME,USER_AGENT_WINDOWS) values (390,'0:0:0:0:0:0:0:1','Chrome/134.0.0.0 (Chrome)',null,to_timestamp('25/04/01 22:20:26.000000000','RR/MM/DD HH24:MI:SSXFF'),'Windows 10 / 11');
Insert into SYSTEM.VISIT_LOG (VISIT_ID,IP_ADDRESS,USER_AGENT_BROWSER,REFERER,ACCESS_TIME,USER_AGENT_WINDOWS) values (415,'0:0:0:0:0:0:0:1','Edg/134.0.0.0 (Edge)','http://localhost:8081/partner/list.do',to_timestamp('25/04/02 10:52:15.000000000','RR/MM/DD HH24:MI:SSXFF'),'Windows 10 / 11');
Insert into SYSTEM.VISIT_LOG (VISIT_ID,IP_ADDRESS,USER_AGENT_BROWSER,REFERER,ACCESS_TIME,USER_AGENT_WINDOWS) values (416,'0:0:0:0:0:0:0:1','Edg/134.0.0.0 (Edge)','http://localhost:8081/order/orderList.do',to_timestamp('25/04/02 10:52:23.000000000','RR/MM/DD HH24:MI:SSXFF'),'Windows 10 / 11');
Insert into SYSTEM.VISIT_LOG (VISIT_ID,IP_ADDRESS,USER_AGENT_BROWSER,REFERER,ACCESS_TIME,USER_AGENT_WINDOWS) values (423,'0:0:0:0:0:0:0:1','Chrome/134.0.0.0 (Chrome)','http://localhost:8081/board/vetBoardView.do?vetBoardId=42',to_timestamp('25/04/02 15:32:06.000000000','RR/MM/DD HH24:MI:SSXFF'),'Windows 10 / 11');
Insert into SYSTEM.VISIT_LOG (VISIT_ID,IP_ADDRESS,USER_AGENT_BROWSER,REFERER,ACCESS_TIME,USER_AGENT_WINDOWS) values (434,'0:0:0:0:0:0:0:1','Chrome/134.0.0.0 (Chrome)','http://localhost:8081/board/vetBoardList.do',to_timestamp('25/04/03 09:49:42.000000000','RR/MM/DD HH24:MI:SSXFF'),'Windows 10 / 11');
Insert into SYSTEM.VISIT_LOG (VISIT_ID,IP_ADDRESS,USER_AGENT_BROWSER,REFERER,ACCESS_TIME,USER_AGENT_WINDOWS) values (435,'0:0:0:0:0:0:0:1','Chrome/134.0.0.0 (Chrome)',null,to_timestamp('25/04/03 11:10:44.000000000','RR/MM/DD HH24:MI:SSXFF'),'Windows 10 / 11');
Insert into SYSTEM.VISIT_LOG (VISIT_ID,IP_ADDRESS,USER_AGENT_BROWSER,REFERER,ACCESS_TIME,USER_AGENT_WINDOWS) values (439,'0:0:0:0:0:0:0:1','Chrome/134.0.0.0 (Chrome)','http://localhost:8081/user/login.do',to_timestamp('25/04/03 14:37:43.000000000','RR/MM/DD HH24:MI:SSXFF'),'Windows 10 / 11');
Insert into SYSTEM.VISIT_LOG (VISIT_ID,IP_ADDRESS,USER_AGENT_BROWSER,REFERER,ACCESS_TIME,USER_AGENT_WINDOWS) values (441,'0:0:0:0:0:0:0:1','Chrome/134.0.0.0 (Chrome)','http://localhost:8081/board/list.do?category=A',to_timestamp('25/04/03 14:55:53.000000000','RR/MM/DD HH24:MI:SSXFF'),'Windows 10 / 11');
Insert into SYSTEM.VISIT_LOG (VISIT_ID,IP_ADDRESS,USER_AGENT_BROWSER,REFERER,ACCESS_TIME,USER_AGENT_WINDOWS) values (453,'0:0:0:0:0:0:0:1','Edg/134.0.0.0 (Edge)',null,to_timestamp('25/04/04 09:38:40.000000000','RR/MM/DD HH24:MI:SSXFF'),'Windows 10 / 11');
Insert into SYSTEM.VISIT_LOG (VISIT_ID,IP_ADDRESS,USER_AGENT_BROWSER,REFERER,ACCESS_TIME,USER_AGENT_WINDOWS) values (455,'0:0:0:0:0:0:0:1','Chrome/134.0.0.0 (Chrome)','http://localhost:8081/user/login.do',to_timestamp('25/04/04 10:09:31.000000000','RR/MM/DD HH24:MI:SSXFF'),'Windows 10 / 11');
Insert into SYSTEM.VISIT_LOG (VISIT_ID,IP_ADDRESS,USER_AGENT_BROWSER,REFERER,ACCESS_TIME,USER_AGENT_WINDOWS) values (459,'0:0:0:0:0:0:0:1','Chrome/134.0.0.0 (Chrome)','http://localhost:8081/board/add.do?category=F',to_timestamp('25/04/04 14:47:22.000000000','RR/MM/DD HH24:MI:SSXFF'),'Windows 10 / 11');
Insert into SYSTEM.VISIT_LOG (VISIT_ID,IP_ADDRESS,USER_AGENT_BROWSER,REFERER,ACCESS_TIME,USER_AGENT_WINDOWS) values (463,'0:0:0:0:0:0:0:1','Edg/134.0.0.0 (Edge)',null,to_timestamp('25/04/04 17:04:43.000000000','RR/MM/DD HH24:MI:SSXFF'),'Windows 10 / 11');
Insert into SYSTEM.VISIT_LOG (VISIT_ID,IP_ADDRESS,USER_AGENT_BROWSER,REFERER,ACCESS_TIME,USER_AGENT_WINDOWS) values (467,'0:0:0:0:0:0:0:1','Edg/134.0.0.0 (Edge)','http://localhost:8081/user/mypage.do',to_timestamp('25/04/04 19:16:22.000000000','RR/MM/DD HH24:MI:SSXFF'),'Windows 10 / 11');
Insert into SYSTEM.VISIT_LOG (VISIT_ID,IP_ADDRESS,USER_AGENT_BROWSER,REFERER,ACCESS_TIME,USER_AGENT_WINDOWS) values (475,'0:0:0:0:0:0:0:1','Edg/134.0.0.0 (Edge)',null,to_timestamp('25/04/05 14:21:43.000000000','RR/MM/DD HH24:MI:SSXFF'),'Windows 10 / 11');
Insert into SYSTEM.VISIT_LOG (VISIT_ID,IP_ADDRESS,USER_AGENT_BROWSER,REFERER,ACCESS_TIME,USER_AGENT_WINDOWS) values (482,'0:0:0:0:0:0:0:1','Edg/135.0.0.0 (Edge)','http://localhost:8081/',to_timestamp('25/04/05 16:34:40.000000000','RR/MM/DD HH24:MI:SSXFF'),'Windows 10 / 11');
Insert into SYSTEM.VISIT_LOG (VISIT_ID,IP_ADDRESS,USER_AGENT_BROWSER,REFERER,ACCESS_TIME,USER_AGENT_WINDOWS) values (484,'0:0:0:0:0:0:0:1','Edg/135.0.0.0 (Edge)','http://localhost:8081/user/mypage.do',to_timestamp('25/04/05 17:12:05.000000000','RR/MM/DD HH24:MI:SSXFF'),'Windows 10 / 11');
Insert into SYSTEM.VISIT_LOG (VISIT_ID,IP_ADDRESS,USER_AGENT_BROWSER,REFERER,ACCESS_TIME,USER_AGENT_WINDOWS) values (485,'0:0:0:0:0:0:0:1','Chrome/134.0.0.0 (Chrome)','http://localhost:8081/user/login.do',to_timestamp('25/04/05 17:13:27.000000000','RR/MM/DD HH24:MI:SSXFF'),'Windows 10 / 11');
Insert into SYSTEM.VISIT_LOG (VISIT_ID,IP_ADDRESS,USER_AGENT_BROWSER,REFERER,ACCESS_TIME,USER_AGENT_WINDOWS) values (513,'0:0:0:0:0:0:0:1','Edg/134.0.0.0 (Edge)',null,to_timestamp('25/04/07 09:50:11.000000000','RR/MM/DD HH24:MI:SSXFF'),'Windows 10 / 11');
Insert into SYSTEM.VISIT_LOG (VISIT_ID,IP_ADDRESS,USER_AGENT_BROWSER,REFERER,ACCESS_TIME,USER_AGENT_WINDOWS) values (530,'0:0:0:0:0:0:0:1','Chrome/134.0.0.0 (Chrome)',null,to_timestamp('25/04/07 21:15:55.000000000','RR/MM/DD HH24:MI:SSXFF'),'Windows 10 / 11');
Insert into SYSTEM.VISIT_LOG (VISIT_ID,IP_ADDRESS,USER_AGENT_BROWSER,REFERER,ACCESS_TIME,USER_AGENT_WINDOWS) values (531,'0:0:0:0:0:0:0:1','Chrome/134.0.0.0 (Chrome)','http://localhost:8081/user/mypage.do',to_timestamp('25/04/08 00:22:11.000000000','RR/MM/DD HH24:MI:SSXFF'),'Windows 10 / 11');
Insert into SYSTEM.VISIT_LOG (VISIT_ID,IP_ADDRESS,USER_AGENT_BROWSER,REFERER,ACCESS_TIME,USER_AGENT_WINDOWS) values (536,'0:0:0:0:0:0:0:1','Edg/135.0.0.0 (Edge)','http://localhost:8081/product/list.do?searchOption=dog',to_timestamp('25/04/08 11:12:33.000000000','RR/MM/DD HH24:MI:SSXFF'),'Windows 10 / 11');
Insert into SYSTEM.VISIT_LOG (VISIT_ID,IP_ADDRESS,USER_AGENT_BROWSER,REFERER,ACCESS_TIME,USER_AGENT_WINDOWS) values (544,'0:0:0:0:0:0:0:1','Edg/135.0.0.0 (Edge)','http://localhost:8081/user/mypage.do',to_timestamp('25/04/08 14:20:00.000000000','RR/MM/DD HH24:MI:SSXFF'),'Windows 10 / 11');
Insert into SYSTEM.VISIT_LOG (VISIT_ID,IP_ADDRESS,USER_AGENT_BROWSER,REFERER,ACCESS_TIME,USER_AGENT_WINDOWS) values (548,'0:0:0:0:0:0:0:1','Chrome/134.0.0.0 (Chrome)','http://localhost:8081/board/list.do?category=F',to_timestamp('25/04/08 14:52:42.000000000','RR/MM/DD HH24:MI:SSXFF'),'Windows 10 / 11');
Insert into SYSTEM.VISIT_LOG (VISIT_ID,IP_ADDRESS,USER_AGENT_BROWSER,REFERER,ACCESS_TIME,USER_AGENT_WINDOWS) values (551,'0:0:0:0:0:0:0:1','Chrome/135.0.0.0 (Chrome)',null,to_timestamp('25/04/08 16:46:17.000000000','RR/MM/DD HH24:MI:SSXFF'),'Windows 10 / 11');
Insert into SYSTEM.VISIT_LOG (VISIT_ID,IP_ADDRESS,USER_AGENT_BROWSER,REFERER,ACCESS_TIME,USER_AGENT_WINDOWS) values (552,'0:0:0:0:0:0:0:1','Edg/135.0.0.0 (Edge)','http://localhost:8081/main.do',to_timestamp('25/04/08 17:03:51.000000000','RR/MM/DD HH24:MI:SSXFF'),'Windows 10 / 11');
Insert into SYSTEM.VISIT_LOG (VISIT_ID,IP_ADDRESS,USER_AGENT_BROWSER,REFERER,ACCESS_TIME,USER_AGENT_WINDOWS) values (561,'0:0:0:0:0:0:0:1','Chrome/135.0.0.0 (Chrome)',null,to_timestamp('25/04/09 11:11:52.000000000','RR/MM/DD HH24:MI:SSXFF'),'Windows 10 / 11');
Insert into SYSTEM.VISIT_LOG (VISIT_ID,IP_ADDRESS,USER_AGENT_BROWSER,REFERER,ACCESS_TIME,USER_AGENT_WINDOWS) values (563,'0:0:0:0:0:0:0:1','Chrome/135.0.0.0 (Chrome)','http://localhost:8081/main.do',to_timestamp('25/04/09 12:05:16.000000000','RR/MM/DD HH24:MI:SSXFF'),'Windows 10 / 11');
Insert into SYSTEM.VISIT_LOG (VISIT_ID,IP_ADDRESS,USER_AGENT_BROWSER,REFERER,ACCESS_TIME,USER_AGENT_WINDOWS) values (564,'0:0:0:0:0:0:0:1','Edg/135.0.0.0 (Edge)','http://localhost:8081/user/mypage.do',to_timestamp('25/04/09 14:20:09.000000000','RR/MM/DD HH24:MI:SSXFF'),'Windows 10 / 11');
Insert into SYSTEM.VISIT_LOG (VISIT_ID,IP_ADDRESS,USER_AGENT_BROWSER,REFERER,ACCESS_TIME,USER_AGENT_WINDOWS) values (568,'0:0:0:0:0:0:0:1','Edg/135.0.0.0 (Edge)','http://localhost:8081/main.do',to_timestamp('25/04/09 15:02:13.000000000','RR/MM/DD HH24:MI:SSXFF'),'Windows 10 / 11');
Insert into SYSTEM.VISIT_LOG (VISIT_ID,IP_ADDRESS,USER_AGENT_BROWSER,REFERER,ACCESS_TIME,USER_AGENT_WINDOWS) values (572,'0:0:0:0:0:0:0:1','Edg/135.0.0.0 (Edge)','http://localhost:8081/main.do',to_timestamp('25/04/09 15:35:46.000000000','RR/MM/DD HH24:MI:SSXFF'),'Windows 10 / 11');
Insert into SYSTEM.VISIT_LOG (VISIT_ID,IP_ADDRESS,USER_AGENT_BROWSER,REFERER,ACCESS_TIME,USER_AGENT_WINDOWS) values (573,'0:0:0:0:0:0:0:1','Edg/135.0.0.0 (Edge)','http://localhost:8081/',to_timestamp('25/04/09 15:47:08.000000000','RR/MM/DD HH24:MI:SSXFF'),'Windows 10 / 11');
Insert into SYSTEM.VISIT_LOG (VISIT_ID,IP_ADDRESS,USER_AGENT_BROWSER,REFERER,ACCESS_TIME,USER_AGENT_WINDOWS) values (583,'0:0:0:0:0:0:0:1','Edg/135.0.0.0 (Edge)','http://localhost:8081/main.do',to_timestamp('25/04/10 09:33:56.000000000','RR/MM/DD HH24:MI:SSXFF'),'Windows 10 / 11');
Insert into SYSTEM.VISIT_LOG (VISIT_ID,IP_ADDRESS,USER_AGENT_BROWSER,REFERER,ACCESS_TIME,USER_AGENT_WINDOWS) values (587,'192.168.30.39','Chrome/135.0.0.0 (Chrome)','http://192.168.30.52:8081/',to_timestamp('25/04/10 10:23:28.000000000','RR/MM/DD HH24:MI:SSXFF'),'Windows 10 / 11');
Insert into SYSTEM.VISIT_LOG (VISIT_ID,IP_ADDRESS,USER_AGENT_BROWSER,REFERER,ACCESS_TIME,USER_AGENT_WINDOWS) values (589,'0:0:0:0:0:0:0:1','Edg/135.0.0.0 (Edge)','http://localhost:8081/product/list.do?searchOption=dog&keyword=%EC%9A%A9%ED%92%88',to_timestamp('25/04/10 10:52:03.000000000','RR/MM/DD HH24:MI:SSXFF'),'Windows 10 / 11');
Insert into SYSTEM.VISIT_LOG (VISIT_ID,IP_ADDRESS,USER_AGENT_BROWSER,REFERER,ACCESS_TIME,USER_AGENT_WINDOWS) values (594,'192.168.30.39','Chrome/135.0.0.0 (Chrome)','http://192.168.30.52:8081/main.do',to_timestamp('25/04/10 14:46:38.000000000','RR/MM/DD HH24:MI:SSXFF'),'Windows 10 / 11');
Insert into SYSTEM.VISIT_LOG (VISIT_ID,IP_ADDRESS,USER_AGENT_BROWSER,REFERER,ACCESS_TIME,USER_AGENT_WINDOWS) values (609,'0:0:0:0:0:0:0:1','Chrome/135.0.0.0 (Chrome)','http://localhost:8081/main.do',to_timestamp('25/04/11 11:25:02.000000000','RR/MM/DD HH24:MI:SSXFF'),'Windows 10 / 11');
Insert into SYSTEM.VISIT_LOG (VISIT_ID,IP_ADDRESS,USER_AGENT_BROWSER,REFERER,ACCESS_TIME,USER_AGENT_WINDOWS) values (617,'0:0:0:0:0:0:0:1','Chrome/135.0.0.0 (Chrome)','http://localhost:8081/board/view.do?boardId=440&category=F',to_timestamp('25/04/11 14:22:36.000000000','RR/MM/DD HH24:MI:SSXFF'),'Windows 10 / 11');
Insert into SYSTEM.VISIT_LOG (VISIT_ID,IP_ADDRESS,USER_AGENT_BROWSER,REFERER,ACCESS_TIME,USER_AGENT_WINDOWS) values (619,'0:0:0:0:0:0:0:1','Chrome/135.0.0.0 (Chrome)','http://localhost:8081/main.do',to_timestamp('25/04/11 14:40:51.000000000','RR/MM/DD HH24:MI:SSXFF'),'Windows 10 / 11');
Insert into SYSTEM.VISIT_LOG (VISIT_ID,IP_ADDRESS,USER_AGENT_BROWSER,REFERER,ACCESS_TIME,USER_AGENT_WINDOWS) values (622,'0:0:0:0:0:0:0:1','Edg/135.0.0.0 (Edge)','http://localhost:8081/main.do',to_timestamp('25/04/11 15:36:59.000000000','RR/MM/DD HH24:MI:SSXFF'),'Windows 10 / 11');
Insert into SYSTEM.VISIT_LOG (VISIT_ID,IP_ADDRESS,USER_AGENT_BROWSER,REFERER,ACCESS_TIME,USER_AGENT_WINDOWS) values (633,'0:0:0:0:0:0:0:1','Chrome/135.0.0.0 (Chrome)','http://localhost:8081/main.do',to_timestamp('25/04/11 16:58:31.000000000','RR/MM/DD HH24:MI:SSXFF'),'Windows 10 / 11');
Insert into SYSTEM.VISIT_LOG (VISIT_ID,IP_ADDRESS,USER_AGENT_BROWSER,REFERER,ACCESS_TIME,USER_AGENT_WINDOWS) values (645,'0:0:0:0:0:0:0:1','Chrome/135.0.0.0 (Chrome)','http://localhost:8081/main.do',to_timestamp('25/04/11 21:27:46.000000000','RR/MM/DD HH24:MI:SSXFF'),'Windows 10 / 11');
Insert into SYSTEM.VISIT_LOG (VISIT_ID,IP_ADDRESS,USER_AGENT_BROWSER,REFERER,ACCESS_TIME,USER_AGENT_WINDOWS) values (24,'127.0.0.1','Chrome/134.0.0.0 (Chrome)','http://127.0.0.1:8081/user/login.do',to_timestamp('25/03/24 19:03:02.000000000','RR/MM/DD HH24:MI:SSXFF'),'Windows 10 / 11');
Insert into SYSTEM.VISIT_LOG (VISIT_ID,IP_ADDRESS,USER_AGENT_BROWSER,REFERER,ACCESS_TIME,USER_AGENT_WINDOWS) values (28,'0:0:0:0:0:0:0:1','Chrome/134.0.0.0 (Chrome)','http://localhost:8081/user/login.do',to_timestamp('25/03/25 09:38:47.000000000','RR/MM/DD HH24:MI:SSXFF'),'Windows 10 / 11');
Insert into SYSTEM.VISIT_LOG (VISIT_ID,IP_ADDRESS,USER_AGENT_BROWSER,REFERER,ACCESS_TIME,USER_AGENT_WINDOWS) values (114,'0:0:0:0:0:0:0:1','Chrome/134.0.0.0 (Chrome)','http://localhost:8081/product/list.do',to_timestamp('25/03/25 14:51:41.000000000','RR/MM/DD HH24:MI:SSXFF'),'Windows 10 / 11');
Insert into SYSTEM.VISIT_LOG (VISIT_ID,IP_ADDRESS,USER_AGENT_BROWSER,REFERER,ACCESS_TIME,USER_AGENT_WINDOWS) values (2,'0:0:0:0:0:0:0:1','Edg/134.0.0.0 (Edge)','http://localhost:8081/board/list.do',to_timestamp('25/03/23 10:35:23.000000000','RR/MM/DD HH24:MI:SSXFF'),'Windows 10 / 11');
Insert into SYSTEM.VISIT_LOG (VISIT_ID,IP_ADDRESS,USER_AGENT_BROWSER,REFERER,ACCESS_TIME,USER_AGENT_WINDOWS) values (4,'0:0:0:0:0:0:0:1','Edg/134.0.0.0 (Edge)','http://localhost:8081/user/login.do',to_timestamp('25/03/24 16:31:00.000000000','RR/MM/DD HH24:MI:SSXFF'),'Windows 10 / 11');
Insert into SYSTEM.VISIT_LOG (VISIT_ID,IP_ADDRESS,USER_AGENT_BROWSER,REFERER,ACCESS_TIME,USER_AGENT_WINDOWS) values (115,'0:0:0:0:0:0:0:1','Edg/134.0.0.0 (Edge)','http://localhost:8081/user/login.do',to_timestamp('25/03/25 15:43:26.000000000','RR/MM/DD HH24:MI:SSXFF'),'Windows 10 / 11');
Insert into SYSTEM.VISIT_LOG (VISIT_ID,IP_ADDRESS,USER_AGENT_BROWSER,REFERER,ACCESS_TIME,USER_AGENT_WINDOWS) values (116,'127.0.0.1','Edg/134.0.0.0 (Edge)','http://127.0.0.1:8081/manager/main.do',to_timestamp('25/03/25 16:20:06.000000000','RR/MM/DD HH24:MI:SSXFF'),'Windows 10 / 11');
Insert into SYSTEM.VISIT_LOG (VISIT_ID,IP_ADDRESS,USER_AGENT_BROWSER,REFERER,ACCESS_TIME,USER_AGENT_WINDOWS) values (122,'0:0:0:0:0:0:0:1','Edg/134.0.0.0 (Edge)','http://localhost:8081/user/login.do',to_timestamp('25/03/25 19:14:01.000000000','RR/MM/DD HH24:MI:SSXFF'),'Windows 10 / 11');
Insert into SYSTEM.VISIT_LOG (VISIT_ID,IP_ADDRESS,USER_AGENT_BROWSER,REFERER,ACCESS_TIME,USER_AGENT_WINDOWS) values (131,'0:0:0:0:0:0:0:1','Chrome/134.0.0.0 (Chrome)','http://localhost:8081/user/login.do',to_timestamp('25/03/26 09:34:32.000000000','RR/MM/DD HH24:MI:SSXFF'),'Windows 10 / 11');
Insert into SYSTEM.VISIT_LOG (VISIT_ID,IP_ADDRESS,USER_AGENT_BROWSER,REFERER,ACCESS_TIME,USER_AGENT_WINDOWS) values (132,'0:0:0:0:0:0:0:1','Chrome/134.0.0.0 (Chrome)',null,to_timestamp('25/03/26 09:35:17.000000000','RR/MM/DD HH24:MI:SSXFF'),'Windows 10 / 11');
Insert into SYSTEM.VISIT_LOG (VISIT_ID,IP_ADDRESS,USER_AGENT_BROWSER,REFERER,ACCESS_TIME,USER_AGENT_WINDOWS) values (134,'0:0:0:0:0:0:0:1','Edg/134.0.0.0 (Edge)',null,to_timestamp('25/03/26 09:43:46.000000000','RR/MM/DD HH24:MI:SSXFF'),'Windows 10 / 11');
Insert into SYSTEM.VISIT_LOG (VISIT_ID,IP_ADDRESS,USER_AGENT_BROWSER,REFERER,ACCESS_TIME,USER_AGENT_WINDOWS) values (171,'0:0:0:0:0:0:0:1','Edg/134.0.0.0 (Edge)','http://localhost:8081/user/myPage.do',to_timestamp('25/03/26 14:28:13.000000000','RR/MM/DD HH24:MI:SSXFF'),'Windows 10 / 11');
Insert into SYSTEM.VISIT_LOG (VISIT_ID,IP_ADDRESS,USER_AGENT_BROWSER,REFERER,ACCESS_TIME,USER_AGENT_WINDOWS) values (173,'0:0:0:0:0:0:0:1','Chrome/134.0.0.0 (Chrome)','http://localhost:8081/user/login.do',to_timestamp('25/03/26 14:34:11.000000000','RR/MM/DD HH24:MI:SSXFF'),'Windows 10 / 11');
Insert into SYSTEM.VISIT_LOG (VISIT_ID,IP_ADDRESS,USER_AGENT_BROWSER,REFERER,ACCESS_TIME,USER_AGENT_WINDOWS) values (174,'0:0:0:0:0:0:0:1','Edg/134.0.0.0 (Edge)','http://localhost:8081/user/myPage.do',to_timestamp('25/03/26 14:53:26.000000000','RR/MM/DD HH24:MI:SSXFF'),'Windows 10 / 11');
Insert into SYSTEM.VISIT_LOG (VISIT_ID,IP_ADDRESS,USER_AGENT_BROWSER,REFERER,ACCESS_TIME,USER_AGENT_WINDOWS) values (182,'0:0:0:0:0:0:0:1','Edg/134.0.0.0 (Edge)','http://localhost:8081/user/login.do',to_timestamp('25/03/26 18:08:06.000000000','RR/MM/DD HH24:MI:SSXFF'),'Windows 10 / 11');
Insert into SYSTEM.VISIT_LOG (VISIT_ID,IP_ADDRESS,USER_AGENT_BROWSER,REFERER,ACCESS_TIME,USER_AGENT_WINDOWS) values (183,'0:0:0:0:0:0:0:1','Chrome/134.0.0.0 (Chrome)','http://localhost:8081/donation.do',to_timestamp('25/03/26 19:36:55.000000000','RR/MM/DD HH24:MI:SSXFF'),'Windows 10 / 11');
Insert into SYSTEM.VISIT_LOG (VISIT_ID,IP_ADDRESS,USER_AGENT_BROWSER,REFERER,ACCESS_TIME,USER_AGENT_WINDOWS) values (184,'127.0.0.1','Chrome/134.0.0.0 (Chrome)','http://localhost:8081/center.do',to_timestamp('25/03/27 03:14:00.000000000','RR/MM/DD HH24:MI:SSXFF'),'Windows 10 / 11');
Insert into SYSTEM.VISIT_LOG (VISIT_ID,IP_ADDRESS,USER_AGENT_BROWSER,REFERER,ACCESS_TIME,USER_AGENT_WINDOWS) values (191,'0:0:0:0:0:0:0:1','Chrome/134.0.0.0 (Chrome)',null,to_timestamp('25/03/27 09:28:14.000000000','RR/MM/DD HH24:MI:SSXFF'),'Windows 10 / 11');
Insert into SYSTEM.VISIT_LOG (VISIT_ID,IP_ADDRESS,USER_AGENT_BROWSER,REFERER,ACCESS_TIME,USER_AGENT_WINDOWS) values (192,'0:0:0:0:0:0:0:1','Edg/134.0.0.0 (Edge)','http://localhost:8081/cart/list.do',to_timestamp('25/03/27 09:34:16.000000000','RR/MM/DD HH24:MI:SSXFF'),'Windows 10 / 11');
Insert into SYSTEM.VISIT_LOG (VISIT_ID,IP_ADDRESS,USER_AGENT_BROWSER,REFERER,ACCESS_TIME,USER_AGENT_WINDOWS) values (193,'0:0:0:0:0:0:0:1','Edg/134.0.0.0 (Edge)',null,to_timestamp('25/03/27 09:36:59.000000000','RR/MM/DD HH24:MI:SSXFF'),'Windows 10 / 11');
Insert into SYSTEM.VISIT_LOG (VISIT_ID,IP_ADDRESS,USER_AGENT_BROWSER,REFERER,ACCESS_TIME,USER_AGENT_WINDOWS) values (196,'0:0:0:0:0:0:0:1','Edg/134.0.0.0 (Edge)','http://localhost:8081/cart/order.do',to_timestamp('25/03/27 10:29:21.000000000','RR/MM/DD HH24:MI:SSXFF'),'Windows 10 / 11');
Insert into SYSTEM.VISIT_LOG (VISIT_ID,IP_ADDRESS,USER_AGENT_BROWSER,REFERER,ACCESS_TIME,USER_AGENT_WINDOWS) values (200,'0:0:0:0:0:0:0:1','Edg/134.0.0.0 (Edge)','http://localhost:8081/user/myPage.do',to_timestamp('25/03/27 11:10:05.000000000','RR/MM/DD HH24:MI:SSXFF'),'Windows 10 / 11');
Insert into SYSTEM.VISIT_LOG (VISIT_ID,IP_ADDRESS,USER_AGENT_BROWSER,REFERER,ACCESS_TIME,USER_AGENT_WINDOWS) values (232,'0:0:0:0:0:0:0:1','Edg/134.0.0.0 (Edge)',null,to_timestamp('25/03/28 09:36:38.000000000','RR/MM/DD HH24:MI:SSXFF'),'Windows 10 / 11');
Insert into SYSTEM.VISIT_LOG (VISIT_ID,IP_ADDRESS,USER_AGENT_BROWSER,REFERER,ACCESS_TIME,USER_AGENT_WINDOWS) values (233,'0:0:0:0:0:0:0:1','Edg/134.0.0.0 (Edge)','http://localhost:8081/manager/main.do?menu=board&submenu=1',to_timestamp('25/03/28 09:36:53.000000000','RR/MM/DD HH24:MI:SSXFF'),'Windows 10 / 11');
Insert into SYSTEM.VISIT_LOG (VISIT_ID,IP_ADDRESS,USER_AGENT_BROWSER,REFERER,ACCESS_TIME,USER_AGENT_WINDOWS) values (246,'0:0:0:0:0:0:0:1','Chrome/134.0.0.0 (Chrome)',null,to_timestamp('25/03/28 15:44:21.000000000','RR/MM/DD HH24:MI:SSXFF'),'Windows 10 / 11');
Insert into SYSTEM.VISIT_LOG (VISIT_ID,IP_ADDRESS,USER_AGENT_BROWSER,REFERER,ACCESS_TIME,USER_AGENT_WINDOWS) values (248,'0:0:0:0:0:0:0:1','Chrome/134.0.0.0 (Chrome)',null,to_timestamp('25/03/28 19:29:02.000000000','RR/MM/DD HH24:MI:SSXFF'),'Windows 10 / 11');
Insert into SYSTEM.VISIT_LOG (VISIT_ID,IP_ADDRESS,USER_AGENT_BROWSER,REFERER,ACCESS_TIME,USER_AGENT_WINDOWS) values (291,'0:0:0:0:0:0:0:1','Chrome/134.0.0.0 (Chrome)',null,to_timestamp('25/03/31 09:33:17.000000000','RR/MM/DD HH24:MI:SSXFF'),'Windows 10 / 11');
Insert into SYSTEM.VISIT_LOG (VISIT_ID,IP_ADDRESS,USER_AGENT_BROWSER,REFERER,ACCESS_TIME,USER_AGENT_WINDOWS) values (292,'0:0:0:0:0:0:0:1','Edg/134.0.0.0 (Edge)','http://localhost:8081/manager/main.do?menu=stat&submenu=3',to_timestamp('25/03/31 09:38:25.000000000','RR/MM/DD HH24:MI:SSXFF'),'Windows 10 / 11');
Insert into SYSTEM.VISIT_LOG (VISIT_ID,IP_ADDRESS,USER_AGENT_BROWSER,REFERER,ACCESS_TIME,USER_AGENT_WINDOWS) values (294,'0:0:0:0:0:0:0:1','Edg/134.0.0.0 (Edge)','http://localhost:8081/user/mypage.do',to_timestamp('25/03/31 14:23:38.000000000','RR/MM/DD HH24:MI:SSXFF'),'Windows 10 / 11');
Insert into SYSTEM.VISIT_LOG (VISIT_ID,IP_ADDRESS,USER_AGENT_BROWSER,REFERER,ACCESS_TIME,USER_AGENT_WINDOWS) values (296,'0:0:0:0:0:0:0:1','Edg/134.0.0.0 (Edge)',null,to_timestamp('25/03/31 14:28:48.000000000','RR/MM/DD HH24:MI:SSXFF'),'Windows 10 / 11');
Insert into SYSTEM.VISIT_LOG (VISIT_ID,IP_ADDRESS,USER_AGENT_BROWSER,REFERER,ACCESS_TIME,USER_AGENT_WINDOWS) values (310,'0:0:0:0:0:0:0:1','Chrome/134.0.0.0 (Chrome)',null,to_timestamp('25/03/31 14:42:55.000000000','RR/MM/DD HH24:MI:SSXFF'),'Windows 10 / 11');
Insert into SYSTEM.VISIT_LOG (VISIT_ID,IP_ADDRESS,USER_AGENT_BROWSER,REFERER,ACCESS_TIME,USER_AGENT_WINDOWS) values (330,'0:0:0:0:0:0:0:1','Chrome/134.0.0.0 (Chrome)','http://localhost:8081/board/vetBoardAdd.do',to_timestamp('25/03/31 16:02:55.000000000','RR/MM/DD HH24:MI:SSXFF'),'Windows 10 / 11');
Insert into SYSTEM.VISIT_LOG (VISIT_ID,IP_ADDRESS,USER_AGENT_BROWSER,REFERER,ACCESS_TIME,USER_AGENT_WINDOWS) values (372,'0:0:0:0:0:0:0:1','Edg/134.0.0.0 (Edge)','http://localhost:8081/product/list.do?searchOption=search&keyword=%ED%8C%AF%EC%A6%88',to_timestamp('25/04/01 09:36:43.000000000','RR/MM/DD HH24:MI:SSXFF'),'Windows 10 / 11');
Insert into SYSTEM.VISIT_LOG (VISIT_ID,IP_ADDRESS,USER_AGENT_BROWSER,REFERER,ACCESS_TIME,USER_AGENT_WINDOWS) values (375,'0:0:0:0:0:0:0:1','Chrome/134.0.0.0 (Chrome)','http://localhost:8081/board/vetBoardView.do?vetBoardId=41&category=F',to_timestamp('25/04/01 11:34:16.000000000','RR/MM/DD HH24:MI:SSXFF'),'Windows 10 / 11');
Insert into SYSTEM.VISIT_LOG (VISIT_ID,IP_ADDRESS,USER_AGENT_BROWSER,REFERER,ACCESS_TIME,USER_AGENT_WINDOWS) values (378,'0:0:0:0:0:0:0:1','Edg/134.0.0.0 (Edge)','http://localhost:8081/user/mypage.do',to_timestamp('25/04/01 14:31:16.000000000','RR/MM/DD HH24:MI:SSXFF'),'Windows 10 / 11');
Insert into SYSTEM.VISIT_LOG (VISIT_ID,IP_ADDRESS,USER_AGENT_BROWSER,REFERER,ACCESS_TIME,USER_AGENT_WINDOWS) values (379,'0:0:0:0:0:0:0:1','Chrome/134.0.0.0 (Chrome)','http://localhost:8081/product/view.do?productId=5',to_timestamp('25/04/01 14:33:39.000000000','RR/MM/DD HH24:MI:SSXFF'),'Windows 10 / 11');
Insert into SYSTEM.VISIT_LOG (VISIT_ID,IP_ADDRESS,USER_AGENT_BROWSER,REFERER,ACCESS_TIME,USER_AGENT_WINDOWS) values (410,'0:0:0:0:0:0:0:1','Edg/134.0.0.0 (Edge)',null,to_timestamp('25/04/02 09:20:50.000000000','RR/MM/DD HH24:MI:SSXFF'),'Windows 10 / 11');
Insert into SYSTEM.VISIT_LOG (VISIT_ID,IP_ADDRESS,USER_AGENT_BROWSER,REFERER,ACCESS_TIME,USER_AGENT_WINDOWS) values (412,'0:0:0:0:0:0:0:1','Chrome/134.0.0.0 (Chrome)','http://localhost:8081/center.do',to_timestamp('25/04/02 09:50:53.000000000','RR/MM/DD HH24:MI:SSXFF'),'Windows 10 / 11');
Insert into SYSTEM.VISIT_LOG (VISIT_ID,IP_ADDRESS,USER_AGENT_BROWSER,REFERER,ACCESS_TIME,USER_AGENT_WINDOWS) values (413,'0:0:0:0:0:0:0:1','Chrome/134.0.0.0 (Chrome)',null,to_timestamp('25/04/02 09:52:18.000000000','RR/MM/DD HH24:MI:SSXFF'),'Windows 10 / 11');
Insert into SYSTEM.VISIT_LOG (VISIT_ID,IP_ADDRESS,USER_AGENT_BROWSER,REFERER,ACCESS_TIME,USER_AGENT_WINDOWS) values (417,'0:0:0:0:0:0:0:1','Edg/134.0.0.0 (Edge)','http://localhost:8081/user/mypage.do',to_timestamp('25/04/02 11:44:53.000000000','RR/MM/DD HH24:MI:SSXFF'),'Windows 10 / 11');
Insert into SYSTEM.VISIT_LOG (VISIT_ID,IP_ADDRESS,USER_AGENT_BROWSER,REFERER,ACCESS_TIME,USER_AGENT_WINDOWS) values (418,'0:0:0:0:0:0:0:1','Chrome/134.0.0.0 (Chrome)','http://localhost:8081/cart/list.do',to_timestamp('25/04/02 14:23:01.000000000','RR/MM/DD HH24:MI:SSXFF'),'Windows 10 / 11');
Insert into SYSTEM.VISIT_LOG (VISIT_ID,IP_ADDRESS,USER_AGENT_BROWSER,REFERER,ACCESS_TIME,USER_AGENT_WINDOWS) values (419,'0:0:0:0:0:0:0:1','Edg/134.0.0.0 (Edge)','http://localhost:8081/user/mypage.do',to_timestamp('25/04/02 14:31:18.000000000','RR/MM/DD HH24:MI:SSXFF'),'Windows 10 / 11');
Insert into SYSTEM.VISIT_LOG (VISIT_ID,IP_ADDRESS,USER_AGENT_BROWSER,REFERER,ACCESS_TIME,USER_AGENT_WINDOWS) values (420,'0:0:0:0:0:0:0:1','Edg/134.0.0.0 (Edge)','http://localhost:8081/user/login.do?redirect=%2Fpartner%2Flist.do',to_timestamp('25/04/02 14:44:02.000000000','RR/MM/DD HH24:MI:SSXFF'),'Windows 10 / 11');
Insert into SYSTEM.VISIT_LOG (VISIT_ID,IP_ADDRESS,USER_AGENT_BROWSER,REFERER,ACCESS_TIME,USER_AGENT_WINDOWS) values (424,'0:0:0:0:0:0:0:1','Edg/134.0.0.0 (Edge)','http://localhost:8081/board/vetBoardList.do',to_timestamp('25/04/02 18:15:56.000000000','RR/MM/DD HH24:MI:SSXFF'),'Windows 10 / 11');
Insert into SYSTEM.VISIT_LOG (VISIT_ID,IP_ADDRESS,USER_AGENT_BROWSER,REFERER,ACCESS_TIME,USER_AGENT_WINDOWS) values (442,'0:0:0:0:0:0:0:1','Edg/134.0.0.0 (Edge)','http://localhost:8081/order/orderList.do',to_timestamp('25/04/03 15:37:14.000000000','RR/MM/DD HH24:MI:SSXFF'),'Windows 10 / 11');
Insert into SYSTEM.VISIT_LOG (VISIT_ID,IP_ADDRESS,USER_AGENT_BROWSER,REFERER,ACCESS_TIME,USER_AGENT_WINDOWS) values (444,'0:0:0:0:0:0:0:1','Edg/134.0.0.0 (Edge)','http://localhost:8081/user/login.do?redirect=%2Fmain.do',to_timestamp('25/04/03 19:29:43.000000000','RR/MM/DD HH24:MI:SSXFF'),'Windows 10 / 11');
Insert into SYSTEM.VISIT_LOG (VISIT_ID,IP_ADDRESS,USER_AGENT_BROWSER,REFERER,ACCESS_TIME,USER_AGENT_WINDOWS) values (450,'0:0:0:0:0:0:0:1','Edg/134.0.0.0 (Edge)',null,to_timestamp('25/04/04 09:18:29.000000000','RR/MM/DD HH24:MI:SSXFF'),'Windows 10 / 11');
Insert into SYSTEM.VISIT_LOG (VISIT_ID,IP_ADDRESS,USER_AGENT_BROWSER,REFERER,ACCESS_TIME,USER_AGENT_WINDOWS) values (451,'0:0:0:0:0:0:0:1','Chrome/134.0.0.0 (Chrome)',null,to_timestamp('25/04/04 09:33:09.000000000','RR/MM/DD HH24:MI:SSXFF'),'Windows 10 / 11');
Insert into SYSTEM.VISIT_LOG (VISIT_ID,IP_ADDRESS,USER_AGENT_BROWSER,REFERER,ACCESS_TIME,USER_AGENT_WINDOWS) values (460,'0:0:0:0:0:0:0:1','Edg/134.0.0.0 (Edge)','http://localhost:8081/manager/main.do?menu=product&submenu=1',to_timestamp('25/04/04 14:49:17.000000000','RR/MM/DD HH24:MI:SSXFF'),'Windows 10 / 11');
Insert into SYSTEM.VISIT_LOG (VISIT_ID,IP_ADDRESS,USER_AGENT_BROWSER,REFERER,ACCESS_TIME,USER_AGENT_WINDOWS) values (479,'0:0:0:0:0:0:0:1','Edg/135.0.0.0 (Edge)','http://localhost:8081/user/login.do',to_timestamp('25/04/05 16:04:40.000000000','RR/MM/DD HH24:MI:SSXFF'),'Windows 10 / 11');
Insert into SYSTEM.VISIT_LOG (VISIT_ID,IP_ADDRESS,USER_AGENT_BROWSER,REFERER,ACCESS_TIME,USER_AGENT_WINDOWS) values (480,'0:0:0:0:0:0:0:1','Chrome/134.0.0.0 (Chrome)','http://localhost:8081/board/vetBoardView.do?vetBoardId=91',to_timestamp('25/04/05 16:09:12.000000000','RR/MM/DD HH24:MI:SSXFF'),'Windows 10 / 11');
Insert into SYSTEM.VISIT_LOG (VISIT_ID,IP_ADDRESS,USER_AGENT_BROWSER,REFERER,ACCESS_TIME,USER_AGENT_WINDOWS) values (481,'0:0:0:0:0:0:0:1','Edg/135.0.0.0 (Edge)','http://localhost:8081/user/mypage.do',to_timestamp('25/04/05 16:31:35.000000000','RR/MM/DD HH24:MI:SSXFF'),'Windows 10 / 11');
Insert into SYSTEM.VISIT_LOG (VISIT_ID,IP_ADDRESS,USER_AGENT_BROWSER,REFERER,ACCESS_TIME,USER_AGENT_WINDOWS) values (483,'0:0:0:0:0:0:0:1','Chrome/134.0.0.0 (Chrome)','http://localhost:8081/manager/main.do?menu=board&submenu=1',to_timestamp('25/04/05 16:47:28.000000000','RR/MM/DD HH24:MI:SSXFF'),'Windows 10 / 11');
Insert into SYSTEM.VISIT_LOG (VISIT_ID,IP_ADDRESS,USER_AGENT_BROWSER,REFERER,ACCESS_TIME,USER_AGENT_WINDOWS) values (486,'0:0:0:0:0:0:0:1','Edg/134.0.0.0 (Edge)','http://localhost:8081/donation.do',to_timestamp('25/04/05 17:48:31.000000000','RR/MM/DD HH24:MI:SSXFF'),'Windows 10 / 11');
Insert into SYSTEM.VISIT_LOG (VISIT_ID,IP_ADDRESS,USER_AGENT_BROWSER,REFERER,ACCESS_TIME,USER_AGENT_WINDOWS) values (511,'0:0:0:0:0:0:0:1','Chrome/134.0.0.0 (Chrome)',null,to_timestamp('25/04/07 09:31:53.000000000','RR/MM/DD HH24:MI:SSXFF'),'Windows 10 / 11');
Insert into SYSTEM.VISIT_LOG (VISIT_ID,IP_ADDRESS,USER_AGENT_BROWSER,REFERER,ACCESS_TIME,USER_AGENT_WINDOWS) values (532,'0:0:0:0:0:0:0:1','Edg/135.0.0.0 (Edge)','http://localhost:8081/user/mypage.do',to_timestamp('25/04/08 09:20:55.000000000','RR/MM/DD HH24:MI:SSXFF'),'Windows 10 / 11');
Insert into SYSTEM.VISIT_LOG (VISIT_ID,IP_ADDRESS,USER_AGENT_BROWSER,REFERER,ACCESS_TIME,USER_AGENT_WINDOWS) values (545,'0:0:0:0:0:0:0:1','Chrome/134.0.0.0 (Chrome)','http://localhost:8081/user/mypage.do',to_timestamp('25/04/08 14:34:07.000000000','RR/MM/DD HH24:MI:SSXFF'),'Windows 10 / 11');
Insert into SYSTEM.VISIT_LOG (VISIT_ID,IP_ADDRESS,USER_AGENT_BROWSER,REFERER,ACCESS_TIME,USER_AGENT_WINDOWS) values (546,'0:0:0:0:0:0:0:1','Edg/135.0.0.0 (Edge)','http://localhost:8081/user/login.do',to_timestamp('25/04/08 14:34:18.000000000','RR/MM/DD HH24:MI:SSXFF'),'Windows 10 / 11');
Insert into SYSTEM.VISIT_LOG (VISIT_ID,IP_ADDRESS,USER_AGENT_BROWSER,REFERER,ACCESS_TIME,USER_AGENT_WINDOWS) values (549,'0:0:0:0:0:0:0:1','Chrome/134.0.0.0 (Chrome)','http://localhost:8081/user/mypage.do',to_timestamp('25/04/08 15:16:54.000000000','RR/MM/DD HH24:MI:SSXFF'),'Windows 10 / 11');
Insert into SYSTEM.VISIT_LOG (VISIT_ID,IP_ADDRESS,USER_AGENT_BROWSER,REFERER,ACCESS_TIME,USER_AGENT_WINDOWS) values (550,'0:0:0:0:0:0:0:1','Edg/135.0.0.0 (Edge)','http://localhost:8081/user/login.do',to_timestamp('25/04/08 15:56:04.000000000','RR/MM/DD HH24:MI:SSXFF'),'Windows 10 / 11');
Insert into SYSTEM.VISIT_LOG (VISIT_ID,IP_ADDRESS,USER_AGENT_BROWSER,REFERER,ACCESS_TIME,USER_AGENT_WINDOWS) values (554,'0:0:0:0:0:0:0:1','Edg/135.0.0.0 (Edge)','http://localhost:8081/main.do',to_timestamp('25/04/09 09:12:05.000000000','RR/MM/DD HH24:MI:SSXFF'),'Windows 10 / 11');
Insert into SYSTEM.VISIT_LOG (VISIT_ID,IP_ADDRESS,USER_AGENT_BROWSER,REFERER,ACCESS_TIME,USER_AGENT_WINDOWS) values (558,'0:0:0:0:0:0:0:1','Edg/135.0.0.0 (Edge)','http://localhost:8081/main.do',to_timestamp('25/04/09 09:42:04.000000000','RR/MM/DD HH24:MI:SSXFF'),'Windows 10 / 11');
Insert into SYSTEM.VISIT_LOG (VISIT_ID,IP_ADDRESS,USER_AGENT_BROWSER,REFERER,ACCESS_TIME,USER_AGENT_WINDOWS) values (577,'0:0:0:0:0:0:0:1','Chrome/135.0.0.0 (Chrome)','http://localhost:8081/main.do',to_timestamp('25/04/09 19:38:28.000000000','RR/MM/DD HH24:MI:SSXFF'),'Windows 10 / 11');
Insert into SYSTEM.VISIT_LOG (VISIT_ID,IP_ADDRESS,USER_AGENT_BROWSER,REFERER,ACCESS_TIME,USER_AGENT_WINDOWS) values (596,'0:0:0:0:0:0:0:1','Edg/135.0.0.0 (Edge)','http://localhost:8081/main.do',to_timestamp('25/04/10 14:57:53.000000000','RR/MM/DD HH24:MI:SSXFF'),'Windows 10 / 11');
Insert into SYSTEM.VISIT_LOG (VISIT_ID,IP_ADDRESS,USER_AGENT_BROWSER,REFERER,ACCESS_TIME,USER_AGENT_WINDOWS) values (597,'0:0:0:0:0:0:0:1','Chrome/135.0.0.0 (Chrome)',null,to_timestamp('25/04/10 16:33:11.000000000','RR/MM/DD HH24:MI:SSXFF'),'Windows 10 / 11');
Insert into SYSTEM.VISIT_LOG (VISIT_ID,IP_ADDRESS,USER_AGENT_BROWSER,REFERER,ACCESS_TIME,USER_AGENT_WINDOWS) values (600,'0:0:0:0:0:0:0:1','Edg/135.0.0.0 (Edge)','http://localhost:8081/user/mypage.do',to_timestamp('25/04/10 18:02:55.000000000','RR/MM/DD HH24:MI:SSXFF'),'Windows 10 / 11');
Insert into SYSTEM.VISIT_LOG (VISIT_ID,IP_ADDRESS,USER_AGENT_BROWSER,REFERER,ACCESS_TIME,USER_AGENT_WINDOWS) values (601,'0:0:0:0:0:0:0:1','Chrome/135.0.0.0 (Chrome)','http://localhost:8081/center.do',to_timestamp('25/04/11 03:12:16.000000000','RR/MM/DD HH24:MI:SSXFF'),'Windows 10 / 11');
Insert into SYSTEM.VISIT_LOG (VISIT_ID,IP_ADDRESS,USER_AGENT_BROWSER,REFERER,ACCESS_TIME,USER_AGENT_WINDOWS) values (604,'0:0:0:0:0:0:0:1','Chrome/135.0.0.0 (Chrome)','http://localhost:8081/main.do',to_timestamp('25/04/11 09:34:09.000000000','RR/MM/DD HH24:MI:SSXFF'),'Windows 10 / 11');
Insert into SYSTEM.VISIT_LOG (VISIT_ID,IP_ADDRESS,USER_AGENT_BROWSER,REFERER,ACCESS_TIME,USER_AGENT_WINDOWS) values (614,'0:0:0:0:0:0:0:1','Edg/135.0.0.0 (Edge)','http://localhost:8081/main.do',to_timestamp('25/04/11 13:14:22.000000000','RR/MM/DD HH24:MI:SSXFF'),'Windows 10 / 11');
Insert into SYSTEM.VISIT_LOG (VISIT_ID,IP_ADDRESS,USER_AGENT_BROWSER,REFERER,ACCESS_TIME,USER_AGENT_WINDOWS) values (615,'0:0:0:0:0:0:0:1','Chrome/135.0.0.0 (Chrome)','http://localhost:8081/main.do',to_timestamp('25/04/11 14:15:18.000000000','RR/MM/DD HH24:MI:SSXFF'),'Windows 10 / 11');
Insert into SYSTEM.VISIT_LOG (VISIT_ID,IP_ADDRESS,USER_AGENT_BROWSER,REFERER,ACCESS_TIME,USER_AGENT_WINDOWS) values (22,'127.0.0.1','Edg/134.0.0.0 (Edge)',null,to_timestamp('25/03/24 18:52:59.000000000','RR/MM/DD HH24:MI:SSXFF'),'Windows 10 / 11');
Insert into SYSTEM.VISIT_LOG (VISIT_ID,IP_ADDRESS,USER_AGENT_BROWSER,REFERER,ACCESS_TIME,USER_AGENT_WINDOWS) values (23,'0:0:0:0:0:0:0:1','Edg/134.0.0.0 (Edge)','http://localhost:8081/user/login.do',to_timestamp('25/03/24 18:59:52.000000000','RR/MM/DD HH24:MI:SSXFF'),'Windows 10 / 11');
Insert into SYSTEM.VISIT_LOG (VISIT_ID,IP_ADDRESS,USER_AGENT_BROWSER,REFERER,ACCESS_TIME,USER_AGENT_WINDOWS) values (27,'0:0:0:0:0:0:0:1','Edg/134.0.0.0 (Edge)','http://localhost:8081/user/login.do',to_timestamp('25/03/25 09:29:27.000000000','RR/MM/DD HH24:MI:SSXFF'),'Windows 10 / 11');
Insert into SYSTEM.VISIT_LOG (VISIT_ID,IP_ADDRESS,USER_AGENT_BROWSER,REFERER,ACCESS_TIME,USER_AGENT_WINDOWS) values (112,'0:0:0:0:0:0:0:1','Chrome/134.0.0.0 (Chrome)','http://localhost:8081/user/login.do',to_timestamp('25/03/25 14:39:30.000000000','RR/MM/DD HH24:MI:SSXFF'),'Windows 10 / 11');
Insert into SYSTEM.VISIT_LOG (VISIT_ID,IP_ADDRESS,USER_AGENT_BROWSER,REFERER,ACCESS_TIME,USER_AGENT_WINDOWS) values (117,'0:0:0:0:0:0:0:1','Edg/134.0.0.0 (Edge)','http://localhost:8081/user/login.do',to_timestamp('25/03/25 16:23:27.000000000','RR/MM/DD HH24:MI:SSXFF'),'Windows 10 / 11');
Insert into SYSTEM.VISIT_LOG (VISIT_ID,IP_ADDRESS,USER_AGENT_BROWSER,REFERER,ACCESS_TIME,USER_AGENT_WINDOWS) values (119,'127.0.0.1','Chrome/134.0.0.0 (Chrome)','http://127.0.0.1:8081/product/list.do?searchOption=dog',to_timestamp('25/03/25 18:24:05.000000000','RR/MM/DD HH24:MI:SSXFF'),'Windows 10 / 11');
Insert into SYSTEM.VISIT_LOG (VISIT_ID,IP_ADDRESS,USER_AGENT_BROWSER,REFERER,ACCESS_TIME,USER_AGENT_WINDOWS) values (133,'0:0:0:0:0:0:0:1','Edg/134.0.0.0 (Edge)','http://localhost:8081/user/myPage.do',to_timestamp('25/03/26 09:42:12.000000000','RR/MM/DD HH24:MI:SSXFF'),'Windows 10 / 11');
Insert into SYSTEM.VISIT_LOG (VISIT_ID,IP_ADDRESS,USER_AGENT_BROWSER,REFERER,ACCESS_TIME,USER_AGENT_WINDOWS) values (175,'0:0:0:0:0:0:0:1','Edg/134.0.0.0 (Edge)','http://localhost:8081/user/myPage.do',to_timestamp('25/03/26 16:09:59.000000000','RR/MM/DD HH24:MI:SSXFF'),'Windows 10 / 11');
Insert into SYSTEM.VISIT_LOG (VISIT_ID,IP_ADDRESS,USER_AGENT_BROWSER,REFERER,ACCESS_TIME,USER_AGENT_WINDOWS) values (190,'0:0:0:0:0:0:0:1','Edg/134.0.0.0 (Edge)',null,to_timestamp('25/03/27 09:14:13.000000000','RR/MM/DD HH24:MI:SSXFF'),'Windows 10 / 11');
Insert into SYSTEM.VISIT_LOG (VISIT_ID,IP_ADDRESS,USER_AGENT_BROWSER,REFERER,ACCESS_TIME,USER_AGENT_WINDOWS) values (203,'0:0:0:0:0:0:0:1','Chrome/134.0.0.0 (Chrome)','http://localhost:8081/user/login.do',to_timestamp('25/03/27 14:49:59.000000000','RR/MM/DD HH24:MI:SSXFF'),'Windows 10 / 11');
Insert into SYSTEM.VISIT_LOG (VISIT_ID,IP_ADDRESS,USER_AGENT_BROWSER,REFERER,ACCESS_TIME,USER_AGENT_WINDOWS) values (205,'0:0:0:0:0:0:0:1','Edg/134.0.0.0 (Edge)','http://localhost:8081/user/login.do',to_timestamp('25/03/27 15:14:17.000000000','RR/MM/DD HH24:MI:SSXFF'),'Windows 10 / 11');
Insert into SYSTEM.VISIT_LOG (VISIT_ID,IP_ADDRESS,USER_AGENT_BROWSER,REFERER,ACCESS_TIME,USER_AGENT_WINDOWS) values (207,'0:0:0:0:0:0:0:1','Edg/134.0.0.0 (Edge)','http://localhost:8081/user/myPage.do',to_timestamp('25/03/27 17:00:19.000000000','RR/MM/DD HH24:MI:SSXFF'),'Windows 10 / 11');
Insert into SYSTEM.VISIT_LOG (VISIT_ID,IP_ADDRESS,USER_AGENT_BROWSER,REFERER,ACCESS_TIME,USER_AGENT_WINDOWS) values (6,'0:0:0:0:0:0:0:1','Edg/134.0.0.0 (Edge)','http://localhost:8081/user/join.do',to_timestamp('25/03/24 17:56:26.000000000','RR/MM/DD HH24:MI:SSXFF'),'Windows 10 / 11');
Insert into SYSTEM.VISIT_LOG (VISIT_ID,IP_ADDRESS,USER_AGENT_BROWSER,REFERER,ACCESS_TIME,USER_AGENT_WINDOWS) values (8,'0:0:0:0:0:0:0:1','Edg/134.0.0.0 (Edge)','http://localhost:8081/user/login.do',to_timestamp('25/03/24 18:08:00.000000000','RR/MM/DD HH24:MI:SSXFF'),'Windows 10 / 11');
Insert into SYSTEM.VISIT_LOG (VISIT_ID,IP_ADDRESS,USER_AGENT_BROWSER,REFERER,ACCESS_TIME,USER_AGENT_WINDOWS) values (237,'0:0:0:0:0:0:0:1','Edg/134.0.0.0 (Edge)','http://localhost:8081/user/myPage.do',to_timestamp('25/03/28 10:01:19.000000000','RR/MM/DD HH24:MI:SSXFF'),'Windows 10 / 11');
Insert into SYSTEM.VISIT_LOG (VISIT_ID,IP_ADDRESS,USER_AGENT_BROWSER,REFERER,ACCESS_TIME,USER_AGENT_WINDOWS) values (240,'0:0:0:0:0:0:0:1','Edg/134.0.0.0 (Edge)','http://localhost:8081/user/mypage.do',to_timestamp('25/03/28 11:05:54.000000000','RR/MM/DD HH24:MI:SSXFF'),'Windows 10 / 11');
Insert into SYSTEM.VISIT_LOG (VISIT_ID,IP_ADDRESS,USER_AGENT_BROWSER,REFERER,ACCESS_TIME,USER_AGENT_WINDOWS) values (242,'0:0:0:0:0:0:0:1','Edg/134.0.0.0 (Edge)',null,to_timestamp('25/03/28 14:39:19.000000000','RR/MM/DD HH24:MI:SSXFF'),'Windows 10 / 11');
Insert into SYSTEM.VISIT_LOG (VISIT_ID,IP_ADDRESS,USER_AGENT_BROWSER,REFERER,ACCESS_TIME,USER_AGENT_WINDOWS) values (245,'0:0:0:0:0:0:0:1','Edg/134.0.0.0 (Edge)','http://localhost:8081/user/login.do',to_timestamp('25/03/28 15:10:33.000000000','RR/MM/DD HH24:MI:SSXFF'),'Windows 10 / 11');
Insert into SYSTEM.VISIT_LOG (VISIT_ID,IP_ADDRESS,USER_AGENT_BROWSER,REFERER,ACCESS_TIME,USER_AGENT_WINDOWS) values (272,'0:0:0:0:0:0:0:1','Chrome/134.0.0.0 (Chrome)','http://localhost:8081/',to_timestamp('25/03/29 16:32:56.000000000','RR/MM/DD HH24:MI:SSXFF'),'Windows 10 / 11');
Insert into SYSTEM.VISIT_LOG (VISIT_ID,IP_ADDRESS,USER_AGENT_BROWSER,REFERER,ACCESS_TIME,USER_AGENT_WINDOWS) values (273,'0:0:0:0:0:0:0:1','Chrome/134.0.0.0 (Chrome)','http://localhost:8081/board/list.do',to_timestamp('25/03/29 16:53:30.000000000','RR/MM/DD HH24:MI:SSXFF'),'Windows 10 / 11');
Insert into SYSTEM.VISIT_LOG (VISIT_ID,IP_ADDRESS,USER_AGENT_BROWSER,REFERER,ACCESS_TIME,USER_AGENT_WINDOWS) values (295,'0:0:0:0:0:0:0:1','Edg/134.0.0.0 (Edge)','http://localhost:8081/order/orderList.do',to_timestamp('25/03/31 14:28:46.000000000','RR/MM/DD HH24:MI:SSXFF'),'Windows 10 / 11');
Insert into SYSTEM.VISIT_LOG (VISIT_ID,IP_ADDRESS,USER_AGENT_BROWSER,REFERER,ACCESS_TIME,USER_AGENT_WINDOWS) values (350,'0:0:0:0:0:0:0:1','Edg/134.0.0.0 (Edge)','http://localhost:8081/partner/list.do',to_timestamp('25/03/31 17:49:37.000000000','RR/MM/DD HH24:MI:SSXFF'),'Windows 10 / 11');
Insert into SYSTEM.VISIT_LOG (VISIT_ID,IP_ADDRESS,USER_AGENT_BROWSER,REFERER,ACCESS_TIME,USER_AGENT_WINDOWS) values (370,'0:0:0:0:0:0:0:1','Edg/134.0.0.0 (Edge)',null,to_timestamp('25/04/01 09:25:48.000000000','RR/MM/DD HH24:MI:SSXFF'),'Windows 10 / 11');
Insert into SYSTEM.VISIT_LOG (VISIT_ID,IP_ADDRESS,USER_AGENT_BROWSER,REFERER,ACCESS_TIME,USER_AGENT_WINDOWS) values (377,'0:0:0:0:0:0:0:1','Edg/134.0.0.0 (Edge)',null,to_timestamp('25/04/01 14:27:27.000000000','RR/MM/DD HH24:MI:SSXFF'),'Windows 10 / 11');
Insert into SYSTEM.VISIT_LOG (VISIT_ID,IP_ADDRESS,USER_AGENT_BROWSER,REFERER,ACCESS_TIME,USER_AGENT_WINDOWS) values (433,'0:0:0:0:0:0:0:1','Edg/134.0.0.0 (Edge)','http://localhost:8081/manager/main.do?menu=product&submenu=1',to_timestamp('25/04/03 09:44:58.000000000','RR/MM/DD HH24:MI:SSXFF'),'Windows 10 / 11');
Insert into SYSTEM.VISIT_LOG (VISIT_ID,IP_ADDRESS,USER_AGENT_BROWSER,REFERER,ACCESS_TIME,USER_AGENT_WINDOWS) values (436,'0:0:0:0:0:0:0:1','Edg/134.0.0.0 (Edge)','http://localhost:8081/manager/main.do?menu=product&submenu=1',to_timestamp('25/04/03 11:32:56.000000000','RR/MM/DD HH24:MI:SSXFF'),'Windows 10 / 11');
Insert into SYSTEM.VISIT_LOG (VISIT_ID,IP_ADDRESS,USER_AGENT_BROWSER,REFERER,ACCESS_TIME,USER_AGENT_WINDOWS) values (443,'0:0:0:0:0:0:0:1','Edg/134.0.0.0 (Edge)','http://localhost:8081/user/login.do',to_timestamp('25/04/03 17:11:23.000000000','RR/MM/DD HH24:MI:SSXFF'),'Windows 10 / 11');
Insert into SYSTEM.VISIT_LOG (VISIT_ID,IP_ADDRESS,USER_AGENT_BROWSER,REFERER,ACCESS_TIME,USER_AGENT_WINDOWS) values (445,'0:0:0:0:0:0:0:1','Edg/134.0.0.0 (Edge)','http://localhost:8081/user/mypage.do',to_timestamp('25/04/03 20:46:04.000000000','RR/MM/DD HH24:MI:SSXFF'),'Windows 10 / 11');
Insert into SYSTEM.VISIT_LOG (VISIT_ID,IP_ADDRESS,USER_AGENT_BROWSER,REFERER,ACCESS_TIME,USER_AGENT_WINDOWS) values (454,'0:0:0:0:0:0:0:1','Edg/134.0.0.0 (Edge)','http://localhost:8081/manager/main.do?menu=product&submenu=4&productId=231',to_timestamp('25/04/04 09:53:02.000000000','RR/MM/DD HH24:MI:SSXFF'),'Windows 10 / 11');
Insert into SYSTEM.VISIT_LOG (VISIT_ID,IP_ADDRESS,USER_AGENT_BROWSER,REFERER,ACCESS_TIME,USER_AGENT_WINDOWS) values (458,'0:0:0:0:0:0:0:1','Edg/134.0.0.0 (Edge)','http://localhost:8081/user/mypage.do',to_timestamp('25/04/04 13:05:51.000000000','RR/MM/DD HH24:MI:SSXFF'),'Windows 10 / 11');
Insert into SYSTEM.VISIT_LOG (VISIT_ID,IP_ADDRESS,USER_AGENT_BROWSER,REFERER,ACCESS_TIME,USER_AGENT_WINDOWS) values (461,'0:0:0:0:0:0:0:1','Chrome/134.0.0.0 (Chrome)','http://localhost:8081/user/login.do?redirect=%2Fmembership%2Fjoin.do',to_timestamp('25/04/04 15:00:17.000000000','RR/MM/DD HH24:MI:SSXFF'),'Windows 10 / 11');
Insert into SYSTEM.VISIT_LOG (VISIT_ID,IP_ADDRESS,USER_AGENT_BROWSER,REFERER,ACCESS_TIME,USER_AGENT_WINDOWS) values (471,'0:0:0:0:0:0:0:1','Edg/134.0.0.0 (Edge)',null,to_timestamp('25/04/05 12:37:00.000000000','RR/MM/DD HH24:MI:SSXFF'),'Windows 10 / 11');
Insert into SYSTEM.VISIT_LOG (VISIT_ID,IP_ADDRESS,USER_AGENT_BROWSER,REFERER,ACCESS_TIME,USER_AGENT_WINDOWS) values (472,'0:0:0:0:0:0:0:1','Chrome/134.0.0.0 (Chrome)','http://localhost:8081/',to_timestamp('25/04/05 12:51:32.000000000','RR/MM/DD HH24:MI:SSXFF'),'Windows 10 / 11');
Insert into SYSTEM.VISIT_LOG (VISIT_ID,IP_ADDRESS,USER_AGENT_BROWSER,REFERER,ACCESS_TIME,USER_AGENT_WINDOWS) values (474,'0:0:0:0:0:0:0:1','Edg/135.0.0.0 (Edge)','http://localhost:8081/user/mypage.do',to_timestamp('25/04/05 13:53:08.000000000','RR/MM/DD HH24:MI:SSXFF'),'Windows 10 / 11');
Insert into SYSTEM.VISIT_LOG (VISIT_ID,IP_ADDRESS,USER_AGENT_BROWSER,REFERER,ACCESS_TIME,USER_AGENT_WINDOWS) values (478,'0:0:0:0:0:0:0:1','Chrome/134.0.0.0 (Chrome)',null,to_timestamp('25/04/05 15:22:35.000000000','RR/MM/DD HH24:MI:SSXFF'),'Windows 10 / 11');
Insert into SYSTEM.VISIT_LOG (VISIT_ID,IP_ADDRESS,USER_AGENT_BROWSER,REFERER,ACCESS_TIME,USER_AGENT_WINDOWS) values (515,'0:0:0:0:0:0:0:1','Edg/135.0.0.0 (Edge)','http://localhost:8081/user/mypage.do',to_timestamp('25/04/07 09:54:48.000000000','RR/MM/DD HH24:MI:SSXFF'),'Windows 10 / 11');
Insert into SYSTEM.VISIT_LOG (VISIT_ID,IP_ADDRESS,USER_AGENT_BROWSER,REFERER,ACCESS_TIME,USER_AGENT_WINDOWS) values (518,'0:0:0:0:0:0:0:1','Edg/135.0.0.0 (Edge)','http://localhost:8081/user/login.do',to_timestamp('25/04/07 12:04:48.000000000','RR/MM/DD HH24:MI:SSXFF'),'Windows 10 / 11');
Insert into SYSTEM.VISIT_LOG (VISIT_ID,IP_ADDRESS,USER_AGENT_BROWSER,REFERER,ACCESS_TIME,USER_AGENT_WINDOWS) values (534,'0:0:0:0:0:0:0:1','Edg/135.0.0.0 (Edge)',null,to_timestamp('25/04/08 09:37:24.000000000','RR/MM/DD HH24:MI:SSXFF'),'Windows 10 / 11');
Insert into SYSTEM.VISIT_LOG (VISIT_ID,IP_ADDRESS,USER_AGENT_BROWSER,REFERER,ACCESS_TIME,USER_AGENT_WINDOWS) values (535,'0:0:0:0:0:0:0:1','Edg/135.0.0.0 (Edge)',null,to_timestamp('25/04/08 09:41:03.000000000','RR/MM/DD HH24:MI:SSXFF'),'Windows 10 / 11');
Insert into SYSTEM.VISIT_LOG (VISIT_ID,IP_ADDRESS,USER_AGENT_BROWSER,REFERER,ACCESS_TIME,USER_AGENT_WINDOWS) values (537,'0:0:0:0:0:0:0:1','Chrome/135.0.0.0 (Chrome)',null,to_timestamp('25/04/08 11:48:28.000000000','RR/MM/DD HH24:MI:SSXFF'),'Windows 10 / 11');
Insert into SYSTEM.VISIT_LOG (VISIT_ID,IP_ADDRESS,USER_AGENT_BROWSER,REFERER,ACCESS_TIME,USER_AGENT_WINDOWS) values (538,'0:0:0:0:0:0:0:1','Chrome/135.0.0.0 (Chrome)',null,to_timestamp('25/04/08 11:48:29.000000000','RR/MM/DD HH24:MI:SSXFF'),'Windows 10 / 11');
Insert into SYSTEM.VISIT_LOG (VISIT_ID,IP_ADDRESS,USER_AGENT_BROWSER,REFERER,ACCESS_TIME,USER_AGENT_WINDOWS) values (539,'0:0:0:0:0:0:0:1','Chrome/135.0.0.0 (Chrome)',null,to_timestamp('25/04/08 11:48:29.000000000','RR/MM/DD HH24:MI:SSXFF'),'Windows 10 / 11');
Insert into SYSTEM.VISIT_LOG (VISIT_ID,IP_ADDRESS,USER_AGENT_BROWSER,REFERER,ACCESS_TIME,USER_AGENT_WINDOWS) values (541,'0:0:0:0:0:0:0:1','Chrome/135.0.0.0 (Chrome)',null,to_timestamp('25/04/08 11:48:36.000000000','RR/MM/DD HH24:MI:SSXFF'),'Windows 10 / 11');
Insert into SYSTEM.VISIT_LOG (VISIT_ID,IP_ADDRESS,USER_AGENT_BROWSER,REFERER,ACCESS_TIME,USER_AGENT_WINDOWS) values (542,'0:0:0:0:0:0:0:1','Edg/135.0.0.0 (Edge)','http://localhost:8081/main.do',to_timestamp('25/04/08 11:49:08.000000000','RR/MM/DD HH24:MI:SSXFF'),'Windows 10 / 11');
Insert into SYSTEM.VISIT_LOG (VISIT_ID,IP_ADDRESS,USER_AGENT_BROWSER,REFERER,ACCESS_TIME,USER_AGENT_WINDOWS) values (543,'0:0:0:0:0:0:0:1','Edg/135.0.0.0 (Edge)','http://localhost:8081/partner/list.do',to_timestamp('25/04/08 11:54:44.000000000','RR/MM/DD HH24:MI:SSXFF'),'Windows 10 / 11');
Insert into SYSTEM.VISIT_LOG (VISIT_ID,IP_ADDRESS,USER_AGENT_BROWSER,REFERER,ACCESS_TIME,USER_AGENT_WINDOWS) values (567,'0:0:0:0:0:0:0:1','Edg/135.0.0.0 (Edge)','http://localhost:8081/board/add.do?category=F',to_timestamp('25/04/09 15:01:28.000000000','RR/MM/DD HH24:MI:SSXFF'),'Windows 10 / 11');
Insert into SYSTEM.VISIT_LOG (VISIT_ID,IP_ADDRESS,USER_AGENT_BROWSER,REFERER,ACCESS_TIME,USER_AGENT_WINDOWS) values (575,'0:0:0:0:0:0:0:1','Edg/135.0.0.0 (Edge)','http://localhost:8081/main.do?code=wyzll9ynyjHR-lP4GC1AXaAy7mJvMLBkNfWVD8u6DDSKPIJRPWpm_AAAAAQKFwYuAAABlhn0337C3p98Pd5TpQ',to_timestamp('25/04/09 18:50:01.000000000','RR/MM/DD HH24:MI:SSXFF'),'Windows 10 / 11');
Insert into SYSTEM.VISIT_LOG (VISIT_ID,IP_ADDRESS,USER_AGENT_BROWSER,REFERER,ACCESS_TIME,USER_AGENT_WINDOWS) values (576,'0:0:0:0:0:0:0:1','Edg/135.0.0.0 (Edge)','http://localhost:8081/',to_timestamp('25/04/09 18:50:10.000000000','RR/MM/DD HH24:MI:SSXFF'),'Windows 10 / 11');
Insert into SYSTEM.VISIT_LOG (VISIT_ID,IP_ADDRESS,USER_AGENT_BROWSER,REFERER,ACCESS_TIME,USER_AGENT_WINDOWS) values (581,'0:0:0:0:0:0:0:1','Edg/135.0.0.0 (Edge)','http://localhost:8081/user/mypage.do',to_timestamp('25/04/10 09:18:39.000000000','RR/MM/DD HH24:MI:SSXFF'),'Windows 10 / 11');
Insert into SYSTEM.VISIT_LOG (VISIT_ID,IP_ADDRESS,USER_AGENT_BROWSER,REFERER,ACCESS_TIME,USER_AGENT_WINDOWS) values (585,'0:0:0:0:0:0:0:1','Edg/135.0.0.0 (Edge)','http://localhost:8081/main.do',to_timestamp('25/04/10 09:38:42.000000000','RR/MM/DD HH24:MI:SSXFF'),'Windows 10 / 11');
Insert into SYSTEM.VISIT_LOG (VISIT_ID,IP_ADDRESS,USER_AGENT_BROWSER,REFERER,ACCESS_TIME,USER_AGENT_WINDOWS) values (593,'0:0:0:0:0:0:0:1','Chrome/135.0.0.0 (Chrome)','http://localhost:8081/board/vetBoardView.do?vetBoardId=149',to_timestamp('25/04/10 14:37:36.000000000','RR/MM/DD HH24:MI:SSXFF'),'Windows 10 / 11');
Insert into SYSTEM.VISIT_LOG (VISIT_ID,IP_ADDRESS,USER_AGENT_BROWSER,REFERER,ACCESS_TIME,USER_AGENT_WINDOWS) values (595,'0:0:0:0:0:0:0:1','Edg/135.0.0.0 (Edge)','http://localhost:8081/main.do',to_timestamp('25/04/10 14:53:10.000000000','RR/MM/DD HH24:MI:SSXFF'),'Windows 10 / 11');
Insert into SYSTEM.VISIT_LOG (VISIT_ID,IP_ADDRESS,USER_AGENT_BROWSER,REFERER,ACCESS_TIME,USER_AGENT_WINDOWS) values (598,'0:0:0:0:0:0:0:1','Edg/135.0.0.0 (Edge)','http://localhost:8081/user/mypage.do',to_timestamp('25/04/10 17:16:28.000000000','RR/MM/DD HH24:MI:SSXFF'),'Windows 10 / 11');
Insert into SYSTEM.VISIT_LOG (VISIT_ID,IP_ADDRESS,USER_AGENT_BROWSER,REFERER,ACCESS_TIME,USER_AGENT_WINDOWS) values (602,'0:0:0:0:0:0:0:1','Edg/135.0.0.0 (Edge)','http://localhost:8081/main.do',to_timestamp('25/04/11 09:21:33.000000000','RR/MM/DD HH24:MI:SSXFF'),'Windows 10 / 11');
Insert into SYSTEM.VISIT_LOG (VISIT_ID,IP_ADDRESS,USER_AGENT_BROWSER,REFERER,ACCESS_TIME,USER_AGENT_WINDOWS) values (606,'0:0:0:0:0:0:0:1','Edg/135.0.0.0 (Edge)','http://localhost:8081/user/mypage.do',to_timestamp('25/04/11 09:37:59.000000000','RR/MM/DD HH24:MI:SSXFF'),'Windows 10 / 11');
Insert into SYSTEM.VISIT_LOG (VISIT_ID,IP_ADDRESS,USER_AGENT_BROWSER,REFERER,ACCESS_TIME,USER_AGENT_WINDOWS) values (610,'0:0:0:0:0:0:0:1','Edg/135.0.0.0 (Edge)','http://localhost:8081/user/mypage.do',to_timestamp('25/04/11 11:52:02.000000000','RR/MM/DD HH24:MI:SSXFF'),'Windows 10 / 11');
Insert into SYSTEM.VISIT_LOG (VISIT_ID,IP_ADDRESS,USER_AGENT_BROWSER,REFERER,ACCESS_TIME,USER_AGENT_WINDOWS) values (611,'0:0:0:0:0:0:0:1','Edg/135.0.0.0 (Edge)','http://localhost:8081/user/mypage.do',to_timestamp('25/04/11 12:36:19.000000000','RR/MM/DD HH24:MI:SSXFF'),'Windows 10 / 11');
Insert into SYSTEM.VISIT_LOG (VISIT_ID,IP_ADDRESS,USER_AGENT_BROWSER,REFERER,ACCESS_TIME,USER_AGENT_WINDOWS) values (612,'0:0:0:0:0:0:0:1','Chrome/135.0.0.0 (Chrome)','http://localhost:8081/main.do',to_timestamp('25/04/11 12:42:05.000000000','RR/MM/DD HH24:MI:SSXFF'),'Windows 10 / 11');
Insert into SYSTEM.VISIT_LOG (VISIT_ID,IP_ADDRESS,USER_AGENT_BROWSER,REFERER,ACCESS_TIME,USER_AGENT_WINDOWS) values (620,'0:0:0:0:0:0:0:1','Edg/135.0.0.0 (Edge)','http://localhost:8081/main.do',to_timestamp('25/04/11 14:49:22.000000000','RR/MM/DD HH24:MI:SSXFF'),'Windows 10 / 11');
Insert into SYSTEM.VISIT_LOG (VISIT_ID,IP_ADDRESS,USER_AGENT_BROWSER,REFERER,ACCESS_TIME,USER_AGENT_WINDOWS) values (631,'0:0:0:0:0:0:0:1','Chrome/135.0.0.0 (Chrome)','http://localhost:8081/main.do',to_timestamp('25/04/11 16:55:25.000000000','RR/MM/DD HH24:MI:SSXFF'),'Windows 10 / 11');
Insert into SYSTEM.VISIT_LOG (VISIT_ID,IP_ADDRESS,USER_AGENT_BROWSER,REFERER,ACCESS_TIME,USER_AGENT_WINDOWS) values (632,'0:0:0:0:0:0:0:1','Edg/135.0.0.0 (Edge)','http://localhost:8081/main.do',to_timestamp('25/04/11 16:57:31.000000000','RR/MM/DD HH24:MI:SSXFF'),'Windows 10 / 11');
Insert into SYSTEM.VISIT_LOG (VISIT_ID,IP_ADDRESS,USER_AGENT_BROWSER,REFERER,ACCESS_TIME,USER_AGENT_WINDOWS) values (638,'0:0:0:0:0:0:0:1','Edg/135.0.0.0 (Edge)','http://localhost:8081/main.do',to_timestamp('25/04/11 17:13:20.000000000','RR/MM/DD HH24:MI:SSXFF'),'Windows 10 / 11');
Insert into SYSTEM.VISIT_LOG (VISIT_ID,IP_ADDRESS,USER_AGENT_BROWSER,REFERER,ACCESS_TIME,USER_AGENT_WINDOWS) values (639,'0:0:0:0:0:0:0:1','Chrome/135.0.0.0 (Chrome)','http://localhost:8081/main.do?code=mtq2b_MNdDi1p67eHsvzp_VpMKwodaiXX4qW5TtgDn26g0_Vttwn7wAAAAQKDQ0hAAABliPqKTEFVMIyByjmyg',to_timestamp('25/04/11 17:14:29.000000000','RR/MM/DD HH24:MI:SSXFF'),'Windows 10 / 11');
Insert into SYSTEM.VISIT_LOG (VISIT_ID,IP_ADDRESS,USER_AGENT_BROWSER,REFERER,ACCESS_TIME,USER_AGENT_WINDOWS) values (640,'0:0:0:0:0:0:0:1','Edg/135.0.0.0 (Edge)','http://localhost:8081/',to_timestamp('25/04/11 18:21:02.000000000','RR/MM/DD HH24:MI:SSXFF'),'Windows 10 / 11');
Insert into SYSTEM.VISIT_LOG (VISIT_ID,IP_ADDRESS,USER_AGENT_BROWSER,REFERER,ACCESS_TIME,USER_AGENT_WINDOWS) values (641,'0:0:0:0:0:0:0:1','Edg/135.0.0.0 (Edge)','http://localhost:8081/main.do',to_timestamp('25/04/11 18:35:52.000000000','RR/MM/DD HH24:MI:SSXFF'),'Windows 10 / 11');
Insert into SYSTEM.VISIT_LOG (VISIT_ID,IP_ADDRESS,USER_AGENT_BROWSER,REFERER,ACCESS_TIME,USER_AGENT_WINDOWS) values (642,'0:0:0:0:0:0:0:1','Edg/135.0.0.0 (Edge)','http://localhost:8081/main.do',to_timestamp('25/04/11 19:01:20.000000000','RR/MM/DD HH24:MI:SSXFF'),'Windows 10 / 11');
Insert into SYSTEM.VISIT_LOG (VISIT_ID,IP_ADDRESS,USER_AGENT_BROWSER,REFERER,ACCESS_TIME,USER_AGENT_WINDOWS) values (646,'0:0:0:0:0:0:0:1','Chrome/135.0.0.0 (Chrome)',null,to_timestamp('25/04/12 00:49:34.000000000','RR/MM/DD HH24:MI:SSXFF'),'Windows 10 / 11');
Insert into SYSTEM.VISIT_LOG (VISIT_ID,IP_ADDRESS,USER_AGENT_BROWSER,REFERER,ACCESS_TIME,USER_AGENT_WINDOWS) values (651,'127.0.0.1','Chrome/135.0.0.0 (Chrome)','http://localhost:8081/board/list.do?category=F',to_timestamp('25/04/12 07:40:31.000000000','RR/MM/DD HH24:MI:SSXFF'),'Windows 10 / 11');
Insert into SYSTEM.VISIT_LOG (VISIT_ID,IP_ADDRESS,USER_AGENT_BROWSER,REFERER,ACCESS_TIME,USER_AGENT_WINDOWS) values (654,'0:0:0:0:0:0:0:1','Chrome/135.0.0.0 (Chrome)','http://localhost:8081/main.do',to_timestamp('25/04/12 16:53:00.000000000','RR/MM/DD HH24:MI:SSXFF'),'Windows 10 / 11');
Insert into SYSTEM.VISIT_LOG (VISIT_ID,IP_ADDRESS,USER_AGENT_BROWSER,REFERER,ACCESS_TIME,USER_AGENT_WINDOWS) values (656,'0:0:0:0:0:0:0:1','Chrome/135.0.0.0 (Chrome)','http://localhost:8081/main.do',to_timestamp('25/04/12 19:59:44.000000000','RR/MM/DD HH24:MI:SSXFF'),'Windows 10 / 11');
Insert into SYSTEM.VISIT_LOG (VISIT_ID,IP_ADDRESS,USER_AGENT_BROWSER,REFERER,ACCESS_TIME,USER_AGENT_WINDOWS) values (70,'0:0:0:0:0:0:0:1','Edg/134.0.0.0 (Edge)','http://localhost:8081/user/login.do',to_timestamp('25/03/25 11:06:45.000000000','RR/MM/DD HH24:MI:SSXFF'),'Windows 10 / 11');
Insert into SYSTEM.VISIT_LOG (VISIT_ID,IP_ADDRESS,USER_AGENT_BROWSER,REFERER,ACCESS_TIME,USER_AGENT_WINDOWS) values (90,'0:0:0:0:0:0:0:1','Edg/134.0.0.0 (Edge)','http://localhost:8081/user/login.do',to_timestamp('25/03/25 12:32:45.000000000','RR/MM/DD HH24:MI:SSXFF'),'Windows 10 / 11');
Insert into SYSTEM.VISIT_LOG (VISIT_ID,IP_ADDRESS,USER_AGENT_BROWSER,REFERER,ACCESS_TIME,USER_AGENT_WINDOWS) values (5,'0:0:0:0:0:0:0:1','Edg/134.0.0.0 (Edge)','http://localhost:8081/board/list.do',to_timestamp('25/03/23 17:27:33.000000000','RR/MM/DD HH24:MI:SSXFF'),'Windows 10 / 11');
Insert into SYSTEM.VISIT_LOG (VISIT_ID,IP_ADDRESS,USER_AGENT_BROWSER,REFERER,ACCESS_TIME,USER_AGENT_WINDOWS) values (21,'0:0:0:0:0:0:0:1','Edg/134.0.0.0 (Edge)',null,to_timestamp('25/03/19 18:45:08.000000000','RR/MM/DD HH24:MI:SSXFF'),'Windows 10 / 11');
Insert into SYSTEM.VISIT_LOG (VISIT_ID,IP_ADDRESS,USER_AGENT_BROWSER,REFERER,ACCESS_TIME,USER_AGENT_WINDOWS) values (110,'0:0:0:0:0:0:0:1','Chrome/134.0.0.0 (Chrome)','http://localhost:8081/user/login.do',to_timestamp('25/03/25 14:21:12.000000000','RR/MM/DD HH24:MI:SSXFF'),'Windows 10 / 11');
Insert into SYSTEM.VISIT_LOG (VISIT_ID,IP_ADDRESS,USER_AGENT_BROWSER,REFERER,ACCESS_TIME,USER_AGENT_WINDOWS) values (113,'0:0:0:0:0:0:0:1','Chrome/134.0.0.0 (Chrome)','http://localhost:8081/user/login.do',to_timestamp('25/03/25 14:46:32.000000000','RR/MM/DD HH24:MI:SSXFF'),'Windows 10 / 11');
Insert into SYSTEM.VISIT_LOG (VISIT_ID,IP_ADDRESS,USER_AGENT_BROWSER,REFERER,ACCESS_TIME,USER_AGENT_WINDOWS) values (170,'0:0:0:0:0:0:0:1','Edg/134.0.0.0 (Edge)','http://localhost:8081/user/login.do',to_timestamp('25/03/26 14:27:48.000000000','RR/MM/DD HH24:MI:SSXFF'),'Windows 10 / 11');
Insert into SYSTEM.VISIT_LOG (VISIT_ID,IP_ADDRESS,USER_AGENT_BROWSER,REFERER,ACCESS_TIME,USER_AGENT_WINDOWS) values (172,'0:0:0:0:0:0:0:1','Chrome/134.0.0.0 (Chrome)',null,to_timestamp('25/03/26 14:30:54.000000000','RR/MM/DD HH24:MI:SSXFF'),'Windows 10 / 11');
Insert into SYSTEM.VISIT_LOG (VISIT_ID,IP_ADDRESS,USER_AGENT_BROWSER,REFERER,ACCESS_TIME,USER_AGENT_WINDOWS) values (199,'0:0:0:0:0:0:0:1','Edg/134.0.0.0 (Edge)','http://localhost:8081/user/login.do',to_timestamp('25/03/27 11:04:00.000000000','RR/MM/DD HH24:MI:SSXFF'),'Windows 10 / 11');
Insert into SYSTEM.VISIT_LOG (VISIT_ID,IP_ADDRESS,USER_AGENT_BROWSER,REFERER,ACCESS_TIME,USER_AGENT_WINDOWS) values (230,'0:0:0:0:0:0:0:1','Chrome/134.0.0.0 (Chrome)',null,to_timestamp('25/03/28 09:19:05.000000000','RR/MM/DD HH24:MI:SSXFF'),'Windows 10 / 11');
Insert into SYSTEM.VISIT_LOG (VISIT_ID,IP_ADDRESS,USER_AGENT_BROWSER,REFERER,ACCESS_TIME,USER_AGENT_WINDOWS) values (236,'0:0:0:0:0:0:0:1','Edg/134.0.0.0 (Edge)','http://localhost:8081/user/myPage.do',to_timestamp('25/03/28 09:56:46.000000000','RR/MM/DD HH24:MI:SSXFF'),'Windows 10 / 11');
Insert into SYSTEM.VISIT_LOG (VISIT_ID,IP_ADDRESS,USER_AGENT_BROWSER,REFERER,ACCESS_TIME,USER_AGENT_WINDOWS) values (241,'0:0:0:0:0:0:0:1','Edg/134.0.0.0 (Edge)','http://localhost:8081/cart/order.do',to_timestamp('25/03/28 14:22:38.000000000','RR/MM/DD HH24:MI:SSXFF'),'Windows 10 / 11');
Insert into SYSTEM.VISIT_LOG (VISIT_ID,IP_ADDRESS,USER_AGENT_BROWSER,REFERER,ACCESS_TIME,USER_AGENT_WINDOWS) values (243,'0:0:0:0:0:0:0:1','Chrome/134.0.0.0 (Chrome)','http://localhost:8081/board/vetBoardView.do?vetBoardId=5&category=F',to_timestamp('25/03/28 14:48:40.000000000','RR/MM/DD HH24:MI:SSXFF'),'Windows 10 / 11');
Insert into SYSTEM.VISIT_LOG (VISIT_ID,IP_ADDRESS,USER_AGENT_BROWSER,REFERER,ACCESS_TIME,USER_AGENT_WINDOWS) values (244,'0:0:0:0:0:0:0:1','Edg/134.0.0.0 (Edge)','http://localhost:8081/partner/list.do',to_timestamp('25/03/28 15:04:56.000000000','RR/MM/DD HH24:MI:SSXFF'),'Windows 10 / 11');
Insert into SYSTEM.VISIT_LOG (VISIT_ID,IP_ADDRESS,USER_AGENT_BROWSER,REFERER,ACCESS_TIME,USER_AGENT_WINDOWS) values (250,'0:0:0:0:0:0:0:1','Chrome/134.0.0.0 (Chrome)',null,to_timestamp('25/03/29 12:25:21.000000000','RR/MM/DD HH24:MI:SSXFF'),'Windows 10 / 11');
Insert into SYSTEM.VISIT_LOG (VISIT_ID,IP_ADDRESS,USER_AGENT_BROWSER,REFERER,ACCESS_TIME,USER_AGENT_WINDOWS) values (275,'0:0:0:0:0:0:0:1','Chrome/134.0.0.0 (Chrome)','http://localhost:8081/product/view.do?productId=5',to_timestamp('25/03/29 18:13:20.000000000','RR/MM/DD HH24:MI:SSXFF'),'Windows 10 / 11');
Insert into SYSTEM.VISIT_LOG (VISIT_ID,IP_ADDRESS,USER_AGENT_BROWSER,REFERER,ACCESS_TIME,USER_AGENT_WINDOWS) values (276,'0:0:0:0:0:0:0:1','Chrome/134.0.0.0 (Chrome)','http://localhost:8081/product/list.do?searchOption=dog',to_timestamp('25/03/29 20:19:42.000000000','RR/MM/DD HH24:MI:SSXFF'),'Windows 10 / 11');
Insert into SYSTEM.VISIT_LOG (VISIT_ID,IP_ADDRESS,USER_AGENT_BROWSER,REFERER,ACCESS_TIME,USER_AGENT_WINDOWS) values (277,'0:0:0:0:0:0:0:1','Chrome/134.0.0.0 (Chrome)','http://localhost:8081/manager/main.do?menu=stat&submenu=2',to_timestamp('25/03/30 04:05:58.000000000','RR/MM/DD HH24:MI:SSXFF'),'Windows 10 / 11');
Insert into SYSTEM.VISIT_LOG (VISIT_ID,IP_ADDRESS,USER_AGENT_BROWSER,REFERER,ACCESS_TIME,USER_AGENT_WINDOWS) values (373,'0:0:0:0:0:0:0:1','Edg/134.0.0.0 (Edge)','http://localhost:8081/cart/list.do',to_timestamp('25/04/01 09:45:01.000000000','RR/MM/DD HH24:MI:SSXFF'),'Windows 10 / 11');
Insert into SYSTEM.VISIT_LOG (VISIT_ID,IP_ADDRESS,USER_AGENT_BROWSER,REFERER,ACCESS_TIME,USER_AGENT_WINDOWS) values (421,'0:0:0:0:0:0:0:1','Edg/134.0.0.0 (Edge)','http://localhost:8081/manager/main.do?menu=product&submenu=3',to_timestamp('25/04/02 14:51:05.000000000','RR/MM/DD HH24:MI:SSXFF'),'Windows 10 / 11');
Insert into SYSTEM.VISIT_LOG (VISIT_ID,IP_ADDRESS,USER_AGENT_BROWSER,REFERER,ACCESS_TIME,USER_AGENT_WINDOWS) values (432,'0:0:0:0:0:0:0:1','Edg/134.0.0.0 (Edge)','http://localhost:8081/partner/list.do',to_timestamp('25/04/03 09:40:13.000000000','RR/MM/DD HH24:MI:SSXFF'),'Windows 10 / 11');
Insert into SYSTEM.VISIT_LOG (VISIT_ID,IP_ADDRESS,USER_AGENT_BROWSER,REFERER,ACCESS_TIME,USER_AGENT_WINDOWS) values (452,'0:0:0:0:0:0:0:1','Edg/134.0.0.0 (Edge)','http://localhost:8081/partner/list.do',to_timestamp('25/04/04 09:33:58.000000000','RR/MM/DD HH24:MI:SSXFF'),'Windows 10 / 11');
Insert into SYSTEM.VISIT_LOG (VISIT_ID,IP_ADDRESS,USER_AGENT_BROWSER,REFERER,ACCESS_TIME,USER_AGENT_WINDOWS) values (456,'0:0:0:0:0:0:0:1','Chrome/134.0.0.0 (Chrome)','http://localhost:8081/board/vetBoardView.do?vetBoardId=91',to_timestamp('25/04/04 11:44:58.000000000','RR/MM/DD HH24:MI:SSXFF'),'Windows 10 / 11');
Insert into SYSTEM.VISIT_LOG (VISIT_ID,IP_ADDRESS,USER_AGENT_BROWSER,REFERER,ACCESS_TIME,USER_AGENT_WINDOWS) values (457,'0:0:0:0:0:0:0:1','Edg/134.0.0.0 (Edge)','http://localhost:8081/user/login.do',to_timestamp('25/04/04 12:08:11.000000000','RR/MM/DD HH24:MI:SSXFF'),'Windows 10 / 11');
Insert into SYSTEM.VISIT_LOG (VISIT_ID,IP_ADDRESS,USER_AGENT_BROWSER,REFERER,ACCESS_TIME,USER_AGENT_WINDOWS) values (462,'0:0:0:0:0:0:0:1','Edg/134.0.0.0 (Edge)',null,to_timestamp('25/04/04 16:29:57.000000000','RR/MM/DD HH24:MI:SSXFF'),'Windows 10 / 11');
Insert into SYSTEM.VISIT_LOG (VISIT_ID,IP_ADDRESS,USER_AGENT_BROWSER,REFERER,ACCESS_TIME,USER_AGENT_WINDOWS) values (464,'0:0:0:0:0:0:0:1','Edg/134.0.0.0 (Edge)','http://localhost:8081/user/mypage.do',to_timestamp('25/04/04 17:11:16.000000000','RR/MM/DD HH24:MI:SSXFF'),'Windows 10 / 11');
Insert into SYSTEM.VISIT_LOG (VISIT_ID,IP_ADDRESS,USER_AGENT_BROWSER,REFERER,ACCESS_TIME,USER_AGENT_WINDOWS) values (465,'0:0:0:0:0:0:0:1','Edg/134.0.0.0 (Edge)',null,to_timestamp('25/04/04 18:03:31.000000000','RR/MM/DD HH24:MI:SSXFF'),'Windows 10 / 11');
Insert into SYSTEM.VISIT_LOG (VISIT_ID,IP_ADDRESS,USER_AGENT_BROWSER,REFERER,ACCESS_TIME,USER_AGENT_WINDOWS) values (466,'0:0:0:0:0:0:0:1','Edg/134.0.0.0 (Edge)',null,to_timestamp('25/04/04 19:07:10.000000000','RR/MM/DD HH24:MI:SSXFF'),'Windows 10 / 11');
Insert into SYSTEM.VISIT_LOG (VISIT_ID,IP_ADDRESS,USER_AGENT_BROWSER,REFERER,ACCESS_TIME,USER_AGENT_WINDOWS) values (468,'0:0:0:0:0:0:0:1','Edg/134.0.0.0 (Edge)',null,to_timestamp('25/04/04 19:27:22.000000000','RR/MM/DD HH24:MI:SSXFF'),'Windows 10 / 11');
Insert into SYSTEM.VISIT_LOG (VISIT_ID,IP_ADDRESS,USER_AGENT_BROWSER,REFERER,ACCESS_TIME,USER_AGENT_WINDOWS) values (470,'0:0:0:0:0:0:0:1','Chrome/134.0.0.0 (Chrome)',null,to_timestamp('25/04/05 12:26:20.000000000','RR/MM/DD HH24:MI:SSXFF'),'Windows 10 / 11');
Insert into SYSTEM.VISIT_LOG (VISIT_ID,IP_ADDRESS,USER_AGENT_BROWSER,REFERER,ACCESS_TIME,USER_AGENT_WINDOWS) values (476,'0:0:0:0:0:0:0:1','Edg/135.0.0.0 (Edge)','http://localhost:8081/user/mypage.do',to_timestamp('25/04/05 15:02:04.000000000','RR/MM/DD HH24:MI:SSXFF'),'Windows 10 / 11');
Insert into SYSTEM.VISIT_LOG (VISIT_ID,IP_ADDRESS,USER_AGENT_BROWSER,REFERER,ACCESS_TIME,USER_AGENT_WINDOWS) values (491,'0:0:0:0:0:0:0:1','Chrome/134.0.0.0 (Chrome)',null,to_timestamp('25/04/06 11:35:14.000000000','RR/MM/DD HH24:MI:SSXFF'),'Windows 10 / 11');
Insert into SYSTEM.VISIT_LOG (VISIT_ID,IP_ADDRESS,USER_AGENT_BROWSER,REFERER,ACCESS_TIME,USER_AGENT_WINDOWS) values (510,'0:0:0:0:0:0:0:1','Edg/135.0.0.0 (Edge)',null,to_timestamp('25/04/07 09:23:41.000000000','RR/MM/DD HH24:MI:SSXFF'),'Windows 10 / 11');
Insert into SYSTEM.VISIT_LOG (VISIT_ID,IP_ADDRESS,USER_AGENT_BROWSER,REFERER,ACCESS_TIME,USER_AGENT_WINDOWS) values (516,'0:0:0:0:0:0:0:1','Edg/135.0.0.0 (Edge)','http://localhost:8081/',to_timestamp('25/04/07 10:32:37.000000000','RR/MM/DD HH24:MI:SSXFF'),'Windows 10 / 11');
Insert into SYSTEM.VISIT_LOG (VISIT_ID,IP_ADDRESS,USER_AGENT_BROWSER,REFERER,ACCESS_TIME,USER_AGENT_WINDOWS) values (517,'0:0:0:0:0:0:0:1','Chrome/134.0.0.0 (Chrome)','http://localhost:8081/board/edit.do?boardId=362&category=F',to_timestamp('25/04/07 10:38:37.000000000','RR/MM/DD HH24:MI:SSXFF'),'Windows 10 / 11');
Insert into SYSTEM.VISIT_LOG (VISIT_ID,IP_ADDRESS,USER_AGENT_BROWSER,REFERER,ACCESS_TIME,USER_AGENT_WINDOWS) values (519,'0:0:0:0:0:0:0:1','Edg/134.0.0.0 (Edge)','http://localhost:8081/partner/list.do',to_timestamp('25/04/07 14:23:03.000000000','RR/MM/DD HH24:MI:SSXFF'),'Windows 10 / 11');
Insert into SYSTEM.VISIT_LOG (VISIT_ID,IP_ADDRESS,USER_AGENT_BROWSER,REFERER,ACCESS_TIME,USER_AGENT_WINDOWS) values (521,'0:0:0:0:0:0:0:1','Edg/135.0.0.0 (Edge)','http://localhost:8081/user/mypage.do',to_timestamp('25/04/07 14:58:47.000000000','RR/MM/DD HH24:MI:SSXFF'),'Windows 10 / 11');
Insert into SYSTEM.VISIT_LOG (VISIT_ID,IP_ADDRESS,USER_AGENT_BROWSER,REFERER,ACCESS_TIME,USER_AGENT_WINDOWS) values (522,'0:0:0:0:0:0:0:1','Edg/134.0.0.0 (Edge)','http://localhost:8081/donation/complete.do',to_timestamp('25/04/07 15:53:31.000000000','RR/MM/DD HH24:MI:SSXFF'),'Windows 10 / 11');
Insert into SYSTEM.VISIT_LOG (VISIT_ID,IP_ADDRESS,USER_AGENT_BROWSER,REFERER,ACCESS_TIME,USER_AGENT_WINDOWS) values (524,'0:0:0:0:0:0:0:1','Edg/135.0.0.0 (Edge)','http://localhost:8081/user/mypage.do',to_timestamp('25/04/07 18:05:30.000000000','RR/MM/DD HH24:MI:SSXFF'),'Windows 10 / 11');
Insert into SYSTEM.VISIT_LOG (VISIT_ID,IP_ADDRESS,USER_AGENT_BROWSER,REFERER,ACCESS_TIME,USER_AGENT_WINDOWS) values (525,'0:0:0:0:0:0:0:1','Edg/134.0.0.0 (Edge)','http://localhost:8081/user/login.do',to_timestamp('25/04/07 18:11:44.000000000','RR/MM/DD HH24:MI:SSXFF'),'Windows 10 / 11');
Insert into SYSTEM.VISIT_LOG (VISIT_ID,IP_ADDRESS,USER_AGENT_BROWSER,REFERER,ACCESS_TIME,USER_AGENT_WINDOWS) values (540,'0:0:0:0:0:0:0:1','Chrome/135.0.0.0 (Chrome)',null,to_timestamp('25/04/08 11:48:30.000000000','RR/MM/DD HH24:MI:SSXFF'),'Windows 10 / 11');
Insert into SYSTEM.VISIT_LOG (VISIT_ID,IP_ADDRESS,USER_AGENT_BROWSER,REFERER,ACCESS_TIME,USER_AGENT_WINDOWS) values (547,'0:0:0:0:0:0:0:1','Edg/135.0.0.0 (Edge)','http://localhost:8081/main.do',to_timestamp('25/04/08 14:43:20.000000000','RR/MM/DD HH24:MI:SSXFF'),'Windows 10 / 11');
Insert into SYSTEM.VISIT_LOG (VISIT_ID,IP_ADDRESS,USER_AGENT_BROWSER,REFERER,ACCESS_TIME,USER_AGENT_WINDOWS) values (570,'0:0:0:0:0:0:0:1','Chrome/135.0.0.0 (Chrome)','http://localhost:8081/main.do',to_timestamp('25/04/09 15:23:23.000000000','RR/MM/DD HH24:MI:SSXFF'),'Windows 10 / 11');
Insert into SYSTEM.VISIT_LOG (VISIT_ID,IP_ADDRESS,USER_AGENT_BROWSER,REFERER,ACCESS_TIME,USER_AGENT_WINDOWS) values (571,'0:0:0:0:0:0:0:1','Edg/135.0.0.0 (Edge)','http://localhost:8081/main.do',to_timestamp('25/04/09 15:35:46.000000000','RR/MM/DD HH24:MI:SSXFF'),'Windows 10 / 11');
Insert into SYSTEM.VISIT_LOG (VISIT_ID,IP_ADDRESS,USER_AGENT_BROWSER,REFERER,ACCESS_TIME,USER_AGENT_WINDOWS) values (574,'0:0:0:0:0:0:0:1','Edg/135.0.0.0 (Edge)','http://localhost:8081/main.do',to_timestamp('25/04/09 15:49:21.000000000','RR/MM/DD HH24:MI:SSXFF'),'Windows 10 / 11');
Insert into SYSTEM.VISIT_LOG (VISIT_ID,IP_ADDRESS,USER_AGENT_BROWSER,REFERER,ACCESS_TIME,USER_AGENT_WINDOWS) values (584,'0:0:0:0:0:0:0:1','Chrome/135.0.0.0 (Chrome)','http://localhost:8081/main.do',to_timestamp('25/04/10 09:34:25.000000000','RR/MM/DD HH24:MI:SSXFF'),'Windows 10 / 11');
Insert into SYSTEM.VISIT_LOG (VISIT_ID,IP_ADDRESS,USER_AGENT_BROWSER,REFERER,ACCESS_TIME,USER_AGENT_WINDOWS) values (590,'0:0:0:0:0:0:0:1','Edg/135.0.0.0 (Edge)','http://localhost:8081/user/mypage.do',to_timestamp('25/04/10 14:23:50.000000000','RR/MM/DD HH24:MI:SSXFF'),'Windows 10 / 11');
Insert into SYSTEM.VISIT_LOG (VISIT_ID,IP_ADDRESS,USER_AGENT_BROWSER,REFERER,ACCESS_TIME,USER_AGENT_WINDOWS) values (599,'0:0:0:0:0:0:0:1','Edg/135.0.0.0 (Edge)','http://localhost:8081/',to_timestamp('25/04/10 17:26:51.000000000','RR/MM/DD HH24:MI:SSXFF'),'Windows 10 / 11');
Insert into SYSTEM.VISIT_LOG (VISIT_ID,IP_ADDRESS,USER_AGENT_BROWSER,REFERER,ACCESS_TIME,USER_AGENT_WINDOWS) values (616,'0:0:0:0:0:0:0:1','Edg/135.0.0.0 (Edge)','http://localhost:8081/main.do',to_timestamp('25/04/11 14:18:37.000000000','RR/MM/DD HH24:MI:SSXFF'),'Windows 10 / 11');
Insert into SYSTEM.VISIT_LOG (VISIT_ID,IP_ADDRESS,USER_AGENT_BROWSER,REFERER,ACCESS_TIME,USER_AGENT_WINDOWS) values (618,'0:0:0:0:0:0:0:1','Chrome/135.0.0.0 (Chrome)','http://localhost:8081/main.do',to_timestamp('25/04/11 14:23:50.000000000','RR/MM/DD HH24:MI:SSXFF'),'Windows 10 / 11');
Insert into SYSTEM.VISIT_LOG (VISIT_ID,IP_ADDRESS,USER_AGENT_BROWSER,REFERER,ACCESS_TIME,USER_AGENT_WINDOWS) values (636,'0:0:0:0:0:0:0:1','Chrome/135.0.0.0 (Chrome)','http://localhost:8081/main.do',to_timestamp('25/04/11 16:59:32.000000000','RR/MM/DD HH24:MI:SSXFF'),'Windows 10 / 11');
Insert into SYSTEM.VISIT_LOG (VISIT_ID,IP_ADDRESS,USER_AGENT_BROWSER,REFERER,ACCESS_TIME,USER_AGENT_WINDOWS) values (637,'0:0:0:0:0:0:0:1','Edg/135.0.0.0 (Edge)','http://localhost:8081/main.do',to_timestamp('25/04/11 17:02:36.000000000','RR/MM/DD HH24:MI:SSXFF'),'Windows 10 / 11');
Insert into SYSTEM.VISIT_LOG (VISIT_ID,IP_ADDRESS,USER_AGENT_BROWSER,REFERER,ACCESS_TIME,USER_AGENT_WINDOWS) values (643,'0:0:0:0:0:0:0:1','Edg/135.0.0.0 (Edge)','http://localhost:8081/user/mypage.do',to_timestamp('25/04/11 19:16:29.000000000','RR/MM/DD HH24:MI:SSXFF'),'Windows 10 / 11');
Insert into SYSTEM.VISIT_LOG (VISIT_ID,IP_ADDRESS,USER_AGENT_BROWSER,REFERER,ACCESS_TIME,USER_AGENT_WINDOWS) values (644,'0:0:0:0:0:0:0:1','Chrome/135.0.0.0 (Chrome)','http://localhost:8081/main.do',to_timestamp('25/04/11 19:23:30.000000000','RR/MM/DD HH24:MI:SSXFF'),'Windows 10 / 11');
Insert into SYSTEM.VISIT_LOG (VISIT_ID,IP_ADDRESS,USER_AGENT_BROWSER,REFERER,ACCESS_TIME,USER_AGENT_WINDOWS) values (650,'127.0.0.1','Chrome/135.0.0.0 (Chrome)','http://localhost:8081/board/list.do?category=F',to_timestamp('25/04/12 07:40:31.000000000','RR/MM/DD HH24:MI:SSXFF'),'Windows 10 / 11');
Insert into SYSTEM.VISIT_LOG (VISIT_ID,IP_ADDRESS,USER_AGENT_BROWSER,REFERER,ACCESS_TIME,USER_AGENT_WINDOWS) values (653,'0:0:0:0:0:0:0:1','Edg/135.0.0.0 (Edge)','http://localhost:8081/user/mypage.do',to_timestamp('25/04/12 14:49:52.000000000','RR/MM/DD HH24:MI:SSXFF'),'Windows 10 / 11');
Insert into SYSTEM.VISIT_LOG (VISIT_ID,IP_ADDRESS,USER_AGENT_BROWSER,REFERER,ACCESS_TIME,USER_AGENT_WINDOWS) values (655,'0:0:0:0:0:0:0:1','Chrome/135.0.0.0 (Chrome)',null,to_timestamp('25/04/12 16:55:25.000000000','RR/MM/DD HH24:MI:SSXFF'),'Windows 10 / 11');
Insert into SYSTEM.VISIT_LOG (VISIT_ID,IP_ADDRESS,USER_AGENT_BROWSER,REFERER,ACCESS_TIME,USER_AGENT_WINDOWS) values (657,'0:0:0:0:0:0:0:1','Chrome/135.0.0.0 (Chrome)','http://localhost:8081/main.do',to_timestamp('25/04/12 20:05:26.000000000','RR/MM/DD HH24:MI:SSXFF'),'Windows 10 / 11');
Insert into SYSTEM.VISIT_LOG (VISIT_ID,IP_ADDRESS,USER_AGENT_BROWSER,REFERER,ACCESS_TIME,USER_AGENT_WINDOWS) values (658,'0:0:0:0:0:0:0:1','Edg/135.0.0.0 (Edge)','http://localhost:8081/user/mypage.do',to_timestamp('25/04/12 20:55:43.000000000','RR/MM/DD HH24:MI:SSXFF'),'Windows 10 / 11');
Insert into SYSTEM.VISIT_LOG (VISIT_ID,IP_ADDRESS,USER_AGENT_BROWSER,REFERER,ACCESS_TIME,USER_AGENT_WINDOWS) values (661,'0:0:0:0:0:0:0:1','Chrome/135.0.0.0 (Chrome)','http://localhost:8081/main.do',to_timestamp('25/04/12 21:21:28.000000000','RR/MM/DD HH24:MI:SSXFF'),'Windows 10 / 11');
Insert into SYSTEM.VISIT_LOG (VISIT_ID,IP_ADDRESS,USER_AGENT_BROWSER,REFERER,ACCESS_TIME,USER_AGENT_WINDOWS) values (667,'0:0:0:0:0:0:0:1','Chrome/135.0.0.0 (Chrome)','http://localhost:8081/main.do',to_timestamp('25/04/13 09:59:40.000000000','RR/MM/DD HH24:MI:SSXFF'),'Windows 10 / 11');
Insert into SYSTEM.VISIT_LOG (VISIT_ID,IP_ADDRESS,USER_AGENT_BROWSER,REFERER,ACCESS_TIME,USER_AGENT_WINDOWS) values (666,'0:0:0:0:0:0:0:1','Chrome/135.0.0.0 (Chrome)','http://localhost:8081/main.do',to_timestamp('25/04/13 09:59:40.000000000','RR/MM/DD HH24:MI:SSXFF'),'Windows 10 / 11');
Insert into SYSTEM.VISIT_LOG (VISIT_ID,IP_ADDRESS,USER_AGENT_BROWSER,REFERER,ACCESS_TIME,USER_AGENT_WINDOWS) values (668,'0:0:0:0:0:0:0:1','Chrome/135.0.0.0 (Chrome)','http://localhost:8081/main.do',to_timestamp('25/04/13 14:25:02.000000000','RR/MM/DD HH24:MI:SSXFF'),'Windows 10 / 11');
Insert into SYSTEM.VISIT_LOG (VISIT_ID,IP_ADDRESS,USER_AGENT_BROWSER,REFERER,ACCESS_TIME,USER_AGENT_WINDOWS) values (670,'0:0:0:0:0:0:0:1','Chrome/135.0.0.0 (Chrome)','http://localhost:8081/main.do',to_timestamp('25/04/13 17:12:12.000000000','RR/MM/DD HH24:MI:SSXFF'),'Windows 10 / 11');
Insert into SYSTEM.VISIT_LOG (VISIT_ID,IP_ADDRESS,USER_AGENT_BROWSER,REFERER,ACCESS_TIME,USER_AGENT_WINDOWS) values (671,'0:0:0:0:0:0:0:1','Chrome/135.0.0.0 (Chrome)','http://localhost:8081/main.do',to_timestamp('25/04/13 19:44:51.000000000','RR/MM/DD HH24:MI:SSXFF'),'Windows 10 / 11');
Insert into SYSTEM.VISIT_LOG (VISIT_ID,IP_ADDRESS,USER_AGENT_BROWSER,REFERER,ACCESS_TIME,USER_AGENT_WINDOWS) values (672,'0:0:0:0:0:0:0:1','Edg/135.0.0.0 (Edge)','http://localhost:8081/main.do',to_timestamp('25/04/13 23:11:43.000000000','RR/MM/DD HH24:MI:SSXFF'),'Windows 10 / 11');
Insert into SYSTEM.VISIT_LOG (VISIT_ID,IP_ADDRESS,USER_AGENT_BROWSER,REFERER,ACCESS_TIME,USER_AGENT_WINDOWS) values (673,'0:0:0:0:0:0:0:1','Chrome/135.0.0.0 (Chrome)','http://localhost:8081/product/reviewEdit.do?productId=14&reviewId=401',to_timestamp('25/04/14 02:07:53.000000000','RR/MM/DD HH24:MI:SSXFF'),'Windows 10 / 11');
Insert into SYSTEM.VISIT_LOG (VISIT_ID,IP_ADDRESS,USER_AGENT_BROWSER,REFERER,ACCESS_TIME,USER_AGENT_WINDOWS) values (674,'0:0:0:0:0:0:0:1','Edg/135.0.0.0 (Edge)','http://localhost:8081/user/mypage.do',to_timestamp('25/04/14 09:23:56.000000000','RR/MM/DD HH24:MI:SSXFF'),'Windows 10 / 11');
Insert into SYSTEM.VISIT_LOG (VISIT_ID,IP_ADDRESS,USER_AGENT_BROWSER,REFERER,ACCESS_TIME,USER_AGENT_WINDOWS) values (675,'0:0:0:0:0:0:0:1','Chrome/135.0.0.0 (Chrome)','http://localhost:8081/main.do',to_timestamp('25/04/14 09:36:50.000000000','RR/MM/DD HH24:MI:SSXFF'),'Windows 10 / 11');
Insert into SYSTEM.VISIT_LOG (VISIT_ID,IP_ADDRESS,USER_AGENT_BROWSER,REFERER,ACCESS_TIME,USER_AGENT_WINDOWS) values (676,'0:0:0:0:0:0:0:1','Edg/135.0.0.0 (Edge)',null,to_timestamp('25/04/14 09:41:39.000000000','RR/MM/DD HH24:MI:SSXFF'),'Windows 10 / 11');
Insert into SYSTEM.VISIT_LOG (VISIT_ID,IP_ADDRESS,USER_AGENT_BROWSER,REFERER,ACCESS_TIME,USER_AGENT_WINDOWS) values (678,'0:0:0:0:0:0:0:1','Edg/135.0.0.0 (Edge)','http://localhost:8081/main.do',to_timestamp('25/04/14 09:47:00.000000000','RR/MM/DD HH24:MI:SSXFF'),'Windows 10 / 11');
Insert into SYSTEM.VISIT_LOG (VISIT_ID,IP_ADDRESS,USER_AGENT_BROWSER,REFERER,ACCESS_TIME,USER_AGENT_WINDOWS) values (29,'0:0:0:0:0:0:0:1','Chrome/134.0.0.0 (Chrome)',null,to_timestamp('25/03/25 09:40:07.000000000','RR/MM/DD HH24:MI:SSXFF'),'Windows 10 / 11');
Insert into SYSTEM.VISIT_LOG (VISIT_ID,IP_ADDRESS,USER_AGENT_BROWSER,REFERER,ACCESS_TIME,USER_AGENT_WINDOWS) values (25,'0:0:0:0:0:0:0:1','Edg/134.0.0.0 (Edge)',null,to_timestamp('25/03/12 19:08:15.000000000','RR/MM/DD HH24:MI:SSXFF'),'Windows 10 / 11');
Insert into SYSTEM.VISIT_LOG (VISIT_ID,IP_ADDRESS,USER_AGENT_BROWSER,REFERER,ACCESS_TIME,USER_AGENT_WINDOWS) values (50,'0:0:0:0:0:0:0:1','Edg/134.0.0.0 (Edge)','http://localhost:8081/user/consent.do',to_timestamp('25/03/25 10:07:50.000000000','RR/MM/DD HH24:MI:SSXFF'),'Windows 10 / 11');
Insert into SYSTEM.VISIT_LOG (VISIT_ID,IP_ADDRESS,USER_AGENT_BROWSER,REFERER,ACCESS_TIME,USER_AGENT_WINDOWS) values (111,'0:0:0:0:0:0:0:1','Edg/134.0.0.0 (Edge)','http://localhost:8081/user/login.do',to_timestamp('25/03/25 14:31:06.000000000','RR/MM/DD HH24:MI:SSXFF'),'Windows 10 / 11');
Insert into SYSTEM.VISIT_LOG (VISIT_ID,IP_ADDRESS,USER_AGENT_BROWSER,REFERER,ACCESS_TIME,USER_AGENT_WINDOWS) values (135,'0:0:0:0:0:0:0:1','Edg/134.0.0.0 (Edge)','http://localhost:8081/user/login.do',to_timestamp('25/03/26 09:44:39.000000000','RR/MM/DD HH24:MI:SSXFF'),'Windows 10 / 11');
Insert into SYSTEM.VISIT_LOG (VISIT_ID,IP_ADDRESS,USER_AGENT_BROWSER,REFERER,ACCESS_TIME,USER_AGENT_WINDOWS) values (176,'0:0:0:0:0:0:0:1','Edg/134.0.0.0 (Edge)','http://localhost:8081/partner/list.do',to_timestamp('25/03/26 16:29:53.000000000','RR/MM/DD HH24:MI:SSXFF'),'Windows 10 / 11');
Insert into SYSTEM.VISIT_LOG (VISIT_ID,IP_ADDRESS,USER_AGENT_BROWSER,REFERER,ACCESS_TIME,USER_AGENT_WINDOWS) values (177,'127.0.0.1','Chrome/134.0.0.0 (Chrome)','http://127.0.0.1:8081/board/list.do?category=%E3%84%B9',to_timestamp('25/03/26 16:36:35.000000000','RR/MM/DD HH24:MI:SSXFF'),'Windows 10 / 11');
Insert into SYSTEM.VISIT_LOG (VISIT_ID,IP_ADDRESS,USER_AGENT_BROWSER,REFERER,ACCESS_TIME,USER_AGENT_WINDOWS) values (178,'0:0:0:0:0:0:0:1','Edg/134.0.0.0 (Edge)','http://localhost:8081/user/myPage.do',to_timestamp('25/03/26 16:58:15.000000000','RR/MM/DD HH24:MI:SSXFF'),'Windows 10 / 11');
Insert into SYSTEM.VISIT_LOG (VISIT_ID,IP_ADDRESS,USER_AGENT_BROWSER,REFERER,ACCESS_TIME,USER_AGENT_WINDOWS) values (179,'0:0:0:0:0:0:0:1','Edg/134.0.0.0 (Edge)','http://localhost:8081/user/myPage.do',to_timestamp('25/03/26 17:27:10.000000000','RR/MM/DD HH24:MI:SSXFF'),'Windows 10 / 11');
Insert into SYSTEM.VISIT_LOG (VISIT_ID,IP_ADDRESS,USER_AGENT_BROWSER,REFERER,ACCESS_TIME,USER_AGENT_WINDOWS) values (180,'0:0:0:0:0:0:0:1','Edg/134.0.0.0 (Edge)','http://localhost:8081/user/myPage.do',to_timestamp('25/03/26 17:29:14.000000000','RR/MM/DD HH24:MI:SSXFF'),'Windows 10 / 11');
Insert into SYSTEM.VISIT_LOG (VISIT_ID,IP_ADDRESS,USER_AGENT_BROWSER,REFERER,ACCESS_TIME,USER_AGENT_WINDOWS) values (231,'0:0:0:0:0:0:0:1','Edg/134.0.0.0 (Edge)','http://localhost:8081/user/myPage.do',to_timestamp('25/03/28 09:19:50.000000000','RR/MM/DD HH24:MI:SSXFF'),'Windows 10 / 11');
Insert into SYSTEM.VISIT_LOG (VISIT_ID,IP_ADDRESS,USER_AGENT_BROWSER,REFERER,ACCESS_TIME,USER_AGENT_WINDOWS) values (235,'0:0:0:0:0:0:0:1','Edg/134.0.0.0 (Edge)','http://localhost:8081/user/myPage.do',to_timestamp('25/03/28 09:53:15.000000000','RR/MM/DD HH24:MI:SSXFF'),'Windows 10 / 11');
Insert into SYSTEM.VISIT_LOG (VISIT_ID,IP_ADDRESS,USER_AGENT_BROWSER,REFERER,ACCESS_TIME,USER_AGENT_WINDOWS) values (239,'0:0:0:0:0:0:0:1','Edg/134.0.0.0 (Edge)','http://localhost:8081/user/mypage.do',to_timestamp('25/03/28 10:40:33.000000000','RR/MM/DD HH24:MI:SSXFF'),'Windows 10 / 11');
Insert into SYSTEM.VISIT_LOG (VISIT_ID,IP_ADDRESS,USER_AGENT_BROWSER,REFERER,ACCESS_TIME,USER_AGENT_WINDOWS) values (270,'0:0:0:0:0:0:0:1','Chrome/134.0.0.0 (Chrome)',null,to_timestamp('25/03/29 15:13:51.000000000','RR/MM/DD HH24:MI:SSXFF'),'Windows 10 / 11');
Insert into SYSTEM.VISIT_LOG (VISIT_ID,IP_ADDRESS,USER_AGENT_BROWSER,REFERER,ACCESS_TIME,USER_AGENT_WINDOWS) values (274,'0:0:0:0:0:0:0:1','Edg/134.0.0.0 (Edge)','http://localhost:8081/product/view.do?productId=14',to_timestamp('25/03/29 17:05:01.000000000','RR/MM/DD HH24:MI:SSXFF'),'Windows 10 / 11');
Insert into SYSTEM.VISIT_LOG (VISIT_ID,IP_ADDRESS,USER_AGENT_BROWSER,REFERER,ACCESS_TIME,USER_AGENT_WINDOWS) values (278,'0:0:0:0:0:0:0:1','Chrome/134.0.0.0 (Chrome)','http://localhost:8081/manager/main.do?menu=member&submenu=1',to_timestamp('25/03/30 12:04:53.000000000','RR/MM/DD HH24:MI:SSXFF'),'Windows 10 / 11');
Insert into SYSTEM.VISIT_LOG (VISIT_ID,IP_ADDRESS,USER_AGENT_BROWSER,REFERER,ACCESS_TIME,USER_AGENT_WINDOWS) values (290,'0:0:0:0:0:0:0:1','Edg/134.0.0.0 (Edge)',null,to_timestamp('25/03/31 09:20:40.000000000','RR/MM/DD HH24:MI:SSXFF'),'Windows 10 / 11');
Insert into SYSTEM.VISIT_LOG (VISIT_ID,IP_ADDRESS,USER_AGENT_BROWSER,REFERER,ACCESS_TIME,USER_AGENT_WINDOWS) values (293,'0:0:0:0:0:0:0:1','Edg/134.0.0.0 (Edge)','http://localhost:8081/cart/list.do',to_timestamp('25/03/31 10:43:00.000000000','RR/MM/DD HH24:MI:SSXFF'),'Windows 10 / 11');
Insert into SYSTEM.VISIT_LOG (VISIT_ID,IP_ADDRESS,USER_AGENT_BROWSER,REFERER,ACCESS_TIME,USER_AGENT_WINDOWS) values (371,'0:0:0:0:0:0:0:1','Chrome/134.0.0.0 (Chrome)',null,to_timestamp('25/04/01 09:29:25.000000000','RR/MM/DD HH24:MI:SSXFF'),'Windows 10 / 11');
Insert into SYSTEM.VISIT_LOG (VISIT_ID,IP_ADDRESS,USER_AGENT_BROWSER,REFERER,ACCESS_TIME,USER_AGENT_WINDOWS) values (411,'0:0:0:0:0:0:0:1','Edg/134.0.0.0 (Edge)','http://localhost:8081/manager/main.do?menu=stat&submenu=1',to_timestamp('25/04/02 09:44:42.000000000','RR/MM/DD HH24:MI:SSXFF'),'Windows 10 / 11');
Insert into SYSTEM.VISIT_LOG (VISIT_ID,IP_ADDRESS,USER_AGENT_BROWSER,REFERER,ACCESS_TIME,USER_AGENT_WINDOWS) values (414,'0:0:0:0:0:0:0:1','Chrome/134.0.0.0 (Chrome)','http://localhost:8081/board/vetBoardView.do?vetBoardId=42&category=F',to_timestamp('25/04/02 10:24:02.000000000','RR/MM/DD HH24:MI:SSXFF'),'Windows 10 / 11');
Insert into SYSTEM.VISIT_LOG (VISIT_ID,IP_ADDRESS,USER_AGENT_BROWSER,REFERER,ACCESS_TIME,USER_AGENT_WINDOWS) values (422,'0:0:0:0:0:0:0:1','Edg/134.0.0.0 (Edge)','http://localhost:8081/order/orderList.do',to_timestamp('25/04/02 15:21:16.000000000','RR/MM/DD HH24:MI:SSXFF'),'Windows 10 / 11');
Insert into SYSTEM.VISIT_LOG (VISIT_ID,IP_ADDRESS,USER_AGENT_BROWSER,REFERER,ACCESS_TIME,USER_AGENT_WINDOWS) values (430,'0:0:0:0:0:0:0:1','Edg/134.0.0.0 (Edge)',null,to_timestamp('25/04/03 09:11:44.000000000','RR/MM/DD HH24:MI:SSXFF'),'Windows 10 / 11');
Insert into SYSTEM.VISIT_LOG (VISIT_ID,IP_ADDRESS,USER_AGENT_BROWSER,REFERER,ACCESS_TIME,USER_AGENT_WINDOWS) values (431,'0:0:0:0:0:0:0:1','Chrome/134.0.0.0 (Chrome)',null,to_timestamp('25/04/03 09:38:30.000000000','RR/MM/DD HH24:MI:SSXFF'),'Windows 10 / 11');
Insert into SYSTEM.VISIT_LOG (VISIT_ID,IP_ADDRESS,USER_AGENT_BROWSER,REFERER,ACCESS_TIME,USER_AGENT_WINDOWS) values (437,'0:0:0:0:0:0:0:1','Chrome/134.0.0.0 (Chrome)','http://localhost:8081/board/vetBoardView.do?vetBoardId=88',to_timestamp('25/04/03 11:54:26.000000000','RR/MM/DD HH24:MI:SSXFF'),'Windows 10 / 11');
Insert into SYSTEM.VISIT_LOG (VISIT_ID,IP_ADDRESS,USER_AGENT_BROWSER,REFERER,ACCESS_TIME,USER_AGENT_WINDOWS) values (438,'0:0:0:0:0:0:0:1','Edg/134.0.0.0 (Edge)','http://localhost:8081/user/mypage.do',to_timestamp('25/04/03 14:30:47.000000000','RR/MM/DD HH24:MI:SSXFF'),'Windows 10 / 11');
Insert into SYSTEM.VISIT_LOG (VISIT_ID,IP_ADDRESS,USER_AGENT_BROWSER,REFERER,ACCESS_TIME,USER_AGENT_WINDOWS) values (440,'0:0:0:0:0:0:0:1','Edg/134.0.0.0 (Edge)','http://localhost:8081/partner/list.do',to_timestamp('25/04/03 14:41:23.000000000','RR/MM/DD HH24:MI:SSXFF'),'Windows 10 / 11');
Insert into SYSTEM.VISIT_LOG (VISIT_ID,IP_ADDRESS,USER_AGENT_BROWSER,REFERER,ACCESS_TIME,USER_AGENT_WINDOWS) values (473,'0:0:0:0:0:0:0:1','Chrome/134.0.0.0 (Chrome)','http://localhost:8081/user/login.do?redirect=%2Fmain.do',to_timestamp('25/04/05 13:37:52.000000000','RR/MM/DD HH24:MI:SSXFF'),'Windows 10 / 11');
Insert into SYSTEM.VISIT_LOG (VISIT_ID,IP_ADDRESS,USER_AGENT_BROWSER,REFERER,ACCESS_TIME,USER_AGENT_WINDOWS) values (477,'0:0:0:0:0:0:0:1','Edg/135.0.0.0 (Edge)','http://localhost:8081/product/list.do?searchOption=dog',to_timestamp('25/04/05 15:15:41.000000000','RR/MM/DD HH24:MI:SSXFF'),'Windows 10 / 11');
Insert into SYSTEM.VISIT_LOG (VISIT_ID,IP_ADDRESS,USER_AGENT_BROWSER,REFERER,ACCESS_TIME,USER_AGENT_WINDOWS) values (490,'0:0:0:0:0:0:0:1','Chrome/134.0.0.0 (Chrome)',null,to_timestamp('25/04/06 11:35:14.000000000','RR/MM/DD HH24:MI:SSXFF'),'Windows 10 / 11');
Insert into SYSTEM.VISIT_LOG (VISIT_ID,IP_ADDRESS,USER_AGENT_BROWSER,REFERER,ACCESS_TIME,USER_AGENT_WINDOWS) values (512,'0:0:0:0:0:0:0:1','Edg/135.0.0.0 (Edge)','http://localhost:8081/manager/main.do?menu=member&submenu=1',to_timestamp('25/04/07 09:38:38.000000000','RR/MM/DD HH24:MI:SSXFF'),'Windows 10 / 11');
Insert into SYSTEM.VISIT_LOG (VISIT_ID,IP_ADDRESS,USER_AGENT_BROWSER,REFERER,ACCESS_TIME,USER_AGENT_WINDOWS) values (514,'0:0:0:0:0:0:0:1','Chrome/134.0.0.0 (Chrome)','http://localhost:8081/user/login.do',to_timestamp('25/04/07 09:53:53.000000000','RR/MM/DD HH24:MI:SSXFF'),'Windows 10 / 11');
Insert into SYSTEM.VISIT_LOG (VISIT_ID,IP_ADDRESS,USER_AGENT_BROWSER,REFERER,ACCESS_TIME,USER_AGENT_WINDOWS) values (520,'0:0:0:0:0:0:0:1','Edg/135.0.0.0 (Edge)','http://localhost:8081/manager/main.do?menu=member&submenu=1',to_timestamp('25/04/07 14:54:18.000000000','RR/MM/DD HH24:MI:SSXFF'),'Windows 10 / 11');
Insert into SYSTEM.VISIT_LOG (VISIT_ID,IP_ADDRESS,USER_AGENT_BROWSER,REFERER,ACCESS_TIME,USER_AGENT_WINDOWS) values (523,'0:0:0:0:0:0:0:1','Chrome/134.0.0.0 (Chrome)','http://localhost:8081/board/vetBoardView.do?vetBoardId=121',to_timestamp('25/04/07 18:03:54.000000000','RR/MM/DD HH24:MI:SSXFF'),'Windows 10 / 11');
Insert into SYSTEM.VISIT_LOG (VISIT_ID,IP_ADDRESS,USER_AGENT_BROWSER,REFERER,ACCESS_TIME,USER_AGENT_WINDOWS) values (533,'0:0:0:0:0:0:0:1','Chrome/134.0.0.0 (Chrome)',null,to_timestamp('25/04/08 09:26:16.000000000','RR/MM/DD HH24:MI:SSXFF'),'Windows 10 / 11');
Insert into SYSTEM.VISIT_LOG (VISIT_ID,IP_ADDRESS,USER_AGENT_BROWSER,REFERER,ACCESS_TIME,USER_AGENT_WINDOWS) values (553,'0:0:0:0:0:0:0:1','Edg/135.0.0.0 (Edge)','http://localhost:8081/main.do',to_timestamp('25/04/08 17:37:05.000000000','RR/MM/DD HH24:MI:SSXFF'),'Windows 10 / 11');
Insert into SYSTEM.VISIT_LOG (VISIT_ID,IP_ADDRESS,USER_AGENT_BROWSER,REFERER,ACCESS_TIME,USER_AGENT_WINDOWS) values (555,'0:0:0:0:0:0:0:1','Edg/135.0.0.0 (Edge)','http://localhost:8081/main.do',to_timestamp('25/04/09 09:12:05.000000000','RR/MM/DD HH24:MI:SSXFF'),'Windows 10 / 11');
Insert into SYSTEM.VISIT_LOG (VISIT_ID,IP_ADDRESS,USER_AGENT_BROWSER,REFERER,ACCESS_TIME,USER_AGENT_WINDOWS) values (556,'0:0:0:0:0:0:0:1','Chrome/135.0.0.0 (Chrome)','http://localhost:8081/main.do',to_timestamp('25/04/09 09:27:42.000000000','RR/MM/DD HH24:MI:SSXFF'),'Windows 10 / 11');
Insert into SYSTEM.VISIT_LOG (VISIT_ID,IP_ADDRESS,USER_AGENT_BROWSER,REFERER,ACCESS_TIME,USER_AGENT_WINDOWS) values (557,'0:0:0:0:0:0:0:1','Edg/135.0.0.0 (Edge)','http://localhost:8081/main.do',to_timestamp('25/04/09 09:40:41.000000000','RR/MM/DD HH24:MI:SSXFF'),'Windows 10 / 11');
Insert into SYSTEM.VISIT_LOG (VISIT_ID,IP_ADDRESS,USER_AGENT_BROWSER,REFERER,ACCESS_TIME,USER_AGENT_WINDOWS) values (559,'0:0:0:0:0:0:0:1','Edg/135.0.0.0 (Edge)','http://localhost:8081/main.do',to_timestamp('25/04/09 09:44:37.000000000','RR/MM/DD HH24:MI:SSXFF'),'Windows 10 / 11');
Insert into SYSTEM.VISIT_LOG (VISIT_ID,IP_ADDRESS,USER_AGENT_BROWSER,REFERER,ACCESS_TIME,USER_AGENT_WINDOWS) values (560,'0:0:0:0:0:0:0:1','Edg/135.0.0.0 (Edge)','http://localhost:8081/main.do',to_timestamp('25/04/09 11:01:32.000000000','RR/MM/DD HH24:MI:SSXFF'),'Windows 10 / 11');
Insert into SYSTEM.VISIT_LOG (VISIT_ID,IP_ADDRESS,USER_AGENT_BROWSER,REFERER,ACCESS_TIME,USER_AGENT_WINDOWS) values (562,'0:0:0:0:0:0:0:1','Chrome/135.0.0.0 (Chrome)',null,to_timestamp('25/04/09 12:04:52.000000000','RR/MM/DD HH24:MI:SSXFF'),'Windows 10 / 11');
Insert into SYSTEM.VISIT_LOG (VISIT_ID,IP_ADDRESS,USER_AGENT_BROWSER,REFERER,ACCESS_TIME,USER_AGENT_WINDOWS) values (565,'0:0:0:0:0:0:0:1','Edg/135.0.0.0 (Edge)','http://localhost:8081/board/vetBoardView.do?vetBoardId=145',to_timestamp('25/04/09 14:24:37.000000000','RR/MM/DD HH24:MI:SSXFF'),'Windows 10 / 11');
Insert into SYSTEM.VISIT_LOG (VISIT_ID,IP_ADDRESS,USER_AGENT_BROWSER,REFERER,ACCESS_TIME,USER_AGENT_WINDOWS) values (566,'0:0:0:0:0:0:0:1','Chrome/135.0.0.0 (Chrome)','http://localhost:8081/board/vetBoardList.do',to_timestamp('25/04/09 14:33:40.000000000','RR/MM/DD HH24:MI:SSXFF'),'Windows 10 / 11');
Insert into SYSTEM.VISIT_LOG (VISIT_ID,IP_ADDRESS,USER_AGENT_BROWSER,REFERER,ACCESS_TIME,USER_AGENT_WINDOWS) values (569,'0:0:0:0:0:0:0:1','Chrome/135.0.0.0 (Chrome)','http://localhost:8081/main.do?code=nLKIKRs9Cb1QoK3t1Rhlj0kzx5HzY4CUxjWEfDk35g1s9gtq8zYiEAAAAAQKDRWbAAABlhjE-caUJG13ldIf8A',to_timestamp('25/04/09 15:18:20.000000000','RR/MM/DD HH24:MI:SSXFF'),'Windows 10 / 11');
Insert into SYSTEM.VISIT_LOG (VISIT_ID,IP_ADDRESS,USER_AGENT_BROWSER,REFERER,ACCESS_TIME,USER_AGENT_WINDOWS) values (578,'0:0:0:0:0:0:0:1','Edg/135.0.0.0 (Edge)','http://localhost:8081/user/mypage.do',to_timestamp('25/04/09 20:25:49.000000000','RR/MM/DD HH24:MI:SSXFF'),'Windows 10 / 11');
Insert into SYSTEM.VISIT_LOG (VISIT_ID,IP_ADDRESS,USER_AGENT_BROWSER,REFERER,ACCESS_TIME,USER_AGENT_WINDOWS) values (579,'0:0:0:0:0:0:0:1','Chrome/134.0.0.0 (Chrome)',null,to_timestamp('25/04/09 21:27:33.000000000','RR/MM/DD HH24:MI:SSXFF'),'Windows 10 / 11');
Insert into SYSTEM.VISIT_LOG (VISIT_ID,IP_ADDRESS,USER_AGENT_BROWSER,REFERER,ACCESS_TIME,USER_AGENT_WINDOWS) values (580,'0:0:0:0:0:0:0:1','Chrome/135.0.0.0 (Chrome)','http://localhost:8081/main.do',to_timestamp('25/04/09 22:01:03.000000000','RR/MM/DD HH24:MI:SSXFF'),'Windows 10 / 11');
Insert into SYSTEM.VISIT_LOG (VISIT_ID,IP_ADDRESS,USER_AGENT_BROWSER,REFERER,ACCESS_TIME,USER_AGENT_WINDOWS) values (582,'0:0:0:0:0:0:0:1','Chrome/135.0.0.0 (Chrome)','http://localhost:8081/main.do',to_timestamp('25/04/10 09:28:49.000000000','RR/MM/DD HH24:MI:SSXFF'),'Windows 10 / 11');
Insert into SYSTEM.VISIT_LOG (VISIT_ID,IP_ADDRESS,USER_AGENT_BROWSER,REFERER,ACCESS_TIME,USER_AGENT_WINDOWS) values (586,'0:0:0:0:0:0:0:1','Edg/135.0.0.0 (Edge)','http://localhost:8081/main.do',to_timestamp('25/04/10 09:43:52.000000000','RR/MM/DD HH24:MI:SSXFF'),'Windows 10 / 11');
Insert into SYSTEM.VISIT_LOG (VISIT_ID,IP_ADDRESS,USER_AGENT_BROWSER,REFERER,ACCESS_TIME,USER_AGENT_WINDOWS) values (588,'0:0:0:0:0:0:0:1','Chrome/135.0.0.0 (Chrome)',null,to_timestamp('25/04/10 10:38:55.000000000','RR/MM/DD HH24:MI:SSXFF'),'Windows 10 / 11');
Insert into SYSTEM.VISIT_LOG (VISIT_ID,IP_ADDRESS,USER_AGENT_BROWSER,REFERER,ACCESS_TIME,USER_AGENT_WINDOWS) values (591,'0:0:0:0:0:0:0:1','Chrome/135.0.0.0 (Chrome)','http://localhost:8081/product/list.do',to_timestamp('25/04/10 14:24:28.000000000','RR/MM/DD HH24:MI:SSXFF'),'Windows 10 / 11');
Insert into SYSTEM.VISIT_LOG (VISIT_ID,IP_ADDRESS,USER_AGENT_BROWSER,REFERER,ACCESS_TIME,USER_AGENT_WINDOWS) values (592,'0:0:0:0:0:0:0:1','Chrome/135.0.0.0 (Chrome)','http://localhost:8081/product/view.do?productId=5',to_timestamp('25/04/10 14:30:07.000000000','RR/MM/DD HH24:MI:SSXFF'),'Windows 10 / 11');
Insert into SYSTEM.VISIT_LOG (VISIT_ID,IP_ADDRESS,USER_AGENT_BROWSER,REFERER,ACCESS_TIME,USER_AGENT_WINDOWS) values (603,'0:0:0:0:0:0:0:1','Edg/135.0.0.0 (Edge)','http://localhost:8081/main.do',to_timestamp('25/04/11 09:21:33.000000000','RR/MM/DD HH24:MI:SSXFF'),'Windows 10 / 11');
Insert into SYSTEM.VISIT_LOG (VISIT_ID,IP_ADDRESS,USER_AGENT_BROWSER,REFERER,ACCESS_TIME,USER_AGENT_WINDOWS) values (605,'0:0:0:0:0:0:0:1','Edg/135.0.0.0 (Edge)','http://localhost:8081/main.do',to_timestamp('25/04/11 09:34:28.000000000','RR/MM/DD HH24:MI:SSXFF'),'Windows 10 / 11');
Insert into SYSTEM.VISIT_LOG (VISIT_ID,IP_ADDRESS,USER_AGENT_BROWSER,REFERER,ACCESS_TIME,USER_AGENT_WINDOWS) values (607,'0:0:0:0:0:0:0:1','Edg/135.0.0.0 (Edge)','http://localhost:8081/main.do',to_timestamp('25/04/11 09:42:14.000000000','RR/MM/DD HH24:MI:SSXFF'),'Windows 10 / 11');
Insert into SYSTEM.VISIT_LOG (VISIT_ID,IP_ADDRESS,USER_AGENT_BROWSER,REFERER,ACCESS_TIME,USER_AGENT_WINDOWS) values (608,'0:0:0:0:0:0:0:1','Chrome/135.0.0.0 (Chrome)',null,to_timestamp('25/04/11 09:42:14.000000000','RR/MM/DD HH24:MI:SSXFF'),'Windows 10 / 11');
Insert into SYSTEM.VISIT_LOG (VISIT_ID,IP_ADDRESS,USER_AGENT_BROWSER,REFERER,ACCESS_TIME,USER_AGENT_WINDOWS) values (613,'127.0.0.1','Chrome/135.0.0.0 (Chrome)','http://localhost:8081/main.do',to_timestamp('25/04/11 12:55:29.000000000','RR/MM/DD HH24:MI:SSXFF'),'Windows 10 / 11');
Insert into SYSTEM.VISIT_LOG (VISIT_ID,IP_ADDRESS,USER_AGENT_BROWSER,REFERER,ACCESS_TIME,USER_AGENT_WINDOWS) values (621,'0:0:0:0:0:0:0:1','Edg/135.0.0.0 (Edge)','http://localhost:8081/main.do',to_timestamp('25/04/11 14:59:12.000000000','RR/MM/DD HH24:MI:SSXFF'),'Windows 10 / 11');
Insert into SYSTEM.VISIT_LOG (VISIT_ID,IP_ADDRESS,USER_AGENT_BROWSER,REFERER,ACCESS_TIME,USER_AGENT_WINDOWS) values (630,'0:0:0:0:0:0:0:1','Edg/135.0.0.0 (Edge)','http://localhost:8081/main.do',to_timestamp('25/04/11 16:48:13.000000000','RR/MM/DD HH24:MI:SSXFF'),'Windows 10 / 11');
Insert into SYSTEM.VISIT_LOG (VISIT_ID,IP_ADDRESS,USER_AGENT_BROWSER,REFERER,ACCESS_TIME,USER_AGENT_WINDOWS) values (634,'0:0:0:0:0:0:0:1','Chrome/135.0.0.0 (Chrome)','http://localhost:8081/main.do',to_timestamp('25/04/11 16:58:31.000000000','RR/MM/DD HH24:MI:SSXFF'),'Windows 10 / 11');
Insert into SYSTEM.VISIT_LOG (VISIT_ID,IP_ADDRESS,USER_AGENT_BROWSER,REFERER,ACCESS_TIME,USER_AGENT_WINDOWS) values (635,'0:0:0:0:0:0:0:1','Chrome/135.0.0.0 (Chrome)','http://localhost:8081/main.do',to_timestamp('25/04/11 16:59:30.000000000','RR/MM/DD HH24:MI:SSXFF'),'Windows 10 / 11');
Insert into SYSTEM.VISIT_LOG (VISIT_ID,IP_ADDRESS,USER_AGENT_BROWSER,REFERER,ACCESS_TIME,USER_AGENT_WINDOWS) values (652,'0:0:0:0:0:0:0:1','Chrome/135.0.0.0 (Chrome)','http://localhost:8081/main.do',to_timestamp('25/04/12 13:43:35.000000000','RR/MM/DD HH24:MI:SSXFF'),'Windows 10 / 11');
Insert into SYSTEM.VISIT_LOG (VISIT_ID,IP_ADDRESS,USER_AGENT_BROWSER,REFERER,ACCESS_TIME,USER_AGENT_WINDOWS) values (659,'0:0:0:0:0:0:0:1','Chrome/135.0.0.0 (Chrome)','http://localhost:8081/main.do',to_timestamp('25/04/12 21:11:59.000000000','RR/MM/DD HH24:MI:SSXFF'),'Windows 10 / 11');
Insert into SYSTEM.VISIT_LOG (VISIT_ID,IP_ADDRESS,USER_AGENT_BROWSER,REFERER,ACCESS_TIME,USER_AGENT_WINDOWS) values (660,'0:0:0:0:0:0:0:1','Chrome/135.0.0.0 (Chrome)','http://localhost:8081/main.do',to_timestamp('25/04/12 21:21:28.000000000','RR/MM/DD HH24:MI:SSXFF'),'Windows 10 / 11');
Insert into SYSTEM.VISIT_LOG (VISIT_ID,IP_ADDRESS,USER_AGENT_BROWSER,REFERER,ACCESS_TIME,USER_AGENT_WINDOWS) values (662,'0:0:0:0:0:0:0:1','Edg/135.0.0.0 (Edge)','http://localhost:8081/main.do',to_timestamp('25/04/12 23:03:42.000000000','RR/MM/DD HH24:MI:SSXFF'),'Windows 10 / 11');
Insert into SYSTEM.VISIT_LOG (VISIT_ID,IP_ADDRESS,USER_AGENT_BROWSER,REFERER,ACCESS_TIME,USER_AGENT_WINDOWS) values (663,'0:0:0:0:0:0:0:1','Edg/135.0.0.0 (Edge)','http://localhost:8081/main.do',to_timestamp('25/04/12 23:08:41.000000000','RR/MM/DD HH24:MI:SSXFF'),'Windows 10 / 11');
Insert into SYSTEM.VISIT_LOG (VISIT_ID,IP_ADDRESS,USER_AGENT_BROWSER,REFERER,ACCESS_TIME,USER_AGENT_WINDOWS) values (664,'0:0:0:0:0:0:0:1','Edg/135.0.0.0 (Edge)','http://localhost:8081/user/mypage.do',to_timestamp('25/04/12 23:11:38.000000000','RR/MM/DD HH24:MI:SSXFF'),'Windows 10 / 11');
Insert into SYSTEM.VISIT_LOG (VISIT_ID,IP_ADDRESS,USER_AGENT_BROWSER,REFERER,ACCESS_TIME,USER_AGENT_WINDOWS) values (665,'0:0:0:0:0:0:0:1','Chrome/135.0.0.0 (Chrome)',null,to_timestamp('25/04/12 23:26:28.000000000','RR/MM/DD HH24:MI:SSXFF'),'Windows 10 / 11');
Insert into SYSTEM.VISIT_LOG (VISIT_ID,IP_ADDRESS,USER_AGENT_BROWSER,REFERER,ACCESS_TIME,USER_AGENT_WINDOWS) values (683,'0:0:0:0:0:0:0:1','Edg/135.0.0.0 (Edge)','http://localhost:8081/user/mypage.do',to_timestamp('25/04/14 12:17:23.000000000','RR/MM/DD HH24:MI:SSXFF'),'Windows 10 / 11');
Insert into SYSTEM.VISIT_LOG (VISIT_ID,IP_ADDRESS,USER_AGENT_BROWSER,REFERER,ACCESS_TIME,USER_AGENT_WINDOWS) values (692,'0:0:0:0:0:0:0:1','Chrome/135.0.0.0 (Chrome)','http://localhost:8081/main.do',to_timestamp('25/04/15 01:03:57.000000000','RR/MM/DD HH24:MI:SSXFF'),'Windows 10 / 11');
Insert into SYSTEM.VISIT_LOG (VISIT_ID,IP_ADDRESS,USER_AGENT_BROWSER,REFERER,ACCESS_TIME,USER_AGENT_WINDOWS) values (715,'0:0:0:0:0:0:0:1','Edg/135.0.0.0 (Edge)','http://localhost:8081/main.do',to_timestamp('25/04/15 10:11:51.000000000','RR/MM/DD HH24:MI:SSXFF'),'Windows 10 / 11');
Insert into SYSTEM.VISIT_LOG (VISIT_ID,IP_ADDRESS,USER_AGENT_BROWSER,REFERER,ACCESS_TIME,USER_AGENT_WINDOWS) values (720,'0:0:0:0:0:0:0:1','Chrome/135.0.0.0 (Chrome)','http://localhost:8081/main.do',to_timestamp('25/04/15 14:11:01.000000000','RR/MM/DD HH24:MI:SSXFF'),'Windows 10 / 11');
Insert into SYSTEM.VISIT_LOG (VISIT_ID,IP_ADDRESS,USER_AGENT_BROWSER,REFERER,ACCESS_TIME,USER_AGENT_WINDOWS) values (722,'0:0:0:0:0:0:0:1','Chrome/135.0.0.0 (Chrome)','http://localhost:8081/main.do',to_timestamp('25/04/15 14:37:15.000000000','RR/MM/DD HH24:MI:SSXFF'),'Windows 10 / 11');
Insert into SYSTEM.VISIT_LOG (VISIT_ID,IP_ADDRESS,USER_AGENT_BROWSER,REFERER,ACCESS_TIME,USER_AGENT_WINDOWS) values (734,'0:0:0:0:0:0:0:1','Chrome/135.0.0.0 (Chrome)',null,to_timestamp('25/04/16 10:39:12.000000000','RR/MM/DD HH24:MI:SSXFF'),'Windows 10 / 11');
Insert into SYSTEM.VISIT_LOG (VISIT_ID,IP_ADDRESS,USER_AGENT_BROWSER,REFERER,ACCESS_TIME,USER_AGENT_WINDOWS) values (686,'0:0:0:0:0:0:0:1','Chrome/135.0.0.0 (Chrome)','http://localhost:8081/main.do',to_timestamp('25/04/14 18:02:20.000000000','RR/MM/DD HH24:MI:SSXFF'),'Windows 10 / 11');
Insert into SYSTEM.VISIT_LOG (VISIT_ID,IP_ADDRESS,USER_AGENT_BROWSER,REFERER,ACCESS_TIME,USER_AGENT_WINDOWS) values (691,'0:0:0:0:0:0:0:1','Chrome/135.0.0.0 (Chrome)','http://localhost:8081/main.do',to_timestamp('25/04/14 21:53:22.000000000','RR/MM/DD HH24:MI:SSXFF'),'Windows 10 / 11');
Insert into SYSTEM.VISIT_LOG (VISIT_ID,IP_ADDRESS,USER_AGENT_BROWSER,REFERER,ACCESS_TIME,USER_AGENT_WINDOWS) values (710,'0:0:0:0:0:0:0:1','Chrome/135.0.0.0 (Chrome)','http://localhost:8081/main.do',to_timestamp('25/04/15 09:26:13.000000000','RR/MM/DD HH24:MI:SSXFF'),'Windows 10 / 11');
Insert into SYSTEM.VISIT_LOG (VISIT_ID,IP_ADDRESS,USER_AGENT_BROWSER,REFERER,ACCESS_TIME,USER_AGENT_WINDOWS) values (714,'0:0:0:0:0:0:0:1','Chrome/135.0.0.0 (Chrome)',null,to_timestamp('25/04/15 10:04:32.000000000','RR/MM/DD HH24:MI:SSXFF'),'Windows 10 / 11');
Insert into SYSTEM.VISIT_LOG (VISIT_ID,IP_ADDRESS,USER_AGENT_BROWSER,REFERER,ACCESS_TIME,USER_AGENT_WINDOWS) values (725,'0:0:0:0:0:0:0:1','Edg/135.0.0.0 (Edge)','http://localhost:8081/main.do',to_timestamp('25/04/15 16:42:28.000000000','RR/MM/DD HH24:MI:SSXFF'),'Windows 10 / 11');
Insert into SYSTEM.VISIT_LOG (VISIT_ID,IP_ADDRESS,USER_AGENT_BROWSER,REFERER,ACCESS_TIME,USER_AGENT_WINDOWS) values (726,'0:0:0:0:0:0:0:1','Edg/135.0.0.0 (Edge)','http://localhost:8081/main.do',to_timestamp('25/04/15 16:50:22.000000000','RR/MM/DD HH24:MI:SSXFF'),'Windows 10 / 11');
Insert into SYSTEM.VISIT_LOG (VISIT_ID,IP_ADDRESS,USER_AGENT_BROWSER,REFERER,ACCESS_TIME,USER_AGENT_WINDOWS) values (680,'0:0:0:0:0:0:0:1','Chrome/135.0.0.0 (Chrome)','http://localhost:8081/main.do',to_timestamp('25/04/14 09:51:11.000000000','RR/MM/DD HH24:MI:SSXFF'),'Windows 10 / 11');
Insert into SYSTEM.VISIT_LOG (VISIT_ID,IP_ADDRESS,USER_AGENT_BROWSER,REFERER,ACCESS_TIME,USER_AGENT_WINDOWS) values (685,'0:0:0:0:0:0:0:1','Chrome/135.0.0.0 (Chrome)','http://localhost:8081/main.do',to_timestamp('25/04/14 14:54:09.000000000','RR/MM/DD HH24:MI:SSXFF'),'Windows 10 / 11');
Insert into SYSTEM.VISIT_LOG (VISIT_ID,IP_ADDRESS,USER_AGENT_BROWSER,REFERER,ACCESS_TIME,USER_AGENT_WINDOWS) values (689,'0:0:0:0:0:0:0:1','Chrome/135.0.0.0 (Chrome)','http://localhost:8081/main.do',to_timestamp('25/04/14 19:10:06.000000000','RR/MM/DD HH24:MI:SSXFF'),'Windows 10 / 11');
Insert into SYSTEM.VISIT_LOG (VISIT_ID,IP_ADDRESS,USER_AGENT_BROWSER,REFERER,ACCESS_TIME,USER_AGENT_WINDOWS) values (721,'0:0:0:0:0:0:0:1','Edg/135.0.0.0 (Edge)','http://localhost:8081/user/mypage.do',to_timestamp('25/04/15 14:27:40.000000000','RR/MM/DD HH24:MI:SSXFF'),'Windows 10 / 11');
Insert into SYSTEM.VISIT_LOG (VISIT_ID,IP_ADDRESS,USER_AGENT_BROWSER,REFERER,ACCESS_TIME,USER_AGENT_WINDOWS) values (727,'0:0:0:0:0:0:0:1','Chrome/135.0.0.0 (Chrome)','http://localhost:8081/main.do',to_timestamp('25/04/15 16:52:38.000000000','RR/MM/DD HH24:MI:SSXFF'),'Windows 10 / 11');
Insert into SYSTEM.VISIT_LOG (VISIT_ID,IP_ADDRESS,USER_AGENT_BROWSER,REFERER,ACCESS_TIME,USER_AGENT_WINDOWS) values (728,'0:0:0:0:0:0:0:1','Edg/135.0.0.0 (Edge)','http://localhost:8081/main.do',to_timestamp('25/04/15 17:17:34.000000000','RR/MM/DD HH24:MI:SSXFF'),'Windows 10 / 11');
Insert into SYSTEM.VISIT_LOG (VISIT_ID,IP_ADDRESS,USER_AGENT_BROWSER,REFERER,ACCESS_TIME,USER_AGENT_WINDOWS) values (729,'0:0:0:0:0:0:0:1','Edg/135.0.0.0 (Edge)','http://localhost:8081/main.do',to_timestamp('25/04/16 09:42:17.000000000','RR/MM/DD HH24:MI:SSXFF'),'Windows 10 / 11');
Insert into SYSTEM.VISIT_LOG (VISIT_ID,IP_ADDRESS,USER_AGENT_BROWSER,REFERER,ACCESS_TIME,USER_AGENT_WINDOWS) values (735,'192.168.30.39','Chrome/135.0.0.0 (Chrome)','http://192.168.30.52:8081/',to_timestamp('25/04/16 11:34:22.000000000','RR/MM/DD HH24:MI:SSXFF'),'Windows 10 / 11');
Insert into SYSTEM.VISIT_LOG (VISIT_ID,IP_ADDRESS,USER_AGENT_BROWSER,REFERER,ACCESS_TIME,USER_AGENT_WINDOWS) values (682,'0:0:0:0:0:0:0:1','Chrome/135.0.0.0 (Chrome)',null,to_timestamp('25/04/14 09:57:00.000000000','RR/MM/DD HH24:MI:SSXFF'),'Windows 10 / 11');
Insert into SYSTEM.VISIT_LOG (VISIT_ID,IP_ADDRESS,USER_AGENT_BROWSER,REFERER,ACCESS_TIME,USER_AGENT_WINDOWS) values (684,'0:0:0:0:0:0:0:1','Chrome/135.0.0.0 (Chrome)','http://localhost:8081/product/list.do',to_timestamp('25/04/14 14:20:34.000000000','RR/MM/DD HH24:MI:SSXFF'),'Windows 10 / 11');
Insert into SYSTEM.VISIT_LOG (VISIT_ID,IP_ADDRESS,USER_AGENT_BROWSER,REFERER,ACCESS_TIME,USER_AGENT_WINDOWS) values (687,'0:0:0:0:0:0:0:1','Chrome/135.0.0.0 (Chrome)','http://localhost:8081/main.do',to_timestamp('25/04/14 18:37:29.000000000','RR/MM/DD HH24:MI:SSXFF'),'Windows 10 / 11');
Insert into SYSTEM.VISIT_LOG (VISIT_ID,IP_ADDRESS,USER_AGENT_BROWSER,REFERER,ACCESS_TIME,USER_AGENT_WINDOWS) values (732,'0:0:0:0:0:0:0:1','Edg/135.0.0.0 (Edge)','http://localhost:8081/main.do',to_timestamp('25/04/16 09:53:39.000000000','RR/MM/DD HH24:MI:SSXFF'),'Windows 10 / 11');
Insert into SYSTEM.VISIT_LOG (VISIT_ID,IP_ADDRESS,USER_AGENT_BROWSER,REFERER,ACCESS_TIME,USER_AGENT_WINDOWS) values (733,'0:0:0:0:0:0:0:1','Edg/135.0.0.0 (Edge)','http://localhost:8081/main.do',to_timestamp('25/04/16 10:08:48.000000000','RR/MM/DD HH24:MI:SSXFF'),'Windows 10 / 11');
Insert into SYSTEM.VISIT_LOG (VISIT_ID,IP_ADDRESS,USER_AGENT_BROWSER,REFERER,ACCESS_TIME,USER_AGENT_WINDOWS) values (681,'0:0:0:0:0:0:0:1','Edg/135.0.0.0 (Edge)','http://localhost:8081/main.do',to_timestamp('25/04/14 09:52:44.000000000','RR/MM/DD HH24:MI:SSXFF'),'Windows 10 / 11');
Insert into SYSTEM.VISIT_LOG (VISIT_ID,IP_ADDRESS,USER_AGENT_BROWSER,REFERER,ACCESS_TIME,USER_AGENT_WINDOWS) values (718,'0:0:0:0:0:0:0:1','Edg/135.0.0.0 (Edge)','http://localhost:8081/main.do',to_timestamp('25/04/15 11:11:00.000000000','RR/MM/DD HH24:MI:SSXFF'),'Windows 10 / 11');
Insert into SYSTEM.VISIT_LOG (VISIT_ID,IP_ADDRESS,USER_AGENT_BROWSER,REFERER,ACCESS_TIME,USER_AGENT_WINDOWS) values (723,'0:0:0:0:0:0:0:1','Chrome/135.0.0.0 (Chrome)','http://localhost:8081/main.do',to_timestamp('25/04/15 15:45:27.000000000','RR/MM/DD HH24:MI:SSXFF'),'Windows 10 / 11');
Insert into SYSTEM.VISIT_LOG (VISIT_ID,IP_ADDRESS,USER_AGENT_BROWSER,REFERER,ACCESS_TIME,USER_AGENT_WINDOWS) values (731,'0:0:0:0:0:0:0:1','Edg/135.0.0.0 (Edge)','http://localhost:8081/user/mypage.do',to_timestamp('25/04/16 09:45:29.000000000','RR/MM/DD HH24:MI:SSXFF'),'Windows 10 / 11');
Insert into SYSTEM.VISIT_LOG (VISIT_ID,IP_ADDRESS,USER_AGENT_BROWSER,REFERER,ACCESS_TIME,USER_AGENT_WINDOWS) values (690,'0:0:0:0:0:0:0:1','Chrome/135.0.0.0 (Chrome)','http://localhost:8081/main.do',to_timestamp('25/04/14 21:53:22.000000000','RR/MM/DD HH24:MI:SSXFF'),'Windows 10 / 11');
Insert into SYSTEM.VISIT_LOG (VISIT_ID,IP_ADDRESS,USER_AGENT_BROWSER,REFERER,ACCESS_TIME,USER_AGENT_WINDOWS) values (711,'0:0:0:0:0:0:0:1','Edg/135.0.0.0 (Edge)','http://localhost:8081/user/mypage.do',to_timestamp('25/04/15 09:30:07.000000000','RR/MM/DD HH24:MI:SSXFF'),'Windows 10 / 11');
Insert into SYSTEM.VISIT_LOG (VISIT_ID,IP_ADDRESS,USER_AGENT_BROWSER,REFERER,ACCESS_TIME,USER_AGENT_WINDOWS) values (712,'0:0:0:0:0:0:0:1','Edg/135.0.0.0 (Edge)','http://localhost:8081/main.do',to_timestamp('25/04/15 09:44:50.000000000','RR/MM/DD HH24:MI:SSXFF'),'Windows 10 / 11');
Insert into SYSTEM.VISIT_LOG (VISIT_ID,IP_ADDRESS,USER_AGENT_BROWSER,REFERER,ACCESS_TIME,USER_AGENT_WINDOWS) values (713,'0:0:0:0:0:0:0:1','Chrome/135.0.0.0 (Chrome)','http://localhost:8081/main.do',to_timestamp('25/04/15 09:53:34.000000000','RR/MM/DD HH24:MI:SSXFF'),'Windows 10 / 11');
Insert into SYSTEM.VISIT_LOG (VISIT_ID,IP_ADDRESS,USER_AGENT_BROWSER,REFERER,ACCESS_TIME,USER_AGENT_WINDOWS) values (716,'0:0:0:0:0:0:0:1','Edg/135.0.0.0 (Edge)','http://localhost:8081/product/list.do?searchOption=cat',to_timestamp('25/04/15 10:44:47.000000000','RR/MM/DD HH24:MI:SSXFF'),'Windows 10 / 11');
Insert into SYSTEM.VISIT_LOG (VISIT_ID,IP_ADDRESS,USER_AGENT_BROWSER,REFERER,ACCESS_TIME,USER_AGENT_WINDOWS) values (717,'0:0:0:0:0:0:0:1','Edg/135.0.0.0 (Edge)','http://localhost:8081/main.do',to_timestamp('25/04/15 11:08:27.000000000','RR/MM/DD HH24:MI:SSXFF'),'Windows 10 / 11');
Insert into SYSTEM.VISIT_LOG (VISIT_ID,IP_ADDRESS,USER_AGENT_BROWSER,REFERER,ACCESS_TIME,USER_AGENT_WINDOWS) values (724,'0:0:0:0:0:0:0:1','Edg/135.0.0.0 (Edge)','http://localhost:8081/partner/info.do',to_timestamp('25/04/15 16:01:34.000000000','RR/MM/DD HH24:MI:SSXFF'),'Windows 10 / 11');
Insert into SYSTEM.VISIT_LOG (VISIT_ID,IP_ADDRESS,USER_AGENT_BROWSER,REFERER,ACCESS_TIME,USER_AGENT_WINDOWS) values (677,'0:0:0:0:0:0:0:1','Edg/135.0.0.0 (Edge)','http://localhost:8081/main.do',to_timestamp('25/04/14 09:47:00.000000000','RR/MM/DD HH24:MI:SSXFF'),'Windows 10 / 11');
Insert into SYSTEM.VISIT_LOG (VISIT_ID,IP_ADDRESS,USER_AGENT_BROWSER,REFERER,ACCESS_TIME,USER_AGENT_WINDOWS) values (679,'0:0:0:0:0:0:0:1','Edg/135.0.0.0 (Edge)','http://localhost:8081/main.do',to_timestamp('25/04/14 09:49:21.000000000','RR/MM/DD HH24:MI:SSXFF'),'Windows 10 / 11');
Insert into SYSTEM.VISIT_LOG (VISIT_ID,IP_ADDRESS,USER_AGENT_BROWSER,REFERER,ACCESS_TIME,USER_AGENT_WINDOWS) values (688,'0:0:0:0:0:0:0:1','Chrome/135.0.0.0 (Chrome)','http://localhost:8081/main.do',to_timestamp('25/04/14 18:37:29.000000000','RR/MM/DD HH24:MI:SSXFF'),'Windows 10 / 11');
Insert into SYSTEM.VISIT_LOG (VISIT_ID,IP_ADDRESS,USER_AGENT_BROWSER,REFERER,ACCESS_TIME,USER_AGENT_WINDOWS) values (719,'0:0:0:0:0:0:0:1','Chrome/135.0.0.0 (Chrome)','http://localhost:8081/main.do',to_timestamp('25/04/15 14:11:01.000000000','RR/MM/DD HH24:MI:SSXFF'),'Windows 10 / 11');
Insert into SYSTEM.VISIT_LOG (VISIT_ID,IP_ADDRESS,USER_AGENT_BROWSER,REFERER,ACCESS_TIME,USER_AGENT_WINDOWS) values (730,'0:0:0:0:0:0:0:1','Edg/135.0.0.0 (Edge)','http://localhost:8081/main.do',to_timestamp('25/04/16 09:42:17.000000000','RR/MM/DD HH24:MI:SSXFF'),'Windows 10 / 11');
--------------------------------------------------------
--  DDL for Index ANIMAL_HOSPITAL_INFO_PK
--------------------------------------------------------

  CREATE UNIQUE INDEX "SYSTEM"."ANIMAL_HOSPITAL_INFO_PK" ON "SYSTEM"."ANIMAL_HOSPITAL_INFO" ("HOSPITAL_NO") 
  PCTFREE 10 INITRANS 2 MAXTRANS 255 COMPUTE STATISTICS 
  STORAGE(INITIAL 65536 NEXT 1048576 MINEXTENTS 1 MAXEXTENTS 2147483645
  PCTINCREASE 0 FREELISTS 1 FREELIST GROUPS 1
  BUFFER_POOL DEFAULT FLASH_CACHE DEFAULT CELL_FLASH_CACHE DEFAULT)
  TABLESPACE "USERS" ;
--------------------------------------------------------
--  DDL for Index CATEGORY_MENU_PK
--------------------------------------------------------

  CREATE UNIQUE INDEX "SYSTEM"."CATEGORY_MENU_PK" ON "SYSTEM"."CATEGORY_MENU" ("CATEGORY_ID") 
  PCTFREE 10 INITRANS 2 MAXTRANS 255 COMPUTE STATISTICS 
  STORAGE(INITIAL 65536 NEXT 1048576 MINEXTENTS 1 MAXEXTENTS 2147483645
  PCTINCREASE 0 FREELISTS 1 FREELIST GROUPS 1
  BUFFER_POOL DEFAULT FLASH_CACHE DEFAULT CELL_FLASH_CACHE DEFAULT)
  TABLESPACE "USERS" ;
--------------------------------------------------------
--  DDL for Index IDX_DONATION_DATE_YEAR
--------------------------------------------------------

  CREATE INDEX "SYSTEM"."IDX_DONATION_DATE_YEAR" ON "SYSTEM"."DONATION_HISTORY" (EXTRACT(YEAR FROM "DONATION_DATE")) 
  PCTFREE 10 INITRANS 2 MAXTRANS 255 COMPUTE STATISTICS 
  STORAGE(INITIAL 65536 NEXT 1048576 MINEXTENTS 1 MAXEXTENTS 2147483645
  PCTINCREASE 0 FREELISTS 1 FREELIST GROUPS 1
  BUFFER_POOL DEFAULT FLASH_CACHE DEFAULT CELL_FLASH_CACHE DEFAULT)
  TABLESPACE "USERS" ;
--------------------------------------------------------
--  DDL for Index IDX_DONATION_DATE_MONTH
--------------------------------------------------------

  CREATE INDEX "SYSTEM"."IDX_DONATION_DATE_MONTH" ON "SYSTEM"."DONATION_HISTORY" (EXTRACT(MONTH FROM "DONATION_DATE")) 
  PCTFREE 10 INITRANS 2 MAXTRANS 255 COMPUTE STATISTICS 
  STORAGE(INITIAL 65536 NEXT 1048576 MINEXTENTS 1 MAXEXTENTS 2147483645
  PCTINCREASE 0 FREELISTS 1 FREELIST GROUPS 1
  BUFFER_POOL DEFAULT FLASH_CACHE DEFAULT CELL_FLASH_CACHE DEFAULT)
  TABLESPACE "USERS" ;
--------------------------------------------------------
--  DDL for Index IDX_DONATION_DATE_HOUR
--------------------------------------------------------

  CREATE INDEX "SYSTEM"."IDX_DONATION_DATE_HOUR" ON "SYSTEM"."DONATION_HISTORY" (EXTRACT(HOUR FROM "DONATION_DATE")) 
  PCTFREE 10 INITRANS 2 MAXTRANS 255 COMPUTE STATISTICS 
  STORAGE(INITIAL 65536 NEXT 1048576 MINEXTENTS 1 MAXEXTENTS 2147483645
  PCTINCREASE 0 FREELISTS 1 FREELIST GROUPS 1
  BUFFER_POOL DEFAULT FLASH_CACHE DEFAULT CELL_FLASH_CACHE DEFAULT)
  TABLESPACE "USERS" ;
--------------------------------------------------------
--  DDL for Index FREE_BOARD_PK
--------------------------------------------------------

  CREATE UNIQUE INDEX "SYSTEM"."FREE_BOARD_PK" ON "SYSTEM"."FREE_BOARD" ("BOARD_ID") 
  PCTFREE 10 INITRANS 2 MAXTRANS 255 COMPUTE STATISTICS 
  STORAGE(INITIAL 65536 NEXT 1048576 MINEXTENTS 1 MAXEXTENTS 2147483645
  PCTINCREASE 0 FREELISTS 1 FREELIST GROUPS 1
  BUFFER_POOL DEFAULT FLASH_CACHE DEFAULT CELL_FLASH_CACHE DEFAULT)
  TABLESPACE "USERS" ;
--------------------------------------------------------
--  DDL for Index IDX_FREE_BOARD_USERID
--------------------------------------------------------

  CREATE INDEX "SYSTEM"."IDX_FREE_BOARD_USERID" ON "SYSTEM"."FREE_BOARD" ("USER_ID") 
  PCTFREE 10 INITRANS 2 MAXTRANS 255 COMPUTE STATISTICS 
  STORAGE(INITIAL 65536 NEXT 1048576 MINEXTENTS 1 MAXEXTENTS 2147483645
  PCTINCREASE 0 FREELISTS 1 FREELIST GROUPS 1
  BUFFER_POOL DEFAULT FLASH_CACHE DEFAULT CELL_FLASH_CACHE DEFAULT)
  TABLESPACE "USERS" ;
--------------------------------------------------------
--  DDL for Index IDX_FREE_BOARD_CATEGORY
--------------------------------------------------------

  CREATE INDEX "SYSTEM"."IDX_FREE_BOARD_CATEGORY" ON "SYSTEM"."FREE_BOARD" ("CATEGORY") 
  PCTFREE 10 INITRANS 2 MAXTRANS 255 COMPUTE STATISTICS 
  STORAGE(INITIAL 65536 NEXT 1048576 MINEXTENTS 1 MAXEXTENTS 2147483645
  PCTINCREASE 0 FREELISTS 1 FREELIST GROUPS 1
  BUFFER_POOL DEFAULT FLASH_CACHE DEFAULT CELL_FLASH_CACHE DEFAULT)
  TABLESPACE "USERS" ;
--------------------------------------------------------
--  DDL for Index IDX_FREE_BOARD_UPDATED_AT
--------------------------------------------------------

  CREATE INDEX "SYSTEM"."IDX_FREE_BOARD_UPDATED_AT" ON "SYSTEM"."FREE_BOARD" ("UPDATED_AT") 
  PCTFREE 10 INITRANS 2 MAXTRANS 255 COMPUTE STATISTICS 
  STORAGE(INITIAL 65536 NEXT 1048576 MINEXTENTS 1 MAXEXTENTS 2147483645
  PCTINCREASE 0 FREELISTS 1 FREELIST GROUPS 1
  BUFFER_POOL DEFAULT FLASH_CACHE DEFAULT CELL_FLASH_CACHE DEFAULT)
  TABLESPACE "USERS" ;
--------------------------------------------------------
--  DDL for Index FREE_BOARD_COMMENT_PK
--------------------------------------------------------

  CREATE UNIQUE INDEX "SYSTEM"."FREE_BOARD_COMMENT_PK" ON "SYSTEM"."FREE_BOARD_COMMENT" ("COMMENT_ID") 
  PCTFREE 10 INITRANS 2 MAXTRANS 255 COMPUTE STATISTICS 
  STORAGE(INITIAL 65536 NEXT 1048576 MINEXTENTS 1 MAXEXTENTS 2147483645
  PCTINCREASE 0 FREELISTS 1 FREELIST GROUPS 1
  BUFFER_POOL DEFAULT FLASH_CACHE DEFAULT CELL_FLASH_CACHE DEFAULT)
  TABLESPACE "USERS" ;
--------------------------------------------------------
--  DDL for Index IDX_COMMENT_BOARD_ID
--------------------------------------------------------

  CREATE INDEX "SYSTEM"."IDX_COMMENT_BOARD_ID" ON "SYSTEM"."FREE_BOARD_COMMENT" ("BOARD_ID") 
  PCTFREE 10 INITRANS 2 MAXTRANS 255 COMPUTE STATISTICS 
  STORAGE(INITIAL 65536 NEXT 1048576 MINEXTENTS 1 MAXEXTENTS 2147483645
  PCTINCREASE 0 FREELISTS 1 FREELIST GROUPS 1
  BUFFER_POOL DEFAULT FLASH_CACHE DEFAULT CELL_FLASH_CACHE DEFAULT)
  TABLESPACE "USERS" ;
--------------------------------------------------------
--  DDL for Index IDX_COMMENT_USER_ID
--------------------------------------------------------

  CREATE INDEX "SYSTEM"."IDX_COMMENT_USER_ID" ON "SYSTEM"."FREE_BOARD_COMMENT" ("USER_ID") 
  PCTFREE 10 INITRANS 2 MAXTRANS 255 COMPUTE STATISTICS 
  STORAGE(INITIAL 65536 NEXT 1048576 MINEXTENTS 1 MAXEXTENTS 2147483645
  PCTINCREASE 0 FREELISTS 1 FREELIST GROUPS 1
  BUFFER_POOL DEFAULT FLASH_CACHE DEFAULT CELL_FLASH_CACHE DEFAULT)
  TABLESPACE "USERS" ;
--------------------------------------------------------
--  DDL for Index IDX_COMMENT_UPDATED_AT
--------------------------------------------------------

  CREATE INDEX "SYSTEM"."IDX_COMMENT_UPDATED_AT" ON "SYSTEM"."FREE_BOARD_COMMENT" ("UPDATED_AT") 
  PCTFREE 10 INITRANS 2 MAXTRANS 255 COMPUTE STATISTICS 
  STORAGE(INITIAL 65536 NEXT 1048576 MINEXTENTS 1 MAXEXTENTS 2147483645
  PCTINCREASE 0 FREELISTS 1 FREELIST GROUPS 1
  BUFFER_POOL DEFAULT FLASH_CACHE DEFAULT CELL_FLASH_CACHE DEFAULT)
  TABLESPACE "USERS" ;
--------------------------------------------------------
--  DDL for Index IDX_MEMBERSHIP_EXPIRATION_USERID
--------------------------------------------------------

  CREATE INDEX "SYSTEM"."IDX_MEMBERSHIP_EXPIRATION_USERID" ON "SYSTEM"."MEMBERSHIP" ("EXPIRATION_DATE", "USER_ID") 
  PCTFREE 10 INITRANS 2 MAXTRANS 255 COMPUTE STATISTICS 
  STORAGE(INITIAL 65536 NEXT 1048576 MINEXTENTS 1 MAXEXTENTS 2147483645
  PCTINCREASE 0 FREELISTS 1 FREELIST GROUPS 1
  BUFFER_POOL DEFAULT FLASH_CACHE DEFAULT CELL_FLASH_CACHE DEFAULT)
  TABLESPACE "USERS" ;
--------------------------------------------------------
--  DDL for Index IDX_MEMBERSHIP_SEARCH
--------------------------------------------------------

  CREATE INDEX "SYSTEM"."IDX_MEMBERSHIP_SEARCH" ON "SYSTEM"."MEMBERSHIP" ("USER_ID", "MEMBERSHIP_TYPE") 
  PCTFREE 10 INITRANS 2 MAXTRANS 255 COMPUTE STATISTICS 
  STORAGE(INITIAL 65536 NEXT 1048576 MINEXTENTS 1 MAXEXTENTS 2147483645
  PCTINCREASE 0 FREELISTS 1 FREELIST GROUPS 1
  BUFFER_POOL DEFAULT FLASH_CACHE DEFAULT CELL_FLASH_CACHE DEFAULT)
  TABLESPACE "USERS" ;
--------------------------------------------------------
--  DDL for Index IDX_MEMBERSHIP_VALID
--------------------------------------------------------

  CREATE INDEX "SYSTEM"."IDX_MEMBERSHIP_VALID" ON "SYSTEM"."MEMBERSHIP" ("EXPIRATION_DATE", "IS_CANCELED") 
  PCTFREE 10 INITRANS 2 MAXTRANS 255 COMPUTE STATISTICS 
  STORAGE(INITIAL 65536 NEXT 1048576 MINEXTENTS 1 MAXEXTENTS 2147483645
  PCTINCREASE 0 FREELISTS 1 FREELIST GROUPS 1
  BUFFER_POOL DEFAULT FLASH_CACHE DEFAULT CELL_FLASH_CACHE DEFAULT)
  TABLESPACE "USERS" ;
--------------------------------------------------------
--  DDL for Index IDX_MEMBERSHIP_USER_ID
--------------------------------------------------------

  CREATE INDEX "SYSTEM"."IDX_MEMBERSHIP_USER_ID" ON "SYSTEM"."MEMBERSHIP" ("USER_ID") 
  PCTFREE 10 INITRANS 2 MAXTRANS 255 COMPUTE STATISTICS 
  STORAGE(INITIAL 65536 NEXT 1048576 MINEXTENTS 1 MAXEXTENTS 2147483645
  PCTINCREASE 0 FREELISTS 1 FREELIST GROUPS 1
  BUFFER_POOL DEFAULT FLASH_CACHE DEFAULT CELL_FLASH_CACHE DEFAULT)
  TABLESPACE "USERS" ;
--------------------------------------------------------
--  DDL for Index SYS_C006607
--------------------------------------------------------

  CREATE UNIQUE INDEX "SYSTEM"."SYS_C006607" ON "SYSTEM"."NOTIFICATIONS" ("ID") 
  PCTFREE 10 INITRANS 2 MAXTRANS 255 COMPUTE STATISTICS 
  STORAGE(INITIAL 65536 NEXT 1048576 MINEXTENTS 1 MAXEXTENTS 2147483645
  PCTINCREASE 0 FREELISTS 1 FREELIST GROUPS 1
  BUFFER_POOL DEFAULT FLASH_CACHE DEFAULT CELL_FLASH_CACHE DEFAULT)
  TABLESPACE "USERS" ;
--------------------------------------------------------
--  DDL for Index ORDER_DETAILS_PK
--------------------------------------------------------

  CREATE UNIQUE INDEX "SYSTEM"."ORDER_DETAILS_PK" ON "SYSTEM"."ORDER_DETAILS" ("ORDER_DETAIL_ID") 
  PCTFREE 10 INITRANS 2 MAXTRANS 255 COMPUTE STATISTICS 
  STORAGE(INITIAL 65536 NEXT 1048576 MINEXTENTS 1 MAXEXTENTS 2147483645
  PCTINCREASE 0 FREELISTS 1 FREELIST GROUPS 1
  BUFFER_POOL DEFAULT FLASH_CACHE DEFAULT CELL_FLASH_CACHE DEFAULT)
  TABLESPACE "USERS" ;
--------------------------------------------------------
--  DDL for Index IDX_ORDER_DETAILS_ORDER_ID
--------------------------------------------------------

  CREATE INDEX "SYSTEM"."IDX_ORDER_DETAILS_ORDER_ID" ON "SYSTEM"."ORDER_DETAILS" ("ORDER_ID") 
  PCTFREE 10 INITRANS 2 MAXTRANS 255 COMPUTE STATISTICS 
  STORAGE(INITIAL 65536 NEXT 1048576 MINEXTENTS 1 MAXEXTENTS 2147483645
  PCTINCREASE 0 FREELISTS 1 FREELIST GROUPS 1
  BUFFER_POOL DEFAULT FLASH_CACHE DEFAULT CELL_FLASH_CACHE DEFAULT)
  TABLESPACE "USERS" ;
--------------------------------------------------------
--  DDL for Index IDX_ORDERDETAILS_ORDER
--------------------------------------------------------

  CREATE INDEX "SYSTEM"."IDX_ORDERDETAILS_ORDER" ON "SYSTEM"."ORDER_DETAILS" ("ORDER_ID", "PRODUCT_ID") 
  PCTFREE 10 INITRANS 2 MAXTRANS 255 COMPUTE STATISTICS 
  STORAGE(INITIAL 65536 NEXT 1048576 MINEXTENTS 1 MAXEXTENTS 2147483645
  PCTINCREASE 0 FREELISTS 1 FREELIST GROUPS 1
  BUFFER_POOL DEFAULT FLASH_CACHE DEFAULT CELL_FLASH_CACHE DEFAULT)
  TABLESPACE "USERS" ;
--------------------------------------------------------
--  DDL for Index IDX_ORDERS_SEARCH
--------------------------------------------------------

  CREATE INDEX "SYSTEM"."IDX_ORDERS_SEARCH" ON "SYSTEM"."ORDERS" ("USER_ID", "RECEIVER_PHONE") 
  PCTFREE 10 INITRANS 2 MAXTRANS 255 COMPUTE STATISTICS 
  STORAGE(INITIAL 65536 NEXT 1048576 MINEXTENTS 1 MAXEXTENTS 2147483645
  PCTINCREASE 0 FREELISTS 1 FREELIST GROUPS 1
  BUFFER_POOL DEFAULT FLASH_CACHE DEFAULT CELL_FLASH_CACHE DEFAULT)
  TABLESPACE "USERS" ;
--------------------------------------------------------
--  DDL for Index IDX_ORDERS_DATE
--------------------------------------------------------

  CREATE INDEX "SYSTEM"."IDX_ORDERS_DATE" ON "SYSTEM"."ORDERS" ("ORDER_ID" DESC) 
  PCTFREE 10 INITRANS 2 MAXTRANS 255 COMPUTE STATISTICS 
  STORAGE(INITIAL 65536 NEXT 1048576 MINEXTENTS 1 MAXEXTENTS 2147483645
  PCTINCREASE 0 FREELISTS 1 FREELIST GROUPS 1
  BUFFER_POOL DEFAULT FLASH_CACHE DEFAULT CELL_FLASH_CACHE DEFAULT)
  TABLESPACE "USERS" ;
--------------------------------------------------------
--  DDL for Index ORDERS_PK
--------------------------------------------------------

  CREATE UNIQUE INDEX "SYSTEM"."ORDERS_PK" ON "SYSTEM"."ORDERS" ("ORDER_ID") 
  PCTFREE 10 INITRANS 2 MAXTRANS 255 COMPUTE STATISTICS 
  STORAGE(INITIAL 65536 NEXT 1048576 MINEXTENTS 1 MAXEXTENTS 2147483645
  PCTINCREASE 0 FREELISTS 1 FREELIST GROUPS 1
  BUFFER_POOL DEFAULT FLASH_CACHE DEFAULT CELL_FLASH_CACHE DEFAULT)
  TABLESPACE "USERS" ;
--------------------------------------------------------
--  DDL for Index IDX_PARTNER_SEARCH
--------------------------------------------------------

  CREATE INDEX "SYSTEM"."IDX_PARTNER_SEARCH" ON "SYSTEM"."PARTNER_DETAIL" ("NAME", "ADDRESS") 
  PCTFREE 10 INITRANS 2 MAXTRANS 255 COMPUTE STATISTICS 
  STORAGE(INITIAL 65536 NEXT 1048576 MINEXTENTS 1 MAXEXTENTS 2147483645
  PCTINCREASE 0 FREELISTS 1 FREELIST GROUPS 1
  BUFFER_POOL DEFAULT FLASH_CACHE DEFAULT CELL_FLASH_CACHE DEFAULT)
  TABLESPACE "USERS" ;
--------------------------------------------------------
--  DDL for Index IDX_PAYMENT_DATE_YEAR
--------------------------------------------------------

  CREATE INDEX "SYSTEM"."IDX_PAYMENT_DATE_YEAR" ON "SYSTEM"."PAYMENT" (EXTRACT(YEAR FROM "PAYMENT_DATE")) 
  PCTFREE 10 INITRANS 2 MAXTRANS 255 COMPUTE STATISTICS 
  STORAGE(INITIAL 65536 NEXT 1048576 MINEXTENTS 1 MAXEXTENTS 2147483645
  PCTINCREASE 0 FREELISTS 1 FREELIST GROUPS 1
  BUFFER_POOL DEFAULT FLASH_CACHE DEFAULT CELL_FLASH_CACHE DEFAULT)
  TABLESPACE "USERS" ;
--------------------------------------------------------
--  DDL for Index IDX_PAYMENT_DATE_MONTH
--------------------------------------------------------

  CREATE INDEX "SYSTEM"."IDX_PAYMENT_DATE_MONTH" ON "SYSTEM"."PAYMENT" (EXTRACT(MONTH FROM "PAYMENT_DATE")) 
  PCTFREE 10 INITRANS 2 MAXTRANS 255 COMPUTE STATISTICS 
  STORAGE(INITIAL 65536 NEXT 1048576 MINEXTENTS 1 MAXEXTENTS 2147483645
  PCTINCREASE 0 FREELISTS 1 FREELIST GROUPS 1
  BUFFER_POOL DEFAULT FLASH_CACHE DEFAULT CELL_FLASH_CACHE DEFAULT)
  TABLESPACE "USERS" ;
--------------------------------------------------------
--  DDL for Index IDX_PAYMENT_DATE_HOUR
--------------------------------------------------------

  CREATE INDEX "SYSTEM"."IDX_PAYMENT_DATE_HOUR" ON "SYSTEM"."PAYMENT" (EXTRACT(HOUR FROM "PAYMENT_DATE")) 
  PCTFREE 10 INITRANS 2 MAXTRANS 255 COMPUTE STATISTICS 
  STORAGE(INITIAL 65536 NEXT 1048576 MINEXTENTS 1 MAXEXTENTS 2147483645
  PCTINCREASE 0 FREELISTS 1 FREELIST GROUPS 1
  BUFFER_POOL DEFAULT FLASH_CACHE DEFAULT CELL_FLASH_CACHE DEFAULT)
  TABLESPACE "USERS" ;
--------------------------------------------------------
--  DDL for Index IDX_PAYMENT_USER_ID
--------------------------------------------------------

  CREATE INDEX "SYSTEM"."IDX_PAYMENT_USER_ID" ON "SYSTEM"."PAYMENT" ("USER_ID") 
  PCTFREE 10 INITRANS 2 MAXTRANS 255 COMPUTE STATISTICS 
  STORAGE(INITIAL 65536 NEXT 1048576 MINEXTENTS 1 MAXEXTENTS 2147483645
  PCTINCREASE 0 FREELISTS 1 FREELIST GROUPS 1
  BUFFER_POOL DEFAULT FLASH_CACHE DEFAULT CELL_FLASH_CACHE DEFAULT)
  TABLESPACE "USERS" ;
--------------------------------------------------------
--  DDL for Index IDX_PRODUCT_SEARCH
--------------------------------------------------------

  CREATE INDEX "SYSTEM"."IDX_PRODUCT_SEARCH" ON "SYSTEM"."PRODUCT" ("PRODUCT_NAME", "CATEGORY_ID", "PRODUCT_CODE") 
  PCTFREE 10 INITRANS 2 MAXTRANS 255 COMPUTE STATISTICS 
  STORAGE(INITIAL 65536 NEXT 1048576 MINEXTENTS 1 MAXEXTENTS 2147483645
  PCTINCREASE 0 FREELISTS 1 FREELIST GROUPS 1
  BUFFER_POOL DEFAULT FLASH_CACHE DEFAULT CELL_FLASH_CACHE DEFAULT)
  TABLESPACE "USERS" ;
--------------------------------------------------------
--  DDL for Index IDX_PRODUCT_DELETE_YN
--------------------------------------------------------

  CREATE INDEX "SYSTEM"."IDX_PRODUCT_DELETE_YN" ON "SYSTEM"."PRODUCT" ("DELETE_YN") 
  PCTFREE 10 INITRANS 2 MAXTRANS 255 COMPUTE STATISTICS 
  STORAGE(INITIAL 65536 NEXT 1048576 MINEXTENTS 1 MAXEXTENTS 2147483645
  PCTINCREASE 0 FREELISTS 1 FREELIST GROUPS 1
  BUFFER_POOL DEFAULT FLASH_CACHE DEFAULT CELL_FLASH_CACHE DEFAULT)
  TABLESPACE "USERS" ;
--------------------------------------------------------
--  DDL for Index IDX_PRODUCT_REGISTRATION_DATE
--------------------------------------------------------

  CREATE INDEX "SYSTEM"."IDX_PRODUCT_REGISTRATION_DATE" ON "SYSTEM"."PRODUCT" ("REGISTRATION_DATE") 
  PCTFREE 10 INITRANS 2 MAXTRANS 255 COMPUTE STATISTICS 
  STORAGE(INITIAL 65536 NEXT 1048576 MINEXTENTS 1 MAXEXTENTS 2147483645
  PCTINCREASE 0 FREELISTS 1 FREELIST GROUPS 1
  BUFFER_POOL DEFAULT FLASH_CACHE DEFAULT CELL_FLASH_CACHE DEFAULT)
  TABLESPACE "USERS" ;
--------------------------------------------------------
--  DDL for Index PRODUCT_PK
--------------------------------------------------------

  CREATE UNIQUE INDEX "SYSTEM"."PRODUCT_PK" ON "SYSTEM"."PRODUCT" ("PRODUCT_ID") 
  PCTFREE 10 INITRANS 2 MAXTRANS 255 COMPUTE STATISTICS 
  STORAGE(INITIAL 65536 NEXT 1048576 MINEXTENTS 1 MAXEXTENTS 2147483645
  PCTINCREASE 0 FREELISTS 1 FREELIST GROUPS 1
  BUFFER_POOL DEFAULT FLASH_CACHE DEFAULT CELL_FLASH_CACHE DEFAULT)
  TABLESPACE "USERS" ;
--------------------------------------------------------
--  DDL for Index IDX_PRODUCT_REGDATE_YEAR
--------------------------------------------------------

  CREATE INDEX "SYSTEM"."IDX_PRODUCT_REGDATE_YEAR" ON "SYSTEM"."PRODUCT" (EXTRACT(YEAR FROM "REGISTRATION_DATE")) 
  PCTFREE 10 INITRANS 2 MAXTRANS 255 COMPUTE STATISTICS 
  STORAGE(INITIAL 65536 NEXT 1048576 MINEXTENTS 1 MAXEXTENTS 2147483645
  PCTINCREASE 0 FREELISTS 1 FREELIST GROUPS 1
  BUFFER_POOL DEFAULT FLASH_CACHE DEFAULT CELL_FLASH_CACHE DEFAULT)
  TABLESPACE "USERS" ;
--------------------------------------------------------
--  DDL for Index IDX_PRODUCT_REGDATE_MONTH
--------------------------------------------------------

  CREATE INDEX "SYSTEM"."IDX_PRODUCT_REGDATE_MONTH" ON "SYSTEM"."PRODUCT" (EXTRACT(MONTH FROM "REGISTRATION_DATE")) 
  PCTFREE 10 INITRANS 2 MAXTRANS 255 COMPUTE STATISTICS 
  STORAGE(INITIAL 65536 NEXT 1048576 MINEXTENTS 1 MAXEXTENTS 2147483645
  PCTINCREASE 0 FREELISTS 1 FREELIST GROUPS 1
  BUFFER_POOL DEFAULT FLASH_CACHE DEFAULT CELL_FLASH_CACHE DEFAULT)
  TABLESPACE "USERS" ;
--------------------------------------------------------
--  DDL for Index IDX_PRODUCT_REGDATE_HOUR
--------------------------------------------------------

  CREATE INDEX "SYSTEM"."IDX_PRODUCT_REGDATE_HOUR" ON "SYSTEM"."PRODUCT" (EXTRACT(HOUR FROM "REGISTRATION_DATE")) 
  PCTFREE 10 INITRANS 2 MAXTRANS 255 COMPUTE STATISTICS 
  STORAGE(INITIAL 65536 NEXT 1048576 MINEXTENTS 1 MAXEXTENTS 2147483645
  PCTINCREASE 0 FREELISTS 1 FREELIST GROUPS 1
  BUFFER_POOL DEFAULT FLASH_CACHE DEFAULT CELL_FLASH_CACHE DEFAULT)
  TABLESPACE "USERS" ;
--------------------------------------------------------
--  DDL for Index IDX_PRODUCT_FILE_THUMB
--------------------------------------------------------

  CREATE INDEX "SYSTEM"."IDX_PRODUCT_FILE_THUMB" ON "SYSTEM"."PRODUCT_FILE" ("THUMBNAIL", "PRODUCT_ID") 
  PCTFREE 10 INITRANS 2 MAXTRANS 255 COMPUTE STATISTICS 
  STORAGE(INITIAL 65536 NEXT 1048576 MINEXTENTS 1 MAXEXTENTS 2147483645
  PCTINCREASE 0 FREELISTS 1 FREELIST GROUPS 1
  BUFFER_POOL DEFAULT FLASH_CACHE DEFAULT CELL_FLASH_CACHE DEFAULT)
  TABLESPACE "USERS" ;
--------------------------------------------------------
--  DDL for Index IDX_PRODUCT_FILE_ID
--------------------------------------------------------

  CREATE INDEX "SYSTEM"."IDX_PRODUCT_FILE_ID" ON "SYSTEM"."PRODUCT_FILE" ("FILE_ID", "PRODUCT_ID") 
  PCTFREE 10 INITRANS 2 MAXTRANS 255 COMPUTE STATISTICS 
  STORAGE(INITIAL 65536 NEXT 1048576 MINEXTENTS 1 MAXEXTENTS 2147483645
  PCTINCREASE 0 FREELISTS 1 FREELIST GROUPS 1
  BUFFER_POOL DEFAULT FLASH_CACHE DEFAULT CELL_FLASH_CACHE DEFAULT)
  TABLESPACE "USERS" ;
--------------------------------------------------------
--  DDL for Index SYS_C006383
--------------------------------------------------------

  CREATE UNIQUE INDEX "SYSTEM"."SYS_C006383" ON "SYSTEM"."PRODUCT_FILE" ("FILE_ID") 
  PCTFREE 10 INITRANS 2 MAXTRANS 255 COMPUTE STATISTICS 
  STORAGE(INITIAL 65536 NEXT 1048576 MINEXTENTS 1 MAXEXTENTS 2147483645
  PCTINCREASE 0 FREELISTS 1 FREELIST GROUPS 1
  BUFFER_POOL DEFAULT FLASH_CACHE DEFAULT CELL_FLASH_CACHE DEFAULT)
  TABLESPACE "USERS" ;
--------------------------------------------------------
--  DDL for Index SYS_C006476
--------------------------------------------------------

  CREATE UNIQUE INDEX "SYSTEM"."SYS_C006476" ON "SYSTEM"."PRODUCT_QNA" ("QNA_ID") 
  PCTFREE 10 INITRANS 2 MAXTRANS 255 COMPUTE STATISTICS 
  STORAGE(INITIAL 65536 NEXT 1048576 MINEXTENTS 1 MAXEXTENTS 2147483645
  PCTINCREASE 0 FREELISTS 1 FREELIST GROUPS 1
  BUFFER_POOL DEFAULT FLASH_CACHE DEFAULT CELL_FLASH_CACHE DEFAULT)
  TABLESPACE "USERS" ;
--------------------------------------------------------
--  DDL for Index SYS_C006454
--------------------------------------------------------

  CREATE UNIQUE INDEX "SYSTEM"."SYS_C006454" ON "SYSTEM"."REVIEW_FILE" ("FILENO") 
  PCTFREE 10 INITRANS 2 MAXTRANS 255 COMPUTE STATISTICS 
  STORAGE(INITIAL 65536 NEXT 1048576 MINEXTENTS 1 MAXEXTENTS 2147483645
  PCTINCREASE 0 FREELISTS 1 FREELIST GROUPS 1
  BUFFER_POOL DEFAULT FLASH_CACHE DEFAULT CELL_FLASH_CACHE DEFAULT)
  TABLESPACE "USERS" ;
--------------------------------------------------------
--  DDL for Index SYS_C006622
--------------------------------------------------------

  CREATE UNIQUE INDEX "SYSTEM"."SYS_C006622" ON "SYSTEM"."REVIEW_HELP_LOG" ("REVIEW_ID", "USER_ID") 
  PCTFREE 10 INITRANS 2 MAXTRANS 255 COMPUTE STATISTICS 
  STORAGE(INITIAL 65536 NEXT 1048576 MINEXTENTS 1 MAXEXTENTS 2147483645
  PCTINCREASE 0 FREELISTS 1 FREELIST GROUPS 1
  BUFFER_POOL DEFAULT FLASH_CACHE DEFAULT CELL_FLASH_CACHE DEFAULT)
  TABLESPACE "USERS" ;
--------------------------------------------------------
--  DDL for Index IDX_SEARCH_HISTORY_USERID
--------------------------------------------------------

  CREATE INDEX "SYSTEM"."IDX_SEARCH_HISTORY_USERID" ON "SYSTEM"."SEARCH_HISTORY" ("USER_ID") 
  PCTFREE 10 INITRANS 2 MAXTRANS 255 COMPUTE STATISTICS 
  STORAGE(INITIAL 65536 NEXT 1048576 MINEXTENTS 1 MAXEXTENTS 2147483645
  PCTINCREASE 0 FREELISTS 1 FREELIST GROUPS 1
  BUFFER_POOL DEFAULT FLASH_CACHE DEFAULT CELL_FLASH_CACHE DEFAULT)
  TABLESPACE "USERS" ;
--------------------------------------------------------
--  DDL for Index IDX_SEARCH_HISTORY_DATE_YEAR
--------------------------------------------------------

  CREATE INDEX "SYSTEM"."IDX_SEARCH_HISTORY_DATE_YEAR" ON "SYSTEM"."SEARCH_HISTORY" (EXTRACT(YEAR FROM "SEARCHED_AT")) 
  PCTFREE 10 INITRANS 2 MAXTRANS 255 COMPUTE STATISTICS 
  STORAGE(INITIAL 65536 NEXT 1048576 MINEXTENTS 1 MAXEXTENTS 2147483645
  PCTINCREASE 0 FREELISTS 1 FREELIST GROUPS 1
  BUFFER_POOL DEFAULT FLASH_CACHE DEFAULT CELL_FLASH_CACHE DEFAULT)
  TABLESPACE "USERS" ;
--------------------------------------------------------
--  DDL for Index IDX_SEARCH_HISTORY_DATE_MONTH
--------------------------------------------------------

  CREATE INDEX "SYSTEM"."IDX_SEARCH_HISTORY_DATE_MONTH" ON "SYSTEM"."SEARCH_HISTORY" (EXTRACT(MONTH FROM "SEARCHED_AT")) 
  PCTFREE 10 INITRANS 2 MAXTRANS 255 COMPUTE STATISTICS 
  STORAGE(INITIAL 65536 NEXT 1048576 MINEXTENTS 1 MAXEXTENTS 2147483645
  PCTINCREASE 0 FREELISTS 1 FREELIST GROUPS 1
  BUFFER_POOL DEFAULT FLASH_CACHE DEFAULT CELL_FLASH_CACHE DEFAULT)
  TABLESPACE "USERS" ;
--------------------------------------------------------
--  DDL for Index IDX_SEARCH_HISTORY_DATE_HOUR
--------------------------------------------------------

  CREATE INDEX "SYSTEM"."IDX_SEARCH_HISTORY_DATE_HOUR" ON "SYSTEM"."SEARCH_HISTORY" (EXTRACT(HOUR FROM "SEARCHED_AT")) 
  PCTFREE 10 INITRANS 2 MAXTRANS 255 COMPUTE STATISTICS 
  STORAGE(INITIAL 65536 NEXT 1048576 MINEXTENTS 1 MAXEXTENTS 2147483645
  PCTINCREASE 0 FREELISTS 1 FREELIST GROUPS 1
  BUFFER_POOL DEFAULT FLASH_CACHE DEFAULT CELL_FLASH_CACHE DEFAULT)
  TABLESPACE "USERS" ;
--------------------------------------------------------
--  DDL for Index SYS_C006462
--------------------------------------------------------

  CREATE UNIQUE INDEX "SYSTEM"."SYS_C006462" ON "SYSTEM"."SEARCH_HISTORY" ("ID") 
  PCTFREE 10 INITRANS 2 MAXTRANS 255 COMPUTE STATISTICS 
  STORAGE(INITIAL 65536 NEXT 1048576 MINEXTENTS 1 MAXEXTENTS 2147483645
  PCTINCREASE 0 FREELISTS 1 FREELIST GROUPS 1
  BUFFER_POOL DEFAULT FLASH_CACHE DEFAULT CELL_FLASH_CACHE DEFAULT)
  TABLESPACE "USERS" ;
--------------------------------------------------------
--  DDL for Index IDX_USERS_SEARCH
--------------------------------------------------------

  CREATE INDEX "SYSTEM"."IDX_USERS_SEARCH" ON "SYSTEM"."USERS" ("USER_ID", "USERNAME", "EMAIL", "ADDRESS") 
  PCTFREE 10 INITRANS 2 MAXTRANS 255 COMPUTE STATISTICS 
  STORAGE(INITIAL 65536 NEXT 1048576 MINEXTENTS 1 MAXEXTENTS 2147483645
  PCTINCREASE 0 FREELISTS 1 FREELIST GROUPS 1
  BUFFER_POOL DEFAULT FLASH_CACHE DEFAULT CELL_FLASH_CACHE DEFAULT)
  TABLESPACE "USERS" ;
--------------------------------------------------------
--  DDL for Index USERS_PK
--------------------------------------------------------

  CREATE UNIQUE INDEX "SYSTEM"."USERS_PK" ON "SYSTEM"."USERS" ("USER_ID") 
  PCTFREE 10 INITRANS 2 MAXTRANS 255 COMPUTE STATISTICS 
  STORAGE(INITIAL 65536 NEXT 1048576 MINEXTENTS 1 MAXEXTENTS 2147483645
  PCTINCREASE 0 FREELISTS 1 FREELIST GROUPS 1
  BUFFER_POOL DEFAULT FLASH_CACHE DEFAULT CELL_FLASH_CACHE DEFAULT)
  TABLESPACE "USERS" ;
--------------------------------------------------------
--  DDL for Index IDX_USERS_CREATED_AT_YEAR
--------------------------------------------------------

  CREATE INDEX "SYSTEM"."IDX_USERS_CREATED_AT_YEAR" ON "SYSTEM"."USERS" (EXTRACT(YEAR FROM "CREATED_AT")) 
  PCTFREE 10 INITRANS 2 MAXTRANS 255 COMPUTE STATISTICS 
  STORAGE(INITIAL 65536 NEXT 1048576 MINEXTENTS 1 MAXEXTENTS 2147483645
  PCTINCREASE 0 FREELISTS 1 FREELIST GROUPS 1
  BUFFER_POOL DEFAULT FLASH_CACHE DEFAULT CELL_FLASH_CACHE DEFAULT)
  TABLESPACE "USERS" ;
--------------------------------------------------------
--  DDL for Index IDX_USERS_CREATED_AT_MONTH
--------------------------------------------------------

  CREATE INDEX "SYSTEM"."IDX_USERS_CREATED_AT_MONTH" ON "SYSTEM"."USERS" (EXTRACT(MONTH FROM "CREATED_AT")) 
  PCTFREE 10 INITRANS 2 MAXTRANS 255 COMPUTE STATISTICS 
  STORAGE(INITIAL 65536 NEXT 1048576 MINEXTENTS 1 MAXEXTENTS 2147483645
  PCTINCREASE 0 FREELISTS 1 FREELIST GROUPS 1
  BUFFER_POOL DEFAULT FLASH_CACHE DEFAULT CELL_FLASH_CACHE DEFAULT)
  TABLESPACE "USERS" ;
--------------------------------------------------------
--  DDL for Index IDX_USERS_CREATED_AT_HOUR
--------------------------------------------------------

  CREATE INDEX "SYSTEM"."IDX_USERS_CREATED_AT_HOUR" ON "SYSTEM"."USERS" (EXTRACT(HOUR FROM "CREATED_AT")) 
  PCTFREE 10 INITRANS 2 MAXTRANS 255 COMPUTE STATISTICS 
  STORAGE(INITIAL 65536 NEXT 1048576 MINEXTENTS 1 MAXEXTENTS 2147483645
  PCTINCREASE 0 FREELISTS 1 FREELIST GROUPS 1
  BUFFER_POOL DEFAULT FLASH_CACHE DEFAULT CELL_FLASH_CACHE DEFAULT)
  TABLESPACE "USERS" ;
--------------------------------------------------------
--  DDL for Index IDX_USERS_NICKNAME
--------------------------------------------------------

  CREATE INDEX "SYSTEM"."IDX_USERS_NICKNAME" ON "SYSTEM"."USERS" ("NICKNAME") 
  PCTFREE 10 INITRANS 2 MAXTRANS 255 COMPUTE STATISTICS 
  STORAGE(INITIAL 65536 NEXT 1048576 MINEXTENTS 1 MAXEXTENTS 2147483645
  PCTINCREASE 0 FREELISTS 1 FREELIST GROUPS 1
  BUFFER_POOL DEFAULT FLASH_CACHE DEFAULT CELL_FLASH_CACHE DEFAULT)
  TABLESPACE "USERS" ;
--------------------------------------------------------
--  DDL for Index IDX_USERS_EMAIL
--------------------------------------------------------

  CREATE INDEX "SYSTEM"."IDX_USERS_EMAIL" ON "SYSTEM"."USERS" ("EMAIL") 
  PCTFREE 10 INITRANS 2 MAXTRANS 255 COMPUTE STATISTICS 
  STORAGE(INITIAL 65536 NEXT 1048576 MINEXTENTS 1 MAXEXTENTS 2147483645
  PCTINCREASE 0 FREELISTS 1 FREELIST GROUPS 1
  BUFFER_POOL DEFAULT FLASH_CACHE DEFAULT CELL_FLASH_CACHE DEFAULT)
  TABLESPACE "USERS" ;
--------------------------------------------------------
--  DDL for Index IDX_USERS_ADDRESS
--------------------------------------------------------

  CREATE INDEX "SYSTEM"."IDX_USERS_ADDRESS" ON "SYSTEM"."USERS" ("ADDRESS") 
  PCTFREE 10 INITRANS 2 MAXTRANS 255 COMPUTE STATISTICS 
  STORAGE(INITIAL 65536 NEXT 1048576 MINEXTENTS 1 MAXEXTENTS 2147483645
  PCTINCREASE 0 FREELISTS 1 FREELIST GROUPS 1
  BUFFER_POOL DEFAULT FLASH_CACHE DEFAULT CELL_FLASH_CACHE DEFAULT)
  TABLESPACE "USERS" ;
--------------------------------------------------------
--  DDL for Index VET_REVIEW_PK
--------------------------------------------------------

  CREATE UNIQUE INDEX "SYSTEM"."VET_REVIEW_PK" ON "SYSTEM"."VET_ANSWER" ("REVIEW_ID") 
  PCTFREE 10 INITRANS 2 MAXTRANS 255 COMPUTE STATISTICS 
  STORAGE(INITIAL 65536 NEXT 1048576 MINEXTENTS 1 MAXEXTENTS 2147483645
  PCTINCREASE 0 FREELISTS 1 FREELIST GROUPS 1
  BUFFER_POOL DEFAULT FLASH_CACHE DEFAULT CELL_FLASH_CACHE DEFAULT)
  TABLESPACE "USERS" ;
--------------------------------------------------------
--  DDL for Index IDX_VETERINARIAN_SEARCH
--------------------------------------------------------

  CREATE INDEX "SYSTEM"."IDX_VETERINARIAN_SEARCH" ON "SYSTEM"."VETERINARIAN" ("USER_ID", "VET_NAME", "VET_NICKNAME") 
  PCTFREE 10 INITRANS 2 MAXTRANS 255 COMPUTE STATISTICS 
  STORAGE(INITIAL 65536 NEXT 1048576 MINEXTENTS 1 MAXEXTENTS 2147483645
  PCTINCREASE 0 FREELISTS 1 FREELIST GROUPS 1
  BUFFER_POOL DEFAULT FLASH_CACHE DEFAULT CELL_FLASH_CACHE DEFAULT)
  TABLESPACE "USERS" ;
--------------------------------------------------------
--  DDL for Index SYS_C006386
--------------------------------------------------------

  CREATE UNIQUE INDEX "SYSTEM"."SYS_C006386" ON "SYSTEM"."VISIT_LOG" ("VISIT_ID") 
  PCTFREE 10 INITRANS 2 MAXTRANS 255 COMPUTE STATISTICS 
  STORAGE(INITIAL 65536 NEXT 1048576 MINEXTENTS 1 MAXEXTENTS 2147483645
  PCTINCREASE 0 FREELISTS 1 FREELIST GROUPS 1
  BUFFER_POOL DEFAULT FLASH_CACHE DEFAULT CELL_FLASH_CACHE DEFAULT)
  TABLESPACE "USERS" ;
--------------------------------------------------------
--  DDL for Index IDX_VISITLOG_ACCESSTIME
--------------------------------------------------------

  CREATE INDEX "SYSTEM"."IDX_VISITLOG_ACCESSTIME" ON "SYSTEM"."VISIT_LOG" ("ACCESS_TIME") 
  PCTFREE 10 INITRANS 2 MAXTRANS 255 COMPUTE STATISTICS 
  STORAGE(INITIAL 65536 NEXT 1048576 MINEXTENTS 1 MAXEXTENTS 2147483645
  PCTINCREASE 0 FREELISTS 1 FREELIST GROUPS 1
  BUFFER_POOL DEFAULT FLASH_CACHE DEFAULT CELL_FLASH_CACHE DEFAULT)
  TABLESPACE "USERS" ;
--------------------------------------------------------
--  DDL for Index IDX_VISITLOG_HOUR
--------------------------------------------------------

  CREATE INDEX "SYSTEM"."IDX_VISITLOG_HOUR" ON "SYSTEM"."VISIT_LOG" (EXTRACT(HOUR FROM "ACCESS_TIME")) 
  PCTFREE 10 INITRANS 2 MAXTRANS 255 COMPUTE STATISTICS 
  STORAGE(INITIAL 65536 NEXT 1048576 MINEXTENTS 1 MAXEXTENTS 2147483645
  PCTINCREASE 0 FREELISTS 1 FREELIST GROUPS 1
  BUFFER_POOL DEFAULT FLASH_CACHE DEFAULT CELL_FLASH_CACHE DEFAULT)
  TABLESPACE "USERS" ;
--------------------------------------------------------
--  DDL for Index IDX_VISITLOG_MONTH
--------------------------------------------------------

  CREATE INDEX "SYSTEM"."IDX_VISITLOG_MONTH" ON "SYSTEM"."VISIT_LOG" (EXTRACT(MONTH FROM "ACCESS_TIME")) 
  PCTFREE 10 INITRANS 2 MAXTRANS 255 COMPUTE STATISTICS 
  STORAGE(INITIAL 65536 NEXT 1048576 MINEXTENTS 1 MAXEXTENTS 2147483645
  PCTINCREASE 0 FREELISTS 1 FREELIST GROUPS 1
  BUFFER_POOL DEFAULT FLASH_CACHE DEFAULT CELL_FLASH_CACHE DEFAULT)
  TABLESPACE "USERS" ;
--------------------------------------------------------
--  DDL for Index IDX_VISITLOG_YEAR
--------------------------------------------------------

  CREATE INDEX "SYSTEM"."IDX_VISITLOG_YEAR" ON "SYSTEM"."VISIT_LOG" (EXTRACT(YEAR FROM "ACCESS_TIME")) 
  PCTFREE 10 INITRANS 2 MAXTRANS 255 COMPUTE STATISTICS 
  STORAGE(INITIAL 65536 NEXT 1048576 MINEXTENTS 1 MAXEXTENTS 2147483645
  PCTINCREASE 0 FREELISTS 1 FREELIST GROUPS 1
  BUFFER_POOL DEFAULT FLASH_CACHE DEFAULT CELL_FLASH_CACHE DEFAULT)
  TABLESPACE "USERS" ;
--------------------------------------------------------
--  Constraints for Table ANIMAL_HOSPITAL_INFO
--------------------------------------------------------

  ALTER TABLE "SYSTEM"."ANIMAL_HOSPITAL_INFO" MODIFY ("HOSPITAL_NO" NOT NULL ENABLE);
  ALTER TABLE "SYSTEM"."ANIMAL_HOSPITAL_INFO" ADD CONSTRAINT "ANIMAL_HOSPITAL_INFO_PK" PRIMARY KEY ("HOSPITAL_NO")
  USING INDEX PCTFREE 10 INITRANS 2 MAXTRANS 255 COMPUTE STATISTICS 
  STORAGE(INITIAL 65536 NEXT 1048576 MINEXTENTS 1 MAXEXTENTS 2147483645
  PCTINCREASE 0 FREELISTS 1 FREELIST GROUPS 1
  BUFFER_POOL DEFAULT FLASH_CACHE DEFAULT CELL_FLASH_CACHE DEFAULT)
  TABLESPACE "USERS"  ENABLE;
--------------------------------------------------------
--  Constraints for Table CART_ITEM
--------------------------------------------------------

  ALTER TABLE "SYSTEM"."CART_ITEM" MODIFY ("QUANTITY" NOT NULL ENABLE);
--------------------------------------------------------
--  Constraints for Table CATEGORY_MENU
--------------------------------------------------------

  ALTER TABLE "SYSTEM"."CATEGORY_MENU" MODIFY ("CATEGORY_NAME" NOT NULL ENABLE);
  ALTER TABLE "SYSTEM"."CATEGORY_MENU" MODIFY ("CATEGORY_ID" NOT NULL ENABLE);
  ALTER TABLE "SYSTEM"."CATEGORY_MENU" ADD CONSTRAINT "CATEGORY_MENU_PK" PRIMARY KEY ("CATEGORY_ID")
  USING INDEX PCTFREE 10 INITRANS 2 MAXTRANS 255 COMPUTE STATISTICS 
  STORAGE(INITIAL 65536 NEXT 1048576 MINEXTENTS 1 MAXEXTENTS 2147483645
  PCTINCREASE 0 FREELISTS 1 FREELIST GROUPS 1
  BUFFER_POOL DEFAULT FLASH_CACHE DEFAULT CELL_FLASH_CACHE DEFAULT)
  TABLESPACE "USERS"  ENABLE;
--------------------------------------------------------
--  Constraints for Table COUPON
--------------------------------------------------------

  ALTER TABLE "SYSTEM"."COUPON" MODIFY ("SERIAL_NUMBER" NOT NULL ENABLE);
  ALTER TABLE "SYSTEM"."COUPON" MODIFY ("COUPON_NAME" NOT NULL ENABLE);
  ALTER TABLE "SYSTEM"."COUPON" MODIFY ("EXPIRATION_DATE" NOT NULL ENABLE);
  ALTER TABLE "SYSTEM"."COUPON" MODIFY ("DISCOUNT_RATE" NOT NULL ENABLE);
--------------------------------------------------------
--  Constraints for Table DONATION_CENTER
--------------------------------------------------------

  ALTER TABLE "SYSTEM"."DONATION_CENTER" MODIFY ("CENTER_NAME" NOT NULL ENABLE);
--------------------------------------------------------
--  Constraints for Table DONATION_HISTORY
--------------------------------------------------------

  ALTER TABLE "SYSTEM"."DONATION_HISTORY" MODIFY ("CENTER_ID" NOT NULL ENABLE);
  ALTER TABLE "SYSTEM"."DONATION_HISTORY" MODIFY ("AMOUNT" NOT NULL ENABLE);
  ALTER TABLE "SYSTEM"."DONATION_HISTORY" MODIFY ("DONATION_ID" NOT NULL ENABLE);
--------------------------------------------------------
--  Constraints for Table FAVORITES
--------------------------------------------------------

  ALTER TABLE "SYSTEM"."FAVORITES" MODIFY ("FAVORITE_ID" NOT NULL ENABLE);
--------------------------------------------------------
--  Constraints for Table FREE_BOARD
--------------------------------------------------------

  ALTER TABLE "SYSTEM"."FREE_BOARD" MODIFY ("BOARD_ID" NOT NULL ENABLE);
  ALTER TABLE "SYSTEM"."FREE_BOARD" MODIFY ("TITLE" NOT NULL ENABLE);
  ALTER TABLE "SYSTEM"."FREE_BOARD" MODIFY ("CONTENT" NOT NULL ENABLE);
  ALTER TABLE "SYSTEM"."FREE_BOARD" MODIFY ("USER_ID" NOT NULL ENABLE);
  ALTER TABLE "SYSTEM"."FREE_BOARD" ADD CONSTRAINT "FREE_BOARD_PK" PRIMARY KEY ("BOARD_ID")
  USING INDEX PCTFREE 10 INITRANS 2 MAXTRANS 255 COMPUTE STATISTICS 
  STORAGE(INITIAL 65536 NEXT 1048576 MINEXTENTS 1 MAXEXTENTS 2147483645
  PCTINCREASE 0 FREELISTS 1 FREELIST GROUPS 1
  BUFFER_POOL DEFAULT FLASH_CACHE DEFAULT CELL_FLASH_CACHE DEFAULT)
  TABLESPACE "USERS"  ENABLE;
--------------------------------------------------------
--  Constraints for Table FREE_BOARD_COMMENT
--------------------------------------------------------

  ALTER TABLE "SYSTEM"."FREE_BOARD_COMMENT" MODIFY ("COMMENT_ID" NOT NULL ENABLE);
  ALTER TABLE "SYSTEM"."FREE_BOARD_COMMENT" MODIFY ("BOARD_ID" NOT NULL ENABLE);
  ALTER TABLE "SYSTEM"."FREE_BOARD_COMMENT" MODIFY ("USER_ID" NOT NULL ENABLE);
  ALTER TABLE "SYSTEM"."FREE_BOARD_COMMENT" MODIFY ("CONTENT" NOT NULL ENABLE);
  ALTER TABLE "SYSTEM"."FREE_BOARD_COMMENT" ADD CONSTRAINT "FREE_BOARD_COMMENT_PK" PRIMARY KEY ("COMMENT_ID")
  USING INDEX PCTFREE 10 INITRANS 2 MAXTRANS 255 COMPUTE STATISTICS 
  STORAGE(INITIAL 65536 NEXT 1048576 MINEXTENTS 1 MAXEXTENTS 2147483645
  PCTINCREASE 0 FREELISTS 1 FREELIST GROUPS 1
  BUFFER_POOL DEFAULT FLASH_CACHE DEFAULT CELL_FLASH_CACHE DEFAULT)
  TABLESPACE "USERS"  ENABLE;
--------------------------------------------------------
--  Constraints for Table FREE_BOARD_FILE
--------------------------------------------------------

  ALTER TABLE "SYSTEM"."FREE_BOARD_FILE" MODIFY ("BOARD_ID" NOT NULL ENABLE);
  ALTER TABLE "SYSTEM"."FREE_BOARD_FILE" MODIFY ("FILE_NAME" NOT NULL ENABLE);
  ALTER TABLE "SYSTEM"."FREE_BOARD_FILE" MODIFY ("FILE_PATH" NOT NULL ENABLE);
  ALTER TABLE "SYSTEM"."FREE_BOARD_FILE" MODIFY ("ORIGINAL_NAME" NOT NULL ENABLE);
  ALTER TABLE "SYSTEM"."FREE_BOARD_FILE" MODIFY ("FILE_EXT" NOT NULL ENABLE);
  ALTER TABLE "SYSTEM"."FREE_BOARD_FILE" MODIFY ("FILE_SIZE" NOT NULL ENABLE);
--------------------------------------------------------
--  Constraints for Table FREE_BOARD_LIKE_LOG
--------------------------------------------------------

  ALTER TABLE "SYSTEM"."FREE_BOARD_LIKE_LOG" MODIFY ("BOARD_ID" NOT NULL ENABLE);
  ALTER TABLE "SYSTEM"."FREE_BOARD_LIKE_LOG" MODIFY ("USER_ID" NOT NULL ENABLE);
  ALTER TABLE "SYSTEM"."FREE_BOARD_LIKE_LOG" ADD CHECK (status IN ('like', 'dislike')) ENABLE;
--------------------------------------------------------
--  Constraints for Table MEMBERSHIP
--------------------------------------------------------

  ALTER TABLE "SYSTEM"."MEMBERSHIP" MODIFY ("MEMBERSHIP_ID" NOT NULL ENABLE);
--------------------------------------------------------
--  Constraints for Table NOTICES_BOARD
--------------------------------------------------------

  ALTER TABLE "SYSTEM"."NOTICES_BOARD" MODIFY ("BOARD_ID" NOT NULL ENABLE);
  ALTER TABLE "SYSTEM"."NOTICES_BOARD" MODIFY ("TITLE" NOT NULL ENABLE);
  ALTER TABLE "SYSTEM"."NOTICES_BOARD" MODIFY ("CONTENT" NOT NULL ENABLE);
--------------------------------------------------------
--  Constraints for Table NOTICES_BOARD_FILE
--------------------------------------------------------

  ALTER TABLE "SYSTEM"."NOTICES_BOARD_FILE" MODIFY ("FILE_NAME" NOT NULL ENABLE);
  ALTER TABLE "SYSTEM"."NOTICES_BOARD_FILE" MODIFY ("FILE_PATH" NOT NULL ENABLE);
  ALTER TABLE "SYSTEM"."NOTICES_BOARD_FILE" MODIFY ("ORIGINAL_NAME" NOT NULL ENABLE);
  ALTER TABLE "SYSTEM"."NOTICES_BOARD_FILE" MODIFY ("FILE_EXT" NOT NULL ENABLE);
  ALTER TABLE "SYSTEM"."NOTICES_BOARD_FILE" MODIFY ("FILE_SIZE" NOT NULL ENABLE);
  ALTER TABLE "SYSTEM"."NOTICES_BOARD_FILE" MODIFY ("BOARD_ID" NOT NULL ENABLE);
--------------------------------------------------------
--  Constraints for Table NOTIFICATIONS
--------------------------------------------------------

  ALTER TABLE "SYSTEM"."NOTIFICATIONS" ADD PRIMARY KEY ("ID")
  USING INDEX PCTFREE 10 INITRANS 2 MAXTRANS 255 COMPUTE STATISTICS 
  STORAGE(INITIAL 65536 NEXT 1048576 MINEXTENTS 1 MAXEXTENTS 2147483645
  PCTINCREASE 0 FREELISTS 1 FREELIST GROUPS 1
  BUFFER_POOL DEFAULT FLASH_CACHE DEFAULT CELL_FLASH_CACHE DEFAULT)
  TABLESPACE "USERS"  ENABLE;
--------------------------------------------------------
--  Constraints for Table ORDER_DETAILS
--------------------------------------------------------

  ALTER TABLE "SYSTEM"."ORDER_DETAILS" MODIFY ("PRODUCT_ID" NOT NULL ENABLE);
  ALTER TABLE "SYSTEM"."ORDER_DETAILS" MODIFY ("QUANTITY" NOT NULL ENABLE);
  ALTER TABLE "SYSTEM"."ORDER_DETAILS" MODIFY ("PRICE" NOT NULL ENABLE);
  ALTER TABLE "SYSTEM"."ORDER_DETAILS" MODIFY ("ORDER_DETAIL_ID" NOT NULL ENABLE);
  ALTER TABLE "SYSTEM"."ORDER_DETAILS" ADD CONSTRAINT "ORDER_DETAILS_PK" PRIMARY KEY ("ORDER_DETAIL_ID")
  USING INDEX PCTFREE 10 INITRANS 2 MAXTRANS 255 COMPUTE STATISTICS 
  STORAGE(INITIAL 65536 NEXT 1048576 MINEXTENTS 1 MAXEXTENTS 2147483645
  PCTINCREASE 0 FREELISTS 1 FREELIST GROUPS 1
  BUFFER_POOL DEFAULT FLASH_CACHE DEFAULT CELL_FLASH_CACHE DEFAULT)
  TABLESPACE "USERS"  ENABLE;
--------------------------------------------------------
--  Constraints for Table ORDERS
--------------------------------------------------------

  ALTER TABLE "SYSTEM"."ORDERS" MODIFY ("TOTAL_PRICE" NOT NULL ENABLE);
  ALTER TABLE "SYSTEM"."ORDERS" MODIFY ("ORDER_ID" NOT NULL ENABLE);
  ALTER TABLE "SYSTEM"."ORDERS" ADD CONSTRAINT "ORDERS_PK" PRIMARY KEY ("ORDER_ID")
  USING INDEX PCTFREE 10 INITRANS 2 MAXTRANS 255 COMPUTE STATISTICS 
  STORAGE(INITIAL 65536 NEXT 1048576 MINEXTENTS 1 MAXEXTENTS 2147483645
  PCTINCREASE 0 FREELISTS 1 FREELIST GROUPS 1
  BUFFER_POOL DEFAULT FLASH_CACHE DEFAULT CELL_FLASH_CACHE DEFAULT)
  TABLESPACE "USERS"  ENABLE;
--------------------------------------------------------
--  Constraints for Table PARTNER
--------------------------------------------------------

  ALTER TABLE "SYSTEM"."PARTNER" MODIFY ("SELLER_ID" NOT NULL ENABLE);
--------------------------------------------------------
--  Constraints for Table PARTNER_DETAIL
--------------------------------------------------------

  ALTER TABLE "SYSTEM"."PARTNER_DETAIL" MODIFY ("NAME" NOT NULL ENABLE);
  ALTER TABLE "SYSTEM"."PARTNER_DETAIL" MODIFY ("ADDRESS" NOT NULL ENABLE);
  ALTER TABLE "SYSTEM"."PARTNER_DETAIL" MODIFY ("CATEGORY_CODE" NOT NULL ENABLE);
--------------------------------------------------------
--  Constraints for Table PAYMENT
--------------------------------------------------------

  ALTER TABLE "SYSTEM"."PAYMENT" MODIFY ("PAYMENT_CODE" NOT NULL ENABLE);
  ALTER TABLE "SYSTEM"."PAYMENT" MODIFY ("DESCRIPTION" NOT NULL ENABLE);
  ALTER TABLE "SYSTEM"."PAYMENT" MODIFY ("AMOUNT" NOT NULL ENABLE);
  ALTER TABLE "SYSTEM"."PAYMENT" MODIFY ("PAYMENT_METHOD" NOT NULL ENABLE);
  ALTER TABLE "SYSTEM"."PAYMENT" MODIFY ("PAYMENT_ID" NOT NULL ENABLE);
--------------------------------------------------------
--  Constraints for Table POINT
--------------------------------------------------------

  ALTER TABLE "SYSTEM"."POINT" MODIFY ("USE_POINT" NOT NULL ENABLE);
  ALTER TABLE "SYSTEM"."POINT" MODIFY ("CURRENT_POINT" NOT NULL ENABLE);
--------------------------------------------------------
--  Constraints for Table PRODUCT
--------------------------------------------------------

  ALTER TABLE "SYSTEM"."PRODUCT" MODIFY ("PRODUCT_ID" NOT NULL ENABLE);
  ALTER TABLE "SYSTEM"."PRODUCT" ADD CONSTRAINT "PRODUCT_PK" PRIMARY KEY ("PRODUCT_ID")
  USING INDEX PCTFREE 10 INITRANS 2 MAXTRANS 255 COMPUTE STATISTICS 
  STORAGE(INITIAL 65536 NEXT 1048576 MINEXTENTS 1 MAXEXTENTS 2147483645
  PCTINCREASE 0 FREELISTS 1 FREELIST GROUPS 1
  BUFFER_POOL DEFAULT FLASH_CACHE DEFAULT CELL_FLASH_CACHE DEFAULT)
  TABLESPACE "USERS"  ENABLE;
  ALTER TABLE "SYSTEM"."PRODUCT" MODIFY ("PRODUCT_NAME" NOT NULL ENABLE);
  ALTER TABLE "SYSTEM"."PRODUCT" MODIFY ("PRICE" NOT NULL ENABLE);
--------------------------------------------------------
--  Constraints for Table PRODUCT_FILE
--------------------------------------------------------

  ALTER TABLE "SYSTEM"."PRODUCT_FILE" MODIFY ("PRODUCT_ID" NOT NULL ENABLE);
  ALTER TABLE "SYSTEM"."PRODUCT_FILE" MODIFY ("FILEPATH" NOT NULL ENABLE);
  ALTER TABLE "SYSTEM"."PRODUCT_FILE" MODIFY ("FILENAME" NOT NULL ENABLE);
  ALTER TABLE "SYSTEM"."PRODUCT_FILE" ADD CHECK (THUMBNAIL IN ('Y', 'N')) ENABLE;
  ALTER TABLE "SYSTEM"."PRODUCT_FILE" ADD PRIMARY KEY ("FILE_ID")
  USING INDEX PCTFREE 10 INITRANS 2 MAXTRANS 255 COMPUTE STATISTICS 
  STORAGE(INITIAL 65536 NEXT 1048576 MINEXTENTS 1 MAXEXTENTS 2147483645
  PCTINCREASE 0 FREELISTS 1 FREELIST GROUPS 1
  BUFFER_POOL DEFAULT FLASH_CACHE DEFAULT CELL_FLASH_CACHE DEFAULT)
  TABLESPACE "USERS"  ENABLE;
--------------------------------------------------------
--  Constraints for Table PRODUCT_QNA
--------------------------------------------------------

  ALTER TABLE "SYSTEM"."PRODUCT_QNA" MODIFY ("PRODUCT_ID" NOT NULL ENABLE);
  ALTER TABLE "SYSTEM"."PRODUCT_QNA" MODIFY ("USER_ID" NOT NULL ENABLE);
  ALTER TABLE "SYSTEM"."PRODUCT_QNA" MODIFY ("TITLE" NOT NULL ENABLE);
  ALTER TABLE "SYSTEM"."PRODUCT_QNA" MODIFY ("QUESTION_TEXT" NOT NULL ENABLE);
  ALTER TABLE "SYSTEM"."PRODUCT_QNA" ADD PRIMARY KEY ("QNA_ID")
  USING INDEX PCTFREE 10 INITRANS 2 MAXTRANS 255 COMPUTE STATISTICS 
  STORAGE(INITIAL 65536 NEXT 1048576 MINEXTENTS 1 MAXEXTENTS 2147483645
  PCTINCREASE 0 FREELISTS 1 FREELIST GROUPS 1
  BUFFER_POOL DEFAULT FLASH_CACHE DEFAULT CELL_FLASH_CACHE DEFAULT)
  TABLESPACE "USERS"  ENABLE;
--------------------------------------------------------
--  Constraints for Table REVIEW_FILE
--------------------------------------------------------

  ALTER TABLE "SYSTEM"."REVIEW_FILE" MODIFY ("REVIEW_ID" NOT NULL ENABLE);
  ALTER TABLE "SYSTEM"."REVIEW_FILE" ADD PRIMARY KEY ("FILENO")
  USING INDEX PCTFREE 10 INITRANS 2 MAXTRANS 255 COMPUTE STATISTICS 
  STORAGE(INITIAL 65536 NEXT 1048576 MINEXTENTS 1 MAXEXTENTS 2147483645
  PCTINCREASE 0 FREELISTS 1 FREELIST GROUPS 1
  BUFFER_POOL DEFAULT FLASH_CACHE DEFAULT CELL_FLASH_CACHE DEFAULT)
  TABLESPACE "USERS"  ENABLE;
--------------------------------------------------------
--  Constraints for Table REVIEW_HELP_LOG
--------------------------------------------------------

  ALTER TABLE "SYSTEM"."REVIEW_HELP_LOG" ADD PRIMARY KEY ("REVIEW_ID", "USER_ID")
  USING INDEX PCTFREE 10 INITRANS 2 MAXTRANS 255 COMPUTE STATISTICS 
  STORAGE(INITIAL 65536 NEXT 1048576 MINEXTENTS 1 MAXEXTENTS 2147483645
  PCTINCREASE 0 FREELISTS 1 FREELIST GROUPS 1
  BUFFER_POOL DEFAULT FLASH_CACHE DEFAULT CELL_FLASH_CACHE DEFAULT)
  TABLESPACE "USERS"  ENABLE;
--------------------------------------------------------
--  Constraints for Table SEARCH_HISTORY
--------------------------------------------------------

  ALTER TABLE "SYSTEM"."SEARCH_HISTORY" MODIFY ("SEARCH_TERM" NOT NULL ENABLE);
  ALTER TABLE "SYSTEM"."SEARCH_HISTORY" ADD PRIMARY KEY ("ID")
  USING INDEX PCTFREE 10 INITRANS 2 MAXTRANS 255 COMPUTE STATISTICS 
  STORAGE(INITIAL 65536 NEXT 1048576 MINEXTENTS 1 MAXEXTENTS 2147483645
  PCTINCREASE 0 FREELISTS 1 FREELIST GROUPS 1
  BUFFER_POOL DEFAULT FLASH_CACHE DEFAULT CELL_FLASH_CACHE DEFAULT)
  TABLESPACE "USERS"  ENABLE;
--------------------------------------------------------
--  Constraints for Table USERS
--------------------------------------------------------

  ALTER TABLE "SYSTEM"."USERS" MODIFY ("USERNAME" NOT NULL ENABLE);
  ALTER TABLE "SYSTEM"."USERS" MODIFY ("PASSWORD" NOT NULL ENABLE);
  ALTER TABLE "SYSTEM"."USERS" MODIFY ("NICKNAME" NOT NULL ENABLE);
  ALTER TABLE "SYSTEM"."USERS" MODIFY ("USER_ID" NOT NULL ENABLE);
  ALTER TABLE "SYSTEM"."USERS" MODIFY ("ROLE" NOT NULL ENABLE);
  ALTER TABLE "SYSTEM"."USERS" MODIFY ("AGREE_YN" NOT NULL ENABLE);
  ALTER TABLE "SYSTEM"."USERS" ADD CONSTRAINT "USERS_PK" PRIMARY KEY ("USER_ID")
  USING INDEX PCTFREE 10 INITRANS 2 MAXTRANS 255 COMPUTE STATISTICS 
  STORAGE(INITIAL 65536 NEXT 1048576 MINEXTENTS 1 MAXEXTENTS 2147483645
  PCTINCREASE 0 FREELISTS 1 FREELIST GROUPS 1
  BUFFER_POOL DEFAULT FLASH_CACHE DEFAULT CELL_FLASH_CACHE DEFAULT)
  TABLESPACE "USERS"  ENABLE;
--------------------------------------------------------
--  Constraints for Table VET_ANSWER
--------------------------------------------------------

  ALTER TABLE "SYSTEM"."VET_ANSWER" MODIFY ("ACCEPTED" NOT NULL ENABLE);
  ALTER TABLE "SYSTEM"."VET_ANSWER" MODIFY ("VET_BOARD_ID" NOT NULL ENABLE);
  ALTER TABLE "SYSTEM"."VET_ANSWER" MODIFY ("RATING" NOT NULL ENABLE);
  ALTER TABLE "SYSTEM"."VET_ANSWER" MODIFY ("REVIEW_ID" NOT NULL ENABLE);
  ALTER TABLE "SYSTEM"."VET_ANSWER" ADD CONSTRAINT "VET_REVIEW_PK" PRIMARY KEY ("REVIEW_ID")
  USING INDEX PCTFREE 10 INITRANS 2 MAXTRANS 255 COMPUTE STATISTICS 
  STORAGE(INITIAL 65536 NEXT 1048576 MINEXTENTS 1 MAXEXTENTS 2147483645
  PCTINCREASE 0 FREELISTS 1 FREELIST GROUPS 1
  BUFFER_POOL DEFAULT FLASH_CACHE DEFAULT CELL_FLASH_CACHE DEFAULT)
  TABLESPACE "USERS"  ENABLE;
--------------------------------------------------------
--  Constraints for Table VET_BOARD
--------------------------------------------------------

  ALTER TABLE "SYSTEM"."VET_BOARD" MODIFY ("TITLE" NOT NULL ENABLE);
  ALTER TABLE "SYSTEM"."VET_BOARD" MODIFY ("CONTENT" NOT NULL ENABLE);
--------------------------------------------------------
--  Constraints for Table VETERINARIAN
--------------------------------------------------------

  ALTER TABLE "SYSTEM"."VETERINARIAN" MODIFY ("VET_ID" NOT NULL ENABLE);
  ALTER TABLE "SYSTEM"."VETERINARIAN" MODIFY ("VET_NAME" NOT NULL ENABLE);
  ALTER TABLE "SYSTEM"."VETERINARIAN" MODIFY ("EMAIL" NOT NULL ENABLE);
--------------------------------------------------------
--  Constraints for Table VISIT_LOG
--------------------------------------------------------

  ALTER TABLE "SYSTEM"."VISIT_LOG" ADD PRIMARY KEY ("VISIT_ID")
  USING INDEX PCTFREE 10 INITRANS 2 MAXTRANS 255 COMPUTE STATISTICS 
  STORAGE(INITIAL 65536 NEXT 1048576 MINEXTENTS 1 MAXEXTENTS 2147483645
  PCTINCREASE 0 FREELISTS 1 FREELIST GROUPS 1
  BUFFER_POOL DEFAULT FLASH_CACHE DEFAULT CELL_FLASH_CACHE DEFAULT)
  TABLESPACE "USERS"  ENABLE;
